total_distance,max_speed,min_speed,speed_std,avg_speed,avg_acceleration,max_acceleration,acceleration_std,num_turns,turn_rate,avg_turn_angle,turn_angle_std,avg_bearing_change,trip_id,start_time,end_time,duration_sec,transport_mode,initial_points,points_removed,pct_points_removed,regular_capped_points,extreme_outliers_removed,speed_cap,trip_summary
0.05662516042259161,6.202273775888856,1.608878064225819,1.7340811741620166,3.87022412768528,0.013033054231283663,0.07488969948917426,0.047353709415921603,0,0.0,13.832328103056058,8.610186986126708,13.832328103056058,subway_cleaned.geojson,2008-11-03 11:02:06,2008-11-03 11:02:51,45.0,subway,9,1,11.11111111111111,0,0,6.94,"
Trip Summary:
- Start: 2008-11-03 11:02:06 at 中关村街道, 海淀区, 北京市, 100098, 中国
- End: 2008-11-03 11:02:51 at 中关村街道, 海淀区, 北京市, 100098, 中国
- Duration: 0 days 00:00:45
- Distance: 0.06 km
- Average Speed: 3.87 km/h
- Average Bearing Change: 13.83°
- Max Speed: 6.20 km/h
- Min Speed: 1.61 km/h
- Speed Variability: 1.73 km/h
- Average Acceleration: 0.01 m/s²
- Max Acceleration: 0.07 m/s²
- Number of Turns: 0
- Turn Rate: 0.00 turns/min
- Average Turn Angle: 13.83°
- Turn Angle Variability: 8.61°
- Transport Mode: subway
    "
6.241616310962354,10.008,0.12300084563506726,2.180203635848762,3.4253042786640333,0.002405027381407288,0.655238722571071,0.06896147902775308,454,4.938361131254532,54.45307295660317,49.73973799969782,54.45307295660317,walk_cleaned.geojson,2008-11-03 13:00:46,2008-11-03 14:35:06,5660.0,walk,824,29,3.5194174757281553,30,28,2.78,"
Trip Summary:
- Start: 2008-11-03 13:00:46 at 中关村南四街, 知春东里社区, 中关村街道, 海淀区, 北京市, 100098, 中国
- End: 2008-11-03 14:35:06 at 中关村街道, 海淀区, 北京市, 100190, 中国
- Duration: 0 days 01:34:20
- Distance: 6.24 km
- Average Speed: 3.43 km/h
- Average Bearing Change: 54.45°
- Max Speed: 10.01 km/h
- Min Speed: 0.12 km/h
- Speed Variability: 2.18 km/h
- Average Acceleration: 0.00 m/s²
- Max Acceleration: 0.66 m/s²
- Number of Turns: 454
- Turn Rate: 4.94 turns/min
- Average Turn Angle: 54.45°
- Turn Angle Variability: 49.74°
- Transport Mode: walk
    "
3.7884750513193515,15.398023581192794,2.0167914579548576,3.263821670527676,10.277240108808764,-0.0027497461371160663,0.022440909900588127,0.017267265814704932,3,0.12211668928086838,13.714271633404724,19.73537213214423,13.714271633404724,bike_cleaned.geojson,2008-03-14 09:05:23,2008-03-14 09:29:58,1475.0,bike,23,1,4.3478260869565215,3,0,6.94,"
Trip Summary:
- Start: 2008-03-14 09:05:23 at 清华大学, 30, 双清路, 东升镇, 海淀区, 北京市, 100084, 中国
- End: 2008-03-14 09:29:58 at 燕港石化, 中关村南四街, 知春东里社区, 中关村街道, 海淀区, 北京市, 100098, 中国
- Duration: 0 days 00:24:35
- Distance: 3.79 km
- Average Speed: 10.28 km/h
- Average Bearing Change: 13.71°
- Max Speed: 15.40 km/h
- Min Speed: 2.02 km/h
- Speed Variability: 3.26 km/h
- Average Acceleration: -0.00 m/s²
- Max Acceleration: 0.02 m/s²
- Number of Turns: 3
- Turn Rate: 0.12 turns/min
- Average Turn Angle: 13.71°
- Turn Angle Variability: 19.74°
- Transport Mode: bike
    "
0.8977314529887126,4.839678672393172,0.8968420099594916,1.0783028628581097,4.320466209043397,0.0001255763586332104,0.004599461204810731,0.0026243081535008905,6,0.45627376425855515,33.89894806439582,28.49708095763532,33.89894806439582,walk_cleaned.geojson,2008-03-14 10:34:51,2008-03-14 10:48:33,822.0,walk,15,1,6.666666666666667,0,0,2.78,"
Trip Summary:
- Start: 2008-03-14 10:34:51 at 麦当劳, 北三环东路, 和平街街道, 朝阳区, 北京市, 100029, 中国
- End: 2008-03-14 10:48:33 at 北京中医药大学（西校区）, 11号, 北三环东路, 和平街街道, 朝阳区, 北京市, 100029, 中国
- Duration: 0 days 00:13:42
- Distance: 0.90 km
- Average Speed: 4.32 km/h
- Average Bearing Change: 33.90°
- Max Speed: 4.84 km/h
- Min Speed: 0.90 km/h
- Speed Variability: 1.08 km/h
- Average Acceleration: 0.00 m/s²
- Max Acceleration: 0.00 m/s²
- Number of Turns: 6
- Turn Rate: 0.46 turns/min
- Average Turn Angle: 33.90°
- Turn Angle Variability: 28.50°
- Transport Mode: walk
    "
1.5746197056211126,21.707923247111005,1.9980404171711816,2.5551514835507514,13.06221853078483,-0.005700593429609795,0.8901080990092296,0.23241643416314095,11,1.6666666666666667,11.83312375306421,12.833776946411101,11.83312375306421,bike_cleaned.geojson,2008-08-02 16:01:11,2008-08-02 16:07:55,404.0,bike,186,5,2.6881720430107525,5,4,6.94,"
Trip Summary:
- Start: 2008-08-02 16:01:11 at 双清路, 东升镇, 海淀区, 北京市, 100084, 中国
- End: 2008-08-02 16:07:55 at 清华大学, 30, 双清路, 东升镇, 海淀区, 北京市, 100084, 中国
- Duration: 0 days 00:06:44
- Distance: 1.57 km
- Average Speed: 13.06 km/h
- Average Bearing Change: 11.83°
- Max Speed: 21.71 km/h
- Min Speed: 2.00 km/h
- Speed Variability: 2.56 km/h
- Average Acceleration: -0.01 m/s²
- Max Acceleration: 0.89 m/s²
- Number of Turns: 11
- Turn Rate: 1.67 turns/min
- Average Turn Angle: 11.83°
- Turn Angle Variability: 12.83°
- Transport Mode: bike
    "
2.200766075817127,39.996,0.25216520889726346,11.553048801816677,15.540958466085877,-0.005855574111480992,1.4439562873257685,0.42269010079768865,38,5.229357798165138,22.272248606870804,33.47721317134318,22.272248606870804,bus_cleaned.geojson,2008-08-02 14:28:27,2008-08-02 14:35:49,442.0,bus,208,4,1.9230769230769231,7,3,11.11,"
Trip Summary:
- Start: 2008-08-02 14:28:27 at 北四环东路, 小关街道, 朝阳区, 北京市, 100012, 中国
- End: 2008-08-02 14:35:49 at 樱花园东街, 太阳宫乡, 朝阳区, 北京市, 100029, 中国
- Duration: 0 days 00:07:22
- Distance: 2.20 km
- Average Speed: 15.54 km/h
- Average Bearing Change: 22.27°
- Max Speed: 40.00 km/h
- Min Speed: 0.25 km/h
- Speed Variability: 11.55 km/h
- Average Acceleration: -0.01 m/s²
- Max Acceleration: 1.44 m/s²
- Number of Turns: 38
- Turn Rate: 5.23 turns/min
- Average Turn Angle: 22.27°
- Turn Angle Variability: 33.48°
- Transport Mode: bus
    "
11.72838580511471,50.004000000000005,0.15372723250244563,16.28576473879711,37.38489920947926,0.003894826487804072,3.101161578799938,0.3501330385676542,32,1.6523235800344234,10.504810004739786,24.901975062347528,10.504810004739786,taxi_cleaned.geojson,2008-08-02 15:32:55,2008-08-02 15:52:29,1174.0,taxi,484,7,1.4462809917355373,212,6,13.89,"
Trip Summary:
- Start: 2008-08-02 15:32:55 at 北土城东路, 小关街道, 太阳宫乡, 朝阳区, 北京市, 100000, 中国
- End: 2008-08-02 15:52:29 at 2nd Place, 1602c, 成府路, 清华园, 中关村街道, 海淀区, 北京市, 100190, 中国
- Duration: 0 days 00:19:34
- Distance: 11.73 km
- Average Speed: 37.38 km/h
- Average Bearing Change: 10.50°
- Max Speed: 50.00 km/h
- Min Speed: 0.15 km/h
- Speed Variability: 16.29 km/h
- Average Acceleration: 0.00 m/s²
- Max Acceleration: 3.10 m/s²
- Number of Turns: 32
- Turn Rate: 1.65 turns/min
- Average Turn Angle: 10.50°
- Turn Angle Variability: 24.90°
- Transport Mode: taxi
    "
8.646679121123599,7.701691118067866,0.11675118037054137,1.8593108585387115,3.76802075449559,-1.867773547670062e-05,0.44235948619538595,0.09723007032607885,75,2.5597269624573378,33.21643532539682,37.35757165896093,33.21643532539682,walk_cleaned.geojson,2008-08-02 15:31:41,2008-08-02 16:00:54,1753.0,walk,223,7,3.1390134529147984,9,6,2.78,"
Trip Summary:
- Start: 2008-08-02 15:31:41 at 北京惠侨饭店, 惠新东街, 小关街道, 朝阳区, 北京市, 100029, 中国
- End: 2008-08-02 16:00:54 at 中国建设银行, 双清路, 东升镇, 海淀区, 北京市, 100084, 中国
- Duration: 0 days 00:29:13
- Distance: 8.65 km
- Average Speed: 3.77 km/h
- Average Bearing Change: 33.22°
- Max Speed: 7.70 km/h
- Min Speed: 0.12 km/h
- Speed Variability: 1.86 km/h
- Average Acceleration: -0.00 m/s²
- Max Acceleration: 0.44 m/s²
- Number of Turns: 75
- Turn Rate: 2.56 turns/min
- Average Turn Angle: 33.22°
- Turn Angle Variability: 37.36°
- Transport Mode: walk
    "
0.21713511121575804,10.19104876886574,0.0,1.8033714693665435,3.5971233369911526,-0.011142741766588448,0.2541297310971688,0.13619113082416023,22,7.857142857142858,30.098611786029316,29.55143455477664,30.098611786029316,bus_cleaned.geojson,2008-11-04 11:37:03,2008-11-04 11:39:57,174.0,bus,68,2,2.941176470588235,0,1,11.11,"
Trip Summary:
- Start: 2008-11-04 11:37:03 at 月坛街道, 首都功能核心区, 西城区, 北京市, 100032, 中国
- End: 2008-11-04 11:39:57 at 月坛街道, 首都功能核心区, 西城区, 北京市, 100032, 中国
- Duration: 0 days 00:02:54
- Distance: 0.22 km
- Average Speed: 3.60 km/h
- Average Bearing Change: 30.10°
- Max Speed: 10.19 km/h
- Min Speed: 0.00 km/h
- Speed Variability: 1.80 km/h
- Average Acceleration: -0.01 m/s²
- Max Acceleration: 0.25 m/s²
- Number of Turns: 22
- Turn Rate: 7.86 turns/min
- Average Turn Angle: 30.10°
- Turn Angle Variability: 29.55°
- Transport Mode: bus
    "
3.9549254704320016,10.008,0.6190270079631153,3.4536465315951292,6.255040915471592,0.0065850012544494945,0.833004481092252,0.20318542956516625,48,9.6,37.92865168804428,44.58882190349841,37.92865168804428,walk_cleaned.geojson,2008-11-04 11:25:10,2008-11-04 11:35:25,615.0,walk,294,159,54.08163265306123,53,158,2.78,"
Trip Summary:
- Start: 2008-11-04 11:25:10 at 白纸坊街道, 首都功能核心区, 西城区, 北京市, 100032, 中国
- End: 2008-11-04 11:35:25 at 天宁寺桥北, 广安门北滨河路, 月坛街道, 首都功能核心区, 西城区, 北京市, 100032, 中国
- Duration: 0 days 00:10:15
- Distance: 3.95 km
- Average Speed: 6.26 km/h
- Average Bearing Change: 37.93°
- Max Speed: 10.01 km/h
- Min Speed: 0.62 km/h
- Speed Variability: 3.45 km/h
- Average Acceleration: 0.01 m/s²
- Max Acceleration: 0.83 m/s²
- Number of Turns: 48
- Turn Rate: 9.60 turns/min
- Average Turn Angle: 37.93°
- Turn Angle Variability: 44.59°
- Transport Mode: walk
    "
5.357674722373968,39.996,1.1753242992304,9.953925507124113,14.519892217360285,0.004055887545621476,0.19924302995822962,0.08680782948005134,9,0.5544147843942505,46.43548060820039,50.72750780317548,46.43548060820039,bus_cleaned.geojson,2007-04-27 14:00:40,2007-04-27 14:18:15,1055.0,bus,27,4,14.814814814814813,3,3,11.11,"
Trip Summary:
- Start: 2007-04-27 14:00:40 at 中关村东路, 知春东里社区, 中关村街道, 海淀区, 北京市, 100098, 中国
- End: 2007-04-27 14:18:15 at 白石桥东, 西直门外大街, 甘家口街道, 海淀区, 北京市, 100835, 中国
- Duration: 0 days 00:17:35
- Distance: 5.36 km
- Average Speed: 14.52 km/h
- Average Bearing Change: 46.44°
- Max Speed: 40.00 km/h
- Min Speed: 1.18 km/h
- Speed Variability: 9.95 km/h
- Average Acceleration: 0.00 m/s²
- Max Acceleration: 0.20 m/s²
- Number of Turns: 9
- Turn Rate: 0.55 turns/min
- Average Turn Angle: 46.44°
- Turn Angle Variability: 50.73°
- Transport Mode: bus
    "
1.3763110956607898,8.59670766686896,1.687607865289377,1.2145219131725618,5.507001510579533,0.00028880579896896,0.06073754782738669,0.016022076680139274,8,0.5211726384364821,15.557232469389657,17.86175900673074,15.557232469389657,walk_cleaned.geojson,2007-04-27 14:19:34,2007-04-27 14:34:23,889.0,walk,45,1,2.2222222222222223,5,0,2.78,"
Trip Summary:
- Start: 2007-04-27 14:19:34 at 西直门外大街, 甘家口街道, 海淀区, 北京市, 100835, 中国
- End: 2007-04-27 14:34:23 at 增光路, 甘家口街道, 海淀区, 北京市, 100835, 中国
- Duration: 0 days 00:14:49
- Distance: 1.38 km
- Average Speed: 5.51 km/h
- Average Bearing Change: 15.56°
- Max Speed: 8.60 km/h
- Min Speed: 1.69 km/h
- Speed Variability: 1.21 km/h
- Average Acceleration: 0.00 m/s²
- Max Acceleration: 0.06 m/s²
- Number of Turns: 8
- Turn Rate: 0.52 turns/min
- Average Turn Angle: 15.56°
- Turn Angle Variability: 17.86°
- Transport Mode: walk
    "
5.189395250730408,23.394669738920175,0.0,4.712800957890198,10.413950144337248,-0.0010064247240675,0.7199753188670521,0.15686196347925088,104,3.3226837060702876,16.467761623767498,25.384576345444703,16.467761623767498,bike_cleaned.geojson,2008-05-16 13:40:00,2008-05-16 14:11:32,1892.0,bike,811,8,0.9864364981504316,10,7,6.94,"
Trip Summary:
- Start: 2008-05-16 13:40:00 at 北京大学, 5号, 颐和园路, 稻香园北社区, 海淀街道, 六郎庄村, 海淀区, 北京市, 100871, 中国
- End: 2008-05-16 14:11:32 at 清华大学, 30, 双清路, 东升镇, 海淀区, 北京市, 100084, 中国
- Duration: 0 days 00:31:32
- Distance: 5.19 km
- Average Speed: 10.41 km/h
- Average Bearing Change: 16.47°
- Max Speed: 23.39 km/h
- Min Speed: 0.00 km/h
- Speed Variability: 4.71 km/h
- Average Acceleration: -0.00 m/s²
- Max Acceleration: 0.72 m/s²
- Number of Turns: 104
- Turn Rate: 3.32 turns/min
- Average Turn Angle: 16.47°
- Turn Angle Variability: 25.38°
- Transport Mode: bike
    "
0.2436480270430772,7.903561142129776,0.5026297266566752,1.9841800911741039,4.182808519924287,-0.0024377150959862715,0.4543221037235304,0.1287846016025338,38,13.10344827586207,36.006432806237335,30.885237370831035,36.006432806237335,walk_cleaned.geojson,2008-05-16 13:59:48,2008-05-16 14:02:46,178.0,walk,87,3,3.4482758620689653,2,2,2.78,"
Trip Summary:
- Start: 2008-05-16 13:59:48 at 成府路, 清华园, 中关村街道, 海淀区, 北京市, 100190, 中国
- End: 2008-05-16 14:02:46 at 清华大学五道口金融学院, 43, 成府路, 东升镇, 海淀区, 北京市, 100190, 中国
- Duration: 0 days 00:02:58
- Distance: 0.24 km
- Average Speed: 4.18 km/h
- Average Bearing Change: 36.01°
- Max Speed: 7.90 km/h
- Min Speed: 0.50 km/h
- Speed Variability: 1.98 km/h
- Average Acceleration: -0.00 m/s²
- Max Acceleration: 0.45 m/s²
- Number of Turns: 38
- Turn Rate: 13.10 turns/min
- Average Turn Angle: 36.01°
- Turn Angle Variability: 30.89°
- Transport Mode: walk
    "
0.05292008341352811,10.008,3.667658354340818,2.327160572855137,5.4561206306745715,-0.02821980979980279,0.6516662711395553,0.39490553717303556,8,26.666666666666668,46.749445833644565,47.84955858082518,46.749445833644565,walk_cleaned.geojson,2008-06-17 08:20:47,2008-06-17 08:21:18,31.0,walk,21,2,9.523809523809524,3,1,2.78,"
Trip Summary:
- Start: 2008-06-17 08:20:47 at 希格玛大厦, 知春路, 中关村街道, 海淀区, 北京市, 100098, 中国
- End: 2008-06-17 08:21:18 at 希格玛大厦, 知春路, 中关村街道, 海淀区, 北京市, 100098, 中国
- Duration: 0 days 00:00:31
- Distance: 0.05 km
- Average Speed: 5.46 km/h
- Average Bearing Change: 46.75°
- Max Speed: 10.01 km/h
- Min Speed: 3.67 km/h
- Speed Variability: 2.33 km/h
- Average Acceleration: -0.03 m/s²
- Max Acceleration: 0.65 m/s²
- Number of Turns: 8
- Turn Rate: 26.67 turns/min
- Average Turn Angle: 46.75°
- Turn Angle Variability: 47.85°
- Transport Mode: walk
    "
3.8658161927767343,23.676541556574957,12.121422224426006,1.9520466587509242,17.41922054758586,-0.008472325145673627,0.9605284480465077,0.1507217493356577,6,0.46272493573264784,5.955141256092801,6.934893515128646,5.955141256092801,bike_cleaned.geojson,2008-05-15 16:20:07,2008-05-15 16:33:21,794.0,bike,348,9,2.586206896551724,11,8,6.94,"
Trip Summary:
- Start: 2008-05-15 16:20:07 at 星规路, 知春东里社区, 中关村街道, 海淀区, 北京市, 100098, 中国
- End: 2008-05-15 16:33:21 at 清华大学, 30, 双清路, 东升镇, 海淀区, 北京市, 100084, 中国
- Duration: 0 days 00:13:14
- Distance: 3.87 km
- Average Speed: 17.42 km/h
- Average Bearing Change: 5.96°
- Max Speed: 23.68 km/h
- Min Speed: 12.12 km/h
- Speed Variability: 1.95 km/h
- Average Acceleration: -0.01 m/s²
- Max Acceleration: 0.96 m/s²
- Number of Turns: 6
- Turn Rate: 0.46 turns/min
- Average Turn Angle: 5.96°
- Turn Angle Variability: 6.93°
- Transport Mode: bike
    "
0.2544582713397003,10.008,2.141384001329922,2.316569079800593,6.939265133557418,-9.203999314719585e-05,0.6654397832434207,0.1738563411275555,22,11.68141592920354,32.36116874411152,27.050256823206514,32.36116874411152,walk_cleaned.geojson,2008-05-15 16:17:55,2008-05-15 16:19:55,120.0,walk,58,5,8.620689655172415,9,4,2.78,"
Trip Summary:
- Start: 2008-05-15 16:17:55 at 希格玛大厦, 知春路, 中关村街道, 海淀区, 北京市, 100098, 中国
- End: 2008-05-15 16:19:55 at 中关村街道, 海淀区, 北京市, 100098, 中国
- Duration: 0 days 00:02:00
- Distance: 0.25 km
- Average Speed: 6.94 km/h
- Average Bearing Change: 32.36°
- Max Speed: 10.01 km/h
- Min Speed: 2.14 km/h
- Speed Variability: 2.32 km/h
- Average Acceleration: -0.00 m/s²
- Max Acceleration: 0.67 m/s²
- Number of Turns: 22
- Turn Rate: 11.68 turns/min
- Average Turn Angle: 32.36°
- Turn Angle Variability: 27.05°
- Transport Mode: walk
    "
2.7785496910650633,24.984,1.3319270405608412,3.9797953770007517,12.527351205420171,-0.013703470789565648,3.3348416226484616,0.5499879613708654,44,3.5294117647058822,13.263239895149834,18.392878041952827,13.263239895149834,bike_cleaned.geojson,2008-04-22 01:48:09,2008-04-22 02:01:01,772.0,bike,476,25,5.2521008403361344,25,24,6.94,"
Trip Summary:
- Start: 2008-04-22 01:48:09 at 日新路, 清华园街道, 东升镇, 海淀区, 北京市, 100084, 中国
- End: 2008-04-22 02:01:01 at 中航科技大厦, 56, 知春路, 知春东里社区, 中关村街道, 海淀区, 北京市, 100098, 中国
- Duration: 0 days 00:12:52
- Distance: 2.78 km
- Average Speed: 12.53 km/h
- Average Bearing Change: 13.26°
- Max Speed: 24.98 km/h
- Min Speed: 1.33 km/h
- Speed Variability: 3.98 km/h
- Average Acceleration: -0.01 m/s²
- Max Acceleration: 3.33 m/s²
- Number of Turns: 44
- Turn Rate: 3.53 turns/min
- Average Turn Angle: 13.26°
- Turn Angle Variability: 18.39°
- Transport Mode: bike
    "
15.581474132833263,39.996,0.0,13.703851225585074,15.283865356755879,0.029386115657025955,3.250819612195568,0.3516211870046079,182,2.9073482428115014,32.073498564393915,47.13352972287993,32.073498564393915,bus_cleaned.geojson,2008-10-21 23:32:19,2008-10-22 00:35:14,3775.0,bus,661,6,0.9077155824508321,64,5,11.11,"
Trip Summary:
- Start: 2008-10-21 23:32:19 at 中关村东路天桥, 中关村街道, 海淀区, 北京市, 100190, 中国
- End: 2008-10-22 00:35:14 at 工人体育场北路, 东直门街道, 首都功能核心区, 东城区, 北京市, 100010, 中国
- Duration: 0 days 01:02:55
- Distance: 15.58 km
- Average Speed: 15.28 km/h
- Average Bearing Change: 32.07°
- Max Speed: 40.00 km/h
- Min Speed: 0.00 km/h
- Speed Variability: 13.70 km/h
- Average Acceleration: 0.03 m/s²
- Max Acceleration: 3.25 m/s²
- Number of Turns: 182
- Turn Rate: 2.91 turns/min
- Average Turn Angle: 32.07°
- Turn Angle Variability: 47.13°
- Transport Mode: bus
    "
11.752570583197867,10.008,0.0,2.420873011800239,3.07571724545237,0.0003467013251519076,0.9396941779208474,0.07991167622976302,110,1.345291479820628,50.40789147046875,48.77090044986746,50.40789147046875,walk_cleaned.geojson,2008-10-21 23:29:19,2008-10-22 00:51:24,4925.0,walk,219,6,2.73972602739726,8,5,2.78,"
Trip Summary:
- Start: 2008-10-21 23:29:19 at 中关村东路天桥, 中关村街道, 海淀区, 北京市, 100190, 中国
- End: 2008-10-22 00:51:24 at 东中街, 东直门, 东直门街道, 首都功能核心区, 东城区, 北京市, 100010, 中国
- Duration: 0 days 01:22:05
- Distance: 11.75 km
- Average Speed: 3.08 km/h
- Average Bearing Change: 50.41°
- Max Speed: 10.01 km/h
- Min Speed: 0.00 km/h
- Speed Variability: 2.42 km/h
- Average Acceleration: 0.00 m/s²
- Max Acceleration: 0.94 m/s²
- Number of Turns: 110
- Turn Rate: 1.35 turns/min
- Average Turn Angle: 50.41°
- Turn Angle Variability: 48.77°
- Transport Mode: walk
    "
10.725608127941689,39.996,0.3692698836015462,13.930224808654629,17.122520937103353,0.031849429903573465,3.833857629264893,0.46422318711036475,127,3.4794520547945207,30.57586873522077,43.257572352911644,30.57586873522077,bus_cleaned.geojson,2009-04-15 22:47:03,2009-04-15 23:23:48,2205.0,bus,419,4,0.9546539379474941,33,3,11.11,"
Trip Summary:
- Start: 2009-04-15 22:47:03 at 中关村东路, 知春东里社区, 中关村街道, 海淀区, 北京市, 100098, 中国
- End: 2009-04-15 23:23:48 at 白云路, 月坛街道, 首都功能核心区, 西城区, 北京市, 100032, 中国
- Duration: 0 days 00:36:45
- Distance: 10.73 km
- Average Speed: 17.12 km/h
- Average Bearing Change: 30.58°
- Max Speed: 40.00 km/h
- Min Speed: 0.37 km/h
- Speed Variability: 13.93 km/h
- Average Acceleration: 0.03 m/s²
- Max Acceleration: 3.83 m/s²
- Number of Turns: 127
- Turn Rate: 3.48 turns/min
- Average Turn Angle: 30.58°
- Turn Angle Variability: 43.26°
- Transport Mode: bus
    "
1.2920780647206893,10.008,1.1175713759581467,3.0532206411674623,6.964241298461748,0.011879409023043571,1.231143834329262,0.1544357135852358,36,4.595744680851064,38.63914607752551,44.907843823229335,38.63914607752551,walk_cleaned.geojson,2009-04-15 23:24:01,2009-04-15 23:32:28,507.0,walk,95,7,7.368421052631578,28,6,2.78,"
Trip Summary:
- Start: 2009-04-15 23:24:01 at 白云路, 月坛街道, 首都功能核心区, 西城区, 北京市, 100032, 中国
- End: 2009-04-15 23:32:28 at 木樨地小区, 月坛街道, 首都功能核心区, 西城区, 北京市, 100032, 中国
- Duration: 0 days 00:08:27
- Distance: 1.29 km
- Average Speed: 6.96 km/h
- Average Bearing Change: 38.64°
- Max Speed: 10.01 km/h
- Min Speed: 1.12 km/h
- Speed Variability: 3.05 km/h
- Average Acceleration: 0.01 m/s²
- Max Acceleration: 1.23 m/s²
- Number of Turns: 36
- Turn Rate: 4.60 turns/min
- Average Turn Angle: 38.64°
- Turn Angle Variability: 44.91°
- Transport Mode: walk
    "
4.6268192098606375,39.996,0.36705653425711865,15.104445203958752,17.09638946840276,0.032295696429247636,2.5448959054157076,0.3896807736817759,112,6.424474187380497,28.202939769273996,39.54394107813268,28.202939769273996,bus_cleaned.geojson,2008-10-16 23:30:36,2008-10-16 23:48:16,1060.0,bus,406,8,1.9704433497536946,45,7,11.11,"
Trip Summary:
- Start: 2008-10-16 23:30:36 at 白云观街, 月坛街道, 首都功能核心区, 西城区, 北京市, 100032, 中国
- End: 2008-10-16 23:48:16 at 右安门西滨河路, 玉林东里一区社区, 右安门街道, 西铁营村, 丰台区, 北京市, 100069, 中国
- Duration: 0 days 00:17:40
- Distance: 4.63 km
- Average Speed: 17.10 km/h
- Average Bearing Change: 28.20°
- Max Speed: 40.00 km/h
- Min Speed: 0.37 km/h
- Speed Variability: 15.10 km/h
- Average Acceleration: 0.03 m/s²
- Max Acceleration: 2.54 m/s²
- Number of Turns: 112
- Turn Rate: 6.42 turns/min
- Average Turn Angle: 28.20°
- Turn Angle Variability: 39.54°
- Transport Mode: bus
    "
0.3506155565673119,6.880149416389618,0.5046275789892515,1.8014879368882932,3.1769016901883385,-0.0004063706663987439,0.4187174108549971,0.09964999166387624,34,7.03448275862069,30.51164032466499,33.098638169573434,30.51164032466499,walk_cleaned.geojson,2008-10-17 03:54:46,2008-10-17 03:59:41,295.0,walk,108,6,5.555555555555555,6,5,2.78,"
Trip Summary:
- Start: 2008-10-17 03:54:46 at 首都医科大学, 右安门西滨河路, 玉林里社区, 右安门街道, 西铁营村, 丰台区, 北京市, 100069, 中国
- End: 2008-10-17 03:59:41 at 首都医科大学, 右安门西滨河路, 玉林里社区, 右安门街道, 西铁营村, 丰台区, 北京市, 100069, 中国
- Duration: 0 days 00:04:55
- Distance: 0.35 km
- Average Speed: 3.18 km/h
- Average Bearing Change: 30.51°
- Max Speed: 6.88 km/h
- Min Speed: 0.50 km/h
- Speed Variability: 1.80 km/h
- Average Acceleration: -0.00 m/s²
- Max Acceleration: 0.42 m/s²
- Number of Turns: 34
- Turn Rate: 7.03 turns/min
- Average Turn Angle: 30.51°
- Turn Angle Variability: 33.10°
- Transport Mode: walk
    "
4.416134809622429,39.996,0.06077070134180593,14.075374582595686,14.801010217251175,0.022552565201045153,3.7405744437658486,0.4227074823418617,62,3.1155778894472363,18.379153998493027,29.379299200349376,18.379153998493027,bus_cleaned.geojson,2008-11-27 23:30:07,2008-11-27 23:46:23,976.0,bus,415,15,3.614457831325301,39,14,11.11,"
Trip Summary:
- Start: 2008-11-27 23:30:07 at 广安门北滨河路, 月坛街道, 首都功能核心区, 西城区, 北京市, 100032, 中国
- End: 2008-11-27 23:46:23 at 首都医科大学, 右安门西滨河路, 玉林里社区, 右安门街道, 西铁营村, 丰台区, 北京市, 100069, 中国
- Duration: 0 days 00:16:16
- Distance: 4.42 km
- Average Speed: 14.80 km/h
- Average Bearing Change: 18.38°
- Max Speed: 40.00 km/h
- Min Speed: 0.06 km/h
- Speed Variability: 14.08 km/h
- Average Acceleration: 0.02 m/s²
- Max Acceleration: 3.74 m/s²
- Number of Turns: 62
- Turn Rate: 3.12 turns/min
- Average Turn Angle: 18.38°
- Turn Angle Variability: 29.38°
- Transport Mode: bus
    "
1.2335570993339837,10.008,0.3671874760211125,2.400279421248764,3.9524928483172217,-0.012351546024586782,0.4250640269347848,0.1421879570877696,63,4.073275862068965,33.564361854575914,44.84300787998371,33.564361854575914,walk_cleaned.geojson,2008-11-27 23:46:41,2008-11-28 00:02:23,942.0,walk,240,8,3.3333333333333335,8,7,2.78,"
Trip Summary:
- Start: 2008-11-27 23:46:41 at 首都医科大学, 右安门西滨河路, 玉林里社区, 右安门街道, 西铁营村, 丰台区, 北京市, 100069, 中国
- End: 2008-11-28 00:02:23 at 首都医科大学, 右安门西滨河路, 玉林里社区, 右安门街道, 西铁营村, 丰台区, 北京市, 100069, 中国
- Duration: 0 days 00:15:42
- Distance: 1.23 km
- Average Speed: 3.95 km/h
- Average Bearing Change: 33.56°
- Max Speed: 10.01 km/h
- Min Speed: 0.37 km/h
- Speed Variability: 2.40 km/h
- Average Acceleration: -0.01 m/s²
- Max Acceleration: 0.43 m/s²
- Number of Turns: 63
- Turn Rate: 4.07 turns/min
- Average Turn Angle: 33.56°
- Turn Angle Variability: 44.84°
- Transport Mode: walk
    "
3.32443495803365,14.833914239559041,0.5044253276184959,3.997941803595072,3.9689822093551257,0.019198814894262402,0.8045613220843082,0.12169666875740971,55,6.666666666666667,66.59923817045393,54.301286860938404,66.59923817045393,subway_cleaned.geojson,2008-10-22 12:06:17,2008-10-22 12:17:02,645.0,subway,111,22,19.81981981981982,5,21,6.94,"
Trip Summary:
- Start: 2008-10-22 12:06:17 at 西直门站换乘通道, 展览路街道, 首都功能核心区, 西城区, 北京市, 100032, 中国
- End: 2008-10-22 12:17:02 at 北三环西路, 中关村街道, 海淀区, 北京市, 100081, 中国
- Duration: 0 days 00:10:45
- Distance: 3.32 km
- Average Speed: 3.97 km/h
- Average Bearing Change: 66.60°
- Max Speed: 14.83 km/h
- Min Speed: 0.50 km/h
- Speed Variability: 4.00 km/h
- Average Acceleration: 0.02 m/s²
- Max Acceleration: 0.80 m/s²
- Number of Turns: 55
- Turn Rate: 6.67 turns/min
- Average Turn Angle: 66.60°
- Turn Angle Variability: 54.30°
- Transport Mode: subway
    "
1.4318713133186145,10.008,0.0,2.156551234469718,4.072032178546924,0.003912477031358464,0.602080932339285,0.07572031804464584,91,5.209923664122138,43.68239790459312,42.488270167743586,43.68239790459312,walk_cleaned.geojson,2008-10-22 12:18:47,2008-10-22 12:36:30,1063.0,walk,195,5,2.564102564102564,8,4,2.78,"
Trip Summary:
- Start: 2008-10-22 12:18:47 at 中关村街道, 海淀区, 北京市, 100098, 中国
- End: 2008-10-22 12:36:30 at 中关村东路, 知春东里社区, 中关村街道, 海淀区, 北京市, 100190, 中国
- Duration: 0 days 00:17:43
- Distance: 1.43 km
- Average Speed: 4.07 km/h
- Average Bearing Change: 43.68°
- Max Speed: 10.01 km/h
- Min Speed: 0.00 km/h
- Speed Variability: 2.16 km/h
- Average Acceleration: 0.00 m/s²
- Max Acceleration: 0.60 m/s²
- Number of Turns: 91
- Turn Rate: 5.21 turns/min
- Average Turn Angle: 43.68°
- Turn Angle Variability: 42.49°
- Transport Mode: walk
    "
14.74971894640771,50.004000000000005,0.0,20.691056207752965,28.474116701659,-0.0012071783025302718,1.6652016844157964,0.22176029418153712,71,2.581818181818182,26.031719947758518,44.830835306115475,26.031719947758518,car_cleaned.geojson,2008-11-30 12:29:17,2008-11-30 12:57:15,1678.0,car,321,7,2.1806853582554515,80,6,13.89,"
Trip Summary:
- Start: 2008-11-30 12:29:17 at 安立路, 奥运村街道, 来广营乡, 朝阳区, 北京市, 100101, 中国
- End: 2008-11-30 12:57:15 at 希格玛大厦, 知春路, 中关村街道, 海淀区, 北京市, 100098, 中国
- Duration: 0 days 00:27:58
- Distance: 14.75 km
- Average Speed: 28.47 km/h
- Average Bearing Change: 26.03°
- Max Speed: 50.00 km/h
- Min Speed: 0.00 km/h
- Speed Variability: 20.69 km/h
- Average Acceleration: -0.00 m/s²
- Max Acceleration: 1.67 m/s²
- Number of Turns: 71
- Turn Rate: 2.58 turns/min
- Average Turn Angle: 26.03°
- Turn Angle Variability: 44.83°
- Transport Mode: car
    "
0.552231086863626,4.889760288442875,0.07994467571329715,1.3882810707145188,1.527866296560792,0.00423102470780913,0.6535081744947835,0.06605147686998866,100,5.033557046979865,66.46941757079246,52.72993650010506,66.46941757079246,walk_cleaned.geojson,2008-11-30 15:26:12,2008-11-30 15:45:32,1160.0,walk,160,3,1.875,3,2,2.78,"
Trip Summary:
- Start: 2008-11-30 15:26:12 at 中关村街道, 海淀区, 北京市, 100190, 中国
- End: 2008-11-30 15:45:32 at 中关村东路, 知春东里社区, 中关村街道, 海淀区, 北京市, 100190, 中国
- Duration: 0 days 00:19:20
- Distance: 0.55 km
- Average Speed: 1.53 km/h
- Average Bearing Change: 66.47°
- Max Speed: 4.89 km/h
- Min Speed: 0.08 km/h
- Speed Variability: 1.39 km/h
- Average Acceleration: 0.00 m/s²
- Max Acceleration: 0.65 m/s²
- Number of Turns: 100
- Turn Rate: 5.03 turns/min
- Average Turn Angle: 66.47°
- Turn Angle Variability: 52.73°
- Transport Mode: walk
    "
2.6720460195287914,39.996,10.841396815604424,9.031504506137752,28.8790550581846,-0.011228130334152629,2.2430933739168744,0.45483975549925804,6,1.005586592178771,13.999063197580064,27.63920902392265,13.999063197580064,bus_cleaned.geojson,2009-01-08 23:31:31,2009-01-08 23:37:33,362.0,bus,83,5,6.024096385542169,23,4,11.11,"
Trip Summary:
- Start: 2009-01-08 23:31:31 at 白菜湾社区, 广安门外街道, 首都功能核心区, 西城区, 北京市, 100032, 中国
- End: 2009-01-08 23:37:33 at 南二环, 玉林里社区, 右安门街道, 菜户营村, 丰台区, 北京市, 100069, 中国
- Duration: 0 days 00:06:02
- Distance: 2.67 km
- Average Speed: 28.88 km/h
- Average Bearing Change: 14.00°
- Max Speed: 40.00 km/h
- Min Speed: 10.84 km/h
- Speed Variability: 9.03 km/h
- Average Acceleration: -0.01 m/s²
- Max Acceleration: 2.24 m/s²
- Number of Turns: 6
- Turn Rate: 1.01 turns/min
- Average Turn Angle: 14.00°
- Turn Angle Variability: 27.64°
- Transport Mode: bus
    "
0.8946291049830473,10.008,2.590548446763877,2.102397715164384,7.4472579478819725,0.0018979154727854124,0.4078327239346503,0.11358371020828444,14,2.3728813559322033,14.348409182612974,19.333520473528836,14.348409182612974,walk_cleaned.geojson,2009-01-08 23:37:39,2009-01-08 23:43:49,370.0,walk,172,6,3.488372093023256,41,5,2.78,"
Trip Summary:
- Start: 2009-01-08 23:37:39 at 右安门西滨河路, 玉林里社区, 右安门街道, 菜户营村, 丰台区, 北京市, 100069, 中国
- End: 2009-01-08 23:43:49 at 首都医科大学, 右安门西滨河路, 玉林里社区, 右安门街道, 西铁营村, 丰台区, 北京市, 100069, 中国
- Duration: 0 days 00:06:10
- Distance: 0.89 km
- Average Speed: 7.45 km/h
- Average Bearing Change: 14.35°
- Max Speed: 10.01 km/h
- Min Speed: 2.59 km/h
- Speed Variability: 2.10 km/h
- Average Acceleration: 0.00 m/s²
- Max Acceleration: 0.41 m/s²
- Number of Turns: 14
- Turn Rate: 2.37 turns/min
- Average Turn Angle: 14.35°
- Turn Angle Variability: 19.33°
- Transport Mode: walk
    "
10.731725426447698,7.571948181153608,0.2584274187482985,2.3389352330970077,2.790445632827455,0.001621791025927704,0.1393079000316657,0.03807784845532931,34,0.9362092703074804,43.337249471515655,47.75661985755384,43.337249471515655,walk_cleaned.geojson,2009-09-17 00:04:08,2009-09-17 00:40:31,2183.0,walk,77,2,2.5974025974025974,3,1,2.78,"
Trip Summary:
- Start: 2009-09-17 00:04:08 at 立水桥, 立汤路, 来广营乡, 朝阳区, 北京市, 102218, 中国
- End: 2009-09-17 00:40:31 at 希格玛大厦, 知春路, 中关村街道, 海淀区, 北京市, 100098, 中国
- Duration: 0 days 00:36:23
- Distance: 10.73 km
- Average Speed: 2.79 km/h
- Average Bearing Change: 43.34°
- Max Speed: 7.57 km/h
- Min Speed: 0.26 km/h
- Speed Variability: 2.34 km/h
- Average Acceleration: 0.00 m/s²
- Max Acceleration: 0.14 m/s²
- Number of Turns: 34
- Turn Rate: 0.94 turns/min
- Average Turn Angle: 43.34°
- Turn Angle Variability: 47.76°
- Transport Mode: walk
    "
4.070253460270831,21.714767796849156,9.173804062302008,2.4399872798228377,16.693510139787058,-0.004499091603763765,0.7529128279816342,0.13183375408379458,15,0.8875739644970415,8.560451209535609,12.816017199277603,8.560451209535609,bike_cleaned.geojson,2008-05-11 15:44:45,2008-05-11 16:01:45,1020.0,bike,414,5,1.2077294685990339,12,4,6.94,"
Trip Summary:
- Start: 2008-05-11 15:44:45 at 中关村街道, 海淀区, 北京市, 100098, 中国
- End: 2008-05-11 16:01:45 at 清华大学, 30, 双清路, 东升镇, 海淀区, 北京市, 100084, 中国
- Duration: 0 days 00:17:00
- Distance: 4.07 km
- Average Speed: 16.69 km/h
- Average Bearing Change: 8.56°
- Max Speed: 21.71 km/h
- Min Speed: 9.17 km/h
- Speed Variability: 2.44 km/h
- Average Acceleration: -0.00 m/s²
- Max Acceleration: 0.75 m/s²
- Number of Turns: 15
- Turn Rate: 0.89 turns/min
- Average Turn Angle: 8.56°
- Turn Angle Variability: 12.82°
- Transport Mode: bike
    "
0.21114417595126947,9.846889293967862,0.6103775435117794,2.5126432784948465,4.160555042607291,0.019689908882423213,1.0875224367539116,0.16957071963536502,22,9.924812030075188,36.78794215319906,38.20016629101296,36.78794215319906,walk_cleaned.geojson,2008-05-11 15:42:19,2008-05-11 15:44:33,134.0,walk,56,5,8.928571428571429,5,4,2.78,"
Trip Summary:
- Start: 2008-05-11 15:42:19 at 中关村街道, 海淀区, 北京市, 100098, 中国
- End: 2008-05-11 15:44:33 at 星规路, 知春东里社区, 中关村街道, 海淀区, 北京市, 100098, 中国
- Duration: 0 days 00:02:14
- Distance: 0.21 km
- Average Speed: 4.16 km/h
- Average Bearing Change: 36.79°
- Max Speed: 9.85 km/h
- Min Speed: 0.61 km/h
- Speed Variability: 2.51 km/h
- Average Acceleration: 0.02 m/s²
- Max Acceleration: 1.09 m/s²
- Number of Turns: 22
- Turn Rate: 9.92 turns/min
- Average Turn Angle: 36.79°
- Turn Angle Variability: 38.20°
- Transport Mode: walk
    "
4.619424617581757,50.004000000000005,4.476525852133366,17.21263489526031,23.039997780962853,-0.02900395935161401,2.3177523255860324,0.3613847869191139,23,0.8587429993777224,22.318566209061377,34.807225255643374,22.318566209061377,car_cleaned.geojson,2008-03-28 13:19:26,2008-03-28 13:46:23,1617.0,car,110,3,2.727272727272727,7,2,13.89,"
Trip Summary:
- Start: 2008-03-28 13:19:26 at 中关村北大街辅路, 青龙桥街道, 海淀区, 北京市, 100084, 中国
- End: 2008-03-28 13:46:23 at 展春园西路, 五道口, 学院路街道, 东升镇, 海淀区, 北京市, 100190, 中国
- Duration: 0 days 00:26:57
- Distance: 4.62 km
- Average Speed: 23.04 km/h
- Average Bearing Change: 22.32°
- Max Speed: 50.00 km/h
- Min Speed: 4.48 km/h
- Speed Variability: 17.21 km/h
- Average Acceleration: -0.03 m/s²
- Max Acceleration: 2.32 m/s²
- Number of Turns: 23
- Turn Rate: 0.86 turns/min
- Average Turn Angle: 22.32°
- Turn Angle Variability: 34.81°
- Transport Mode: car
    "
15.708279920544738,39.996,0.06149512266516819,11.800460110812088,9.865147124995406,0.012891543928163173,2.1508726473186406,0.25581525455348286,281,3.646982478909799,39.097806652246625,51.529305268997156,39.097806652246625,bus_cleaned.geojson,2008-12-07 23:30:19,2008-12-08 00:48:54,4715.0,bus,811,20,2.466091245376079,40,19,11.11,"
Trip Summary:
- Start: 2008-12-07 23:30:19 at 中国科学院理论物理研究所（南楼）, 55号, 中关村东路, 清华园, 中关村街道, 海淀区, 北京市, 100190, 中国
- End: 2008-12-08 00:48:54 at 工人体育场北路, 东直门街道, 首都功能核心区, 东城区, 北京市, 100010, 中国
- Duration: 0 days 01:18:35
- Distance: 15.71 km
- Average Speed: 9.87 km/h
- Average Bearing Change: 39.10°
- Max Speed: 40.00 km/h
- Min Speed: 0.06 km/h
- Speed Variability: 11.80 km/h
- Average Acceleration: 0.01 m/s²
- Max Acceleration: 2.15 m/s²
- Number of Turns: 281
- Turn Rate: 3.65 turns/min
- Average Turn Angle: 39.10°
- Turn Angle Variability: 51.53°
- Transport Mode: bus
    "
0.6290300881231639,7.010292366738282,0.9879135928714807,1.547710580909344,4.101664328203201,0.00271160208889363,0.14691798423062438,0.05046587705502317,35,4.375,29.61649546936193,26.763964044312797,29.61649546936193,walk_cleaned.geojson,2008-12-08 00:49:09,2008-12-08 00:57:14,485.0,walk,94,3,3.1914893617021276,1,2,2.78,"
Trip Summary:
- Start: 2008-12-08 00:49:09 at 工人体育场北路, 东直门街道, 首都功能核心区, 东城区, 北京市, 100010, 中国
- End: 2008-12-08 00:57:14 at 东中街, 东直门, 东直门街道, 首都功能核心区, 东城区, 北京市, 100010, 中国
- Duration: 0 days 00:08:05
- Distance: 0.63 km
- Average Speed: 4.10 km/h
- Average Bearing Change: 29.62°
- Max Speed: 7.01 km/h
- Min Speed: 0.99 km/h
- Speed Variability: 1.55 km/h
- Average Acceleration: 0.00 m/s²
- Max Acceleration: 0.15 m/s²
- Number of Turns: 35
- Turn Rate: 4.38 turns/min
- Average Turn Angle: 29.62°
- Turn Angle Variability: 26.76°
- Transport Mode: walk
    "
14.204876119990493,39.996,0.12300164804787202,10.92657019165112,10.038550739543368,0.014065186853643804,2.085209356943533,0.2457494179251951,229,4.036427732079906,41.95085491884424,49.501143291958016,41.95085491884424,bus_cleaned.geojson,2008-10-28 23:42:15,2008-10-29 00:40:25,3490.0,bus,612,20,3.2679738562091507,30,19,11.11,"
Trip Summary:
- Start: 2008-10-28 23:42:15 at 北四环中路, 花园路街道, 东升镇, 海淀区, 北京市, 100083, 中国
- End: 2008-10-29 00:40:25 at 66, 工人体育场北路, 东直门街道, 首都功能核心区, 东城区, 北京市, 100010, 中国
- Duration: 0 days 00:58:10
- Distance: 14.20 km
- Average Speed: 10.04 km/h
- Average Bearing Change: 41.95°
- Max Speed: 40.00 km/h
- Min Speed: 0.12 km/h
- Speed Variability: 10.93 km/h
- Average Acceleration: 0.01 m/s²
- Max Acceleration: 2.09 m/s²
- Number of Turns: 229
- Turn Rate: 4.04 turns/min
- Average Turn Angle: 41.95°
- Turn Angle Variability: 49.50°
- Transport Mode: bus
    "
1.8490040101672895,10.008,0.16814737306564204,2.064052566287338,4.597178339083303,0.0019314495374174597,0.26656055342031987,0.05245676617163103,94,4.5374094931617055,58.57188958403215,54.90373323777479,58.57188958403215,walk_cleaned.geojson,2008-10-29 00:40:50,2008-10-29 01:03:35,1365.0,walk,180,12,6.666666666666667,6,11,2.78,"
Trip Summary:
- Start: 2008-10-29 00:40:50 at 工人体育场北路, 东直门街道, 首都功能核心区, 东城区, 北京市, 100010, 中国
- End: 2008-10-29 01:03:35 at 宏状元, 东中街, 东直门, 东直门街道, 首都功能核心区, 东城区, 北京市, 100010, 中国
- Duration: 0 days 00:22:45
- Distance: 1.85 km
- Average Speed: 4.60 km/h
- Average Bearing Change: 58.57°
- Max Speed: 10.01 km/h
- Min Speed: 0.17 km/h
- Speed Variability: 2.06 km/h
- Average Acceleration: 0.00 m/s²
- Max Acceleration: 0.27 m/s²
- Number of Turns: 94
- Turn Rate: 4.54 turns/min
- Average Turn Angle: 58.57°
- Turn Angle Variability: 54.90°
- Transport Mode: walk
    "
4.351944433340529,23.599601455923796,0.18981315153675118,3.4905709286172195,12.942080073900037,-0.0005688480598651971,2.95366856124248,0.38404492501316984,80,3.0967741935483875,12.144711733282566,16.138478777527208,12.144711733282566,bus_cleaned.geojson,2008-05-23 01:07:36,2008-05-23 01:33:25,1549.0,bus,1096,5,0.45620437956204374,12,4,11.11,"
Trip Summary:
- Start: 2008-05-23 01:07:36 at 清华大学, 30, 双清路, 东升镇, 海淀区, 北京市, 100084, 中国
- End: 2008-05-23 01:33:25 at 中关村街道, 海淀区, 北京市, 100098, 中国
- Duration: 0 days 00:25:49
- Distance: 4.35 km
- Average Speed: 12.94 km/h
- Average Bearing Change: 12.14°
- Max Speed: 23.60 km/h
- Min Speed: 0.19 km/h
- Speed Variability: 3.49 km/h
- Average Acceleration: -0.00 m/s²
- Max Acceleration: 2.95 m/s²
- Number of Turns: 80
- Turn Rate: 3.10 turns/min
- Average Turn Angle: 12.14°
- Turn Angle Variability: 16.14°
- Transport Mode: bus
    "
0.0386249414021328,6.96708445400016,0.5939536014284815,2.1077882003426973,4.038102155071505,-0.006821634148653747,0.8699616901296388,0.39097415378934514,10,17.647058823529413,46.89805018876574,54.540067957745336,46.89805018876574,walk_cleaned.geojson,2008-05-23 01:34:41,2008-05-23 01:35:10,29.0,walk,25,3,12.0,1,2,2.78,"
Trip Summary:
- Start: 2008-05-23 01:34:41 at 希格玛大厦, 知春路, 中关村街道, 海淀区, 北京市, 100098, 中国
- End: 2008-05-23 01:35:10 at 希格玛大厦, 知春路, 中关村街道, 海淀区, 北京市, 100098, 中国
- Duration: 0 days 00:00:29
- Distance: 0.04 km
- Average Speed: 4.04 km/h
- Average Bearing Change: 46.90°
- Max Speed: 6.97 km/h
- Min Speed: 0.59 km/h
- Speed Variability: 2.11 km/h
- Average Acceleration: -0.01 m/s²
- Max Acceleration: 0.87 m/s²
- Number of Turns: 10
- Turn Rate: 17.65 turns/min
- Average Turn Angle: 46.90°
- Turn Angle Variability: 54.54°
- Transport Mode: walk
    "
15.622100508643246,39.996,0.4126739772138717,13.103392715743853,16.80401326596794,0.019239972897028088,2.840896524813504,0.29859017322172526,131,2.585526315789474,25.87037647394009,37.68040546787802,25.87037647394009,bus_cleaned.geojson,2009-04-02 10:46:28,2009-04-02 11:37:43,3075.0,bus,541,7,1.2939001848428837,46,6,11.11,"
Trip Summary:
- Start: 2009-04-02 10:46:28 at 菜市口大街辅路, 米市社区, 陶然亭街道, 首都功能核心区, 西城区, 北京市, 100032, 中国
- End: 2009-04-02 11:37:43 at 燕港石化, 中关村南四街, 知春东里社区, 中关村街道, 海淀区, 北京市, 100098, 中国
- Duration: 0 days 00:51:15
- Distance: 15.62 km
- Average Speed: 16.80 km/h
- Average Bearing Change: 25.87°
- Max Speed: 40.00 km/h
- Min Speed: 0.41 km/h
- Speed Variability: 13.10 km/h
- Average Acceleration: 0.02 m/s²
- Max Acceleration: 2.84 m/s²
- Number of Turns: 131
- Turn Rate: 2.59 turns/min
- Average Turn Angle: 25.87°
- Turn Angle Variability: 37.68°
- Transport Mode: bus
    "
0.470493888395621,10.008,0.0051568892764568405,1.9657320677044112,5.299012582803118,0.0011872432242785666,0.2548383389144101,0.07802870566965645,18,0.3076923076923077,34.182717509373454,37.76326571721762,34.182717509373454,walk_cleaned.geojson,2009-04-02 11:40:23,2009-04-02 11:45:03,280.0,walk,52,3,5.769230769230769,4,2,2.78,"
Trip Summary:
- Start: 2009-04-02 11:40:23 at 中关村南四街, 知春东里社区, 中关村街道, 海淀区, 北京市, 100098, 中国
- End: 2009-04-02 11:45:03 at 青年公寓六号楼, 中关村南三条, 中关村街道, 海淀区, 北京市, 100190, 中国
- Duration: 0 days 00:04:40
- Distance: 0.47 km
- Average Speed: 5.30 km/h
- Average Bearing Change: 34.18°
- Max Speed: 10.01 km/h
- Min Speed: 0.01 km/h
- Speed Variability: 1.97 km/h
- Average Acceleration: 0.00 m/s²
- Max Acceleration: 0.25 m/s²
- Number of Turns: 18
- Turn Rate: 0.31 turns/min
- Average Turn Angle: 34.18°
- Turn Angle Variability: 37.76°
- Transport Mode: walk
    "
3.042742991395703,24.265739555559538,0.5042904770343862,6.5537115566746476,9.645613848537744,-0.0033110130979295757,1.2386582228232283,0.23249996227031827,108,7.192008879023307,31.02779453167035,38.93849122529214,31.02779453167035,bike_cleaned.geojson,2008-11-28 13:54:59,2008-11-28 14:10:11,912.0,bike,399,12,3.007518796992481,18,11,6.94,"
Trip Summary:
- Start: 2008-11-28 13:54:59 at 成府路, 学院路街道, 东升镇, 海淀区, 北京市, 100190, 中国
- End: 2008-11-28 14:10:11 at 燕港石化, 中关村南四街, 知春东里社区, 中关村街道, 海淀区, 北京市, 100098, 中国
- Duration: 0 days 00:15:12
- Distance: 3.04 km
- Average Speed: 9.65 km/h
- Average Bearing Change: 31.03°
- Max Speed: 24.27 km/h
- Min Speed: 0.50 km/h
- Speed Variability: 6.55 km/h
- Average Acceleration: -0.00 m/s²
- Max Acceleration: 1.24 m/s²
- Number of Turns: 108
- Turn Rate: 7.19 turns/min
- Average Turn Angle: 31.03°
- Turn Angle Variability: 38.94°
- Transport Mode: bike
    "
2.476737010542756,6.857573497869493,1.0461674124539406,1.0994948266449578,3.8700176974595326,0.0005401263065811943,0.13500496611258286,0.03218179522663502,106,3.0357995226730314,29.3656642826538,32.314443384389385,29.3656642826538,walk_cleaned.geojson,2009-03-21 04:15:45,2009-03-21 04:51:00,2115.0,walk,332,5,1.5060240963855422,5,4,2.78,"
Trip Summary:
- Start: 2009-03-21 04:15:45 at 中滩村北三街, 天通西苑一区, 天通苑南街道, 中滩村, 昌平区, 北京市, 102218, 中国
- End: 2009-03-21 04:51:00 at 手机卖场, 立汤路, 天通苑南街道, 东三旗村, 昌平区, 北京市, 102218, 中国
- Duration: 0 days 00:35:15
- Distance: 2.48 km
- Average Speed: 3.87 km/h
- Average Bearing Change: 29.37°
- Max Speed: 6.86 km/h
- Min Speed: 1.05 km/h
- Speed Variability: 1.10 km/h
- Average Acceleration: 0.00 m/s²
- Max Acceleration: 0.14 m/s²
- Number of Turns: 106
- Turn Rate: 3.04 turns/min
- Average Turn Angle: 29.37°
- Turn Angle Variability: 32.31°
- Transport Mode: walk
    "
4.685860754715283,39.996,4.751495870865945,12.477172813807012,20.648457295689866,0.078313225470824,1.490806104091351,0.39544971822749386,5,0.40871934604904636,30.35206928102487,33.259838606402106,30.35206928102487,bus_cleaned.geojson,2007-10-05 09:44:12,2007-10-05 09:57:45,813.0,bus,24,8,33.33333333333333,1,7,11.11,"
Trip Summary:
- Start: 2007-10-05 09:44:12 at 北京站西街, 建国门街道, 首都功能核心区, 东城区, 北京市, 100010, 中国
- End: 2007-10-05 09:57:45 at 朝阳路, 北京中央商务区, 呼家楼街道, 朝阳区, 北京市, 100026, 中国
- Duration: 0 days 00:13:33
- Distance: 4.69 km
- Average Speed: 20.65 km/h
- Average Bearing Change: 30.35°
- Max Speed: 40.00 km/h
- Min Speed: 4.75 km/h
- Speed Variability: 12.48 km/h
- Average Acceleration: 0.08 m/s²
- Max Acceleration: 1.49 m/s²
- Number of Turns: 5
- Turn Rate: 0.41 turns/min
- Average Turn Angle: 30.35°
- Turn Angle Variability: 33.26°
- Transport Mode: bus
    "
15.00554787392237,25.30508235831026,1.574189954091399,5.6838177870930116,9.208736915482977,-0.003421130570641268,0.23925616117662096,0.07594978187824761,43,0.5029239766081871,34.976682649556956,45.44742245046547,34.976682649556956,car_cleaned.geojson,2007-10-05 15:45:50,2007-10-05 17:12:50,5220.0,car,130,5,3.8461538461538463,5,4,13.89,"
Trip Summary:
- Start: 2007-10-05 15:45:50 at 成府路, 清华园, 海淀街道, 中关村街道, 海淀区, 北京市, 100190, 中国
- End: 2007-10-05 17:12:50 at 北航学院路校区教学区, 校园中路, 花园路街道, 东升镇, 海淀区, 北京市, 100083, 中国
- Duration: 0 days 01:27:00
- Distance: 15.01 km
- Average Speed: 9.21 km/h
- Average Bearing Change: 34.98°
- Max Speed: 25.31 km/h
- Min Speed: 1.57 km/h
- Speed Variability: 5.68 km/h
- Average Acceleration: -0.00 m/s²
- Max Acceleration: 0.24 m/s²
- Number of Turns: 43
- Turn Rate: 0.50 turns/min
- Average Turn Angle: 34.98°
- Turn Angle Variability: 45.45°
- Transport Mode: car
    "
0.5301099415989716,5.1364972592617395,0.3489817316674636,1.9032970563918294,3.4336961790836167,-0.002232763785179131,0.02860079993480887,0.021102940975180694,3,0.3402646502835539,36.66024390616463,36.68819406184102,36.66024390616463,walk_cleaned.geojson,2007-10-05 09:59:18,2007-10-05 10:08:26,548.0,walk,15,3,20.0,1,2,2.78,"
Trip Summary:
- Start: 2007-10-05 09:59:18 at 朝阳路, 北京中央商务区, 呼家楼街道, 朝阳区, 北京市, 100026, 中国
- End: 2007-10-05 10:08:26 at 化石营东巷, 呼家楼街道, 朝阳区, 北京市, 100026, 中国
- Duration: 0 days 00:09:08
- Distance: 0.53 km
- Average Speed: 3.43 km/h
- Average Bearing Change: 36.66°
- Max Speed: 5.14 km/h
- Min Speed: 0.35 km/h
- Speed Variability: 1.90 km/h
- Average Acceleration: -0.00 m/s²
- Max Acceleration: 0.03 m/s²
- Number of Turns: 3
- Turn Rate: 0.34 turns/min
- Average Turn Angle: 36.66°
- Turn Angle Variability: 36.69°
- Transport Mode: walk
    "
5.085843352663678,20.874058063124423,0.07793374567743126,3.8689774262900034,14.08582289655908,-0.004063443958378831,0.6053009992303979,0.14417559505254346,44,1.7553191489361701,11.924926139475785,20.35428211107576,11.924926139475785,bike_cleaned.geojson,2008-05-14 02:23:15,2008-05-14 02:48:33,1518.0,bike,615,2,0.3252032520325203,11,1,6.94,"
Trip Summary:
- Start: 2008-05-14 02:23:15 at 清华大学, 30, 双清路, 东升镇, 海淀区, 北京市, 100084, 中国
- End: 2008-05-14 02:48:33 at 希格玛大厦, 知春路, 中关村街道, 海淀区, 北京市, 100098, 中国
- Duration: 0 days 00:25:18
- Distance: 5.09 km
- Average Speed: 14.09 km/h
- Average Bearing Change: 11.92°
- Max Speed: 20.87 km/h
- Min Speed: 0.08 km/h
- Speed Variability: 3.87 km/h
- Average Acceleration: -0.00 m/s²
- Max Acceleration: 0.61 m/s²
- Number of Turns: 44
- Turn Rate: 1.76 turns/min
- Average Turn Angle: 11.92°
- Turn Angle Variability: 20.35°
- Transport Mode: bike
    "
0.02513860020073589,7.891024246492786,0.39972498372772713,3.3796546654062065,3.8488659206109,-0.10404582309395913,0.0,0.1429129275026201,2,6.0,21.870139401239346,14.683587194842852,21.870139401239346,walk_cleaned.geojson,2008-05-14 02:14:53,2008-05-14 02:15:13,20.0,walk,12,1,8.333333333333332,0,0,2.78,"
Trip Summary:
- Start: 2008-05-14 02:14:53 at 清华大学, 30, 双清路, 东升镇, 海淀区, 北京市, 100084, 中国
- End: 2008-05-14 02:15:13 at 清华大学, 30, 双清路, 东升镇, 海淀区, 北京市, 100084, 中国
- Duration: 0 days 00:00:20
- Distance: 0.03 km
- Average Speed: 3.85 km/h
- Average Bearing Change: 21.87°
- Max Speed: 7.89 km/h
- Min Speed: 0.40 km/h
- Speed Variability: 3.38 km/h
- Average Acceleration: -0.10 m/s²
- Max Acceleration: 0.00 m/s²
- Number of Turns: 2
- Turn Rate: 6.00 turns/min
- Average Turn Angle: 21.87°
- Turn Angle Variability: 14.68°
- Transport Mode: walk
    "
9.064032102762361,39.996,0.15376433945302215,12.481475089784492,21.22485955462852,0.006510592243680846,2.8025232512499665,0.4853419127362333,137,4.477124183006536,14.467763067336163,28.234436554321217,14.467763067336163,bus_cleaned.geojson,2008-04-22 11:22:14,2008-04-22 11:53:06,1852.0,bus,1220,15,1.2295081967213115,111,14,11.11,"
Trip Summary:
- Start: 2008-04-22 11:22:14 at 知春路, 中关村街道, 海淀区, 北京市, 100098, 中国
- End: 2008-04-22 11:53:06 at 和平东桥, 北三环东路, 和平街街道, 朝阳区, 北京市, 100029, 中国
- Duration: 0 days 00:30:52
- Distance: 9.06 km
- Average Speed: 21.22 km/h
- Average Bearing Change: 14.47°
- Max Speed: 40.00 km/h
- Min Speed: 0.15 km/h
- Speed Variability: 12.48 km/h
- Average Acceleration: 0.01 m/s²
- Max Acceleration: 2.80 m/s²
- Number of Turns: 137
- Turn Rate: 4.48 turns/min
- Average Turn Angle: 14.47°
- Turn Angle Variability: 28.23°
- Transport Mode: bus
    "
7.570642376837619,50.004000000000005,0.0,14.310081808282504,39.69504304297478,-0.005074085995497706,5.406648213132139,0.46442046092176487,18,1.567489114658926,5.579935293812762,18.438316883234137,5.579935293812762,taxi_cleaned.geojson,2008-04-22 14:28:34,2008-04-22 14:39:59,685.0,taxi,606,3,0.49504950495049505,263,2,13.89,"
Trip Summary:
- Start: 2008-04-22 14:28:34 at 计量科学院家属院, 和平街街道, 首都功能核心区, 朝阳区, 北京市, 100013, 中国
- End: 2008-04-22 14:39:59 at 知春路, 北太平庄街道, 中关村街道, 海淀区, 北京市, 100081, 中国
- Duration: 0 days 00:11:25
- Distance: 7.57 km
- Average Speed: 39.70 km/h
- Average Bearing Change: 5.58°
- Max Speed: 50.00 km/h
- Min Speed: 0.00 km/h
- Speed Variability: 14.31 km/h
- Average Acceleration: -0.01 m/s²
- Max Acceleration: 5.41 m/s²
- Number of Turns: 18
- Turn Rate: 1.57 turns/min
- Average Turn Angle: 5.58°
- Turn Angle Variability: 18.44°
- Transport Mode: taxi
    "
0.22393471590499042,1.614025635895589,0.06668516263988336,0.4108613767134209,0.5670168366936084,0.0036069557698250572,0.1308381223564471,0.02779020623075563,44,7.096774193548387,46.59781086971167,48.60692726862322,46.59781086971167,walk_cleaned.geojson,2008-04-22 11:12:24,2008-04-22 11:18:44,380.0,walk,98,6,6.122448979591836,2,5,2.78,"
Trip Summary:
- Start: 2008-04-22 11:12:24 at 知春路, 知春东里社区, 中关村街道, 海淀区, 北京市, 100098, 中国
- End: 2008-04-22 11:18:44 at 知春路, 知春东里社区, 中关村街道, 海淀区, 北京市, 100098, 中国
- Duration: 0 days 00:06:20
- Distance: 0.22 km
- Average Speed: 0.57 km/h
- Average Bearing Change: 46.60°
- Max Speed: 1.61 km/h
- Min Speed: 0.07 km/h
- Speed Variability: 0.41 km/h
- Average Acceleration: 0.00 m/s²
- Max Acceleration: 0.13 m/s²
- Number of Turns: 44
- Turn Rate: 7.10 turns/min
- Average Turn Angle: 46.60°
- Turn Angle Variability: 48.61°
- Transport Mode: walk
    "
4.037702992850803,17.641358005569312,10.327896370007522,1.2388107890898143,15.193654592027741,-0.0006179839049516496,0.1457061672975029,0.032774750979830805,5,0.32432432432432434,7.28662279981689,9.930230608366914,7.28662279981689,bike_cleaned.geojson,2008-09-17 16:44:16,2008-09-17 17:00:01,945.0,bike,169,5,2.9585798816568047,3,4,6.94,"
Trip Summary:
- Start: 2008-09-17 16:44:16 at 知春路, 中关村街道, 海淀区, 北京市, 100098, 中国
- End: 2008-09-17 17:00:01 at 清华大学, 30, 双清路, 东升镇, 海淀区, 北京市, 100084, 中国
- Duration: 0 days 00:15:45
- Distance: 4.04 km
- Average Speed: 15.19 km/h
- Average Bearing Change: 7.29°
- Max Speed: 17.64 km/h
- Min Speed: 10.33 km/h
- Speed Variability: 1.24 km/h
- Average Acceleration: -0.00 m/s²
- Max Acceleration: 0.15 m/s²
- Number of Turns: 5
- Turn Rate: 0.32 turns/min
- Average Turn Angle: 7.29°
- Turn Angle Variability: 9.93°
- Transport Mode: bike
    "
1.0333290897654186,33.60652778110277,0.22206830232434854,12.737259548999601,12.349090889116415,0.04709219354168781,1.2564591601246402,0.32162014536980355,16,3.84,34.27708838612531,45.18758449199516,34.27708838612531,bus_cleaned.geojson,2011-11-05 07:10:32,2011-11-05 07:14:42,250.0,bus,51,1,1.9607843137254901,2,0,11.11,"
Trip Summary:
- Start: 2011-11-05 07:10:32 at 知春路, 知春东里社区, 中关村街道, 海淀区, 北京市, 100086, 中国
- End: 2011-11-05 07:14:42 at 海淀南路, 中关村核心区, 海淀街道, 六郎庄村, 海淀区, 北京市, 100872, 中国
- Duration: 0 days 00:04:10
- Distance: 1.03 km
- Average Speed: 12.35 km/h
- Average Bearing Change: 34.28°
- Max Speed: 33.61 km/h
- Min Speed: 0.22 km/h
- Speed Variability: 12.74 km/h
- Average Acceleration: 0.05 m/s²
- Max Acceleration: 1.26 m/s²
- Number of Turns: 16
- Turn Rate: 3.84 turns/min
- Average Turn Angle: 34.28°
- Turn Angle Variability: 45.19°
- Transport Mode: bus
    "
0.42727453326900744,8.716483738676338,0.0,2.0892800551498802,3.884895086327066,-0.006016122755969021,0.2105138225466407,0.05426269729839727,16,3.5164835164835164,31.411781491103287,35.61893687785903,31.411781491103287,walk_cleaned.geojson,2011-11-05 07:28:17,2011-11-05 07:33:02,285.0,walk,58,4,6.896551724137931,2,3,2.78,"
Trip Summary:
- Start: 2011-11-05 07:28:17 at 北京市海淀区人民法院, 丹棱街, 中关村核心区, 海淀街道, 六郎庄村, 海淀区, 北京市, 100872, 中国
- End: 2011-11-05 07:33:02 at 中关村地下环廊, 中关村核心区, 海淀街道, 海淀区, 北京市, 100080, 中国
- Duration: 0 days 00:04:45
- Distance: 0.43 km
- Average Speed: 3.88 km/h
- Average Bearing Change: 31.41°
- Max Speed: 8.72 km/h
- Min Speed: 0.00 km/h
- Speed Variability: 2.09 km/h
- Average Acceleration: -0.01 m/s²
- Max Acceleration: 0.21 m/s²
- Number of Turns: 16
- Turn Rate: 3.52 turns/min
- Average Turn Angle: 31.41°
- Turn Angle Variability: 35.62°
- Transport Mode: walk
    "
11.63201667680105,39.996,0.33583570507107885,12.447652598632743,16.312373700490042,0.003976628209001427,3.4043696560759713,0.33948998028487937,124,3.1,36.729043517122825,48.443514942450996,36.729043517122825,bus_cleaned.geojson,2009-04-10 12:30:19,2009-04-10 13:11:09,2450.0,bus,388,14,3.608247422680412,22,13,11.11,"
Trip Summary:
- Start: 2009-04-10 12:30:19 at 首都博物馆, 16, 复兴门外大街, 月坛街道, 首都功能核心区, 西城区, 北京市, 100032, 中国
- End: 2009-04-10 13:11:09 at 中关村东路, 清华园, 中关村街道, 海淀区, 北京市, 100190, 中国
- Duration: 0 days 00:40:50
- Distance: 11.63 km
- Average Speed: 16.31 km/h
- Average Bearing Change: 36.73°
- Max Speed: 40.00 km/h
- Min Speed: 0.34 km/h
- Speed Variability: 12.45 km/h
- Average Acceleration: 0.00 m/s²
- Max Acceleration: 3.40 m/s²
- Number of Turns: 124
- Turn Rate: 3.10 turns/min
- Average Turn Angle: 36.73°
- Turn Angle Variability: 48.44°
- Transport Mode: bus
    "
9.985692489908716,39.996,0.0,15.069509023036273,24.17919608737393,0.009425296622528338,3.205963593436264,0.4889259833062818,139,4.96133254015467,17.64732836496071,33.06949042359904,17.64732836496071,bus_cleaned.geojson,2008-05-12 10:40:49,2008-05-12 11:09:06,1697.0,bus,882,10,1.1337868480725624,264,9,11.11,"
Trip Summary:
- Start: 2008-05-12 10:40:49 at 中航科技大厦, 56, 知春路, 知春东里社区, 中关村街道, 海淀区, 北京市, 100098, 中国
- End: 2008-05-12 11:09:06 at 太阳宫桥, 北三环东路, 和平街街道, 朝阳区, 北京市, 100029, 中国
- Duration: 0 days 00:28:17
- Distance: 9.99 km
- Average Speed: 24.18 km/h
- Average Bearing Change: 17.65°
- Max Speed: 40.00 km/h
- Min Speed: 0.00 km/h
- Speed Variability: 15.07 km/h
- Average Acceleration: 0.01 m/s²
- Max Acceleration: 3.21 m/s²
- Number of Turns: 139
- Turn Rate: 4.96 turns/min
- Average Turn Angle: 17.65°
- Turn Angle Variability: 33.07°
- Transport Mode: bus
    "
8.941756765200706,50.004000000000005,0.0,21.24390290307973,33.38353707462874,0.02603936251061456,7.562673364143622,0.5045287652127741,70,3.8638454461821525,13.096481231760194,27.94714326024352,13.096481231760194,taxi_cleaned.geojson,2008-05-12 15:02:31,2008-05-12 15:20:57,1106.0,taxi,693,18,2.5974025974025974,342,17,13.89,"
Trip Summary:
- Start: 2008-05-12 15:02:31 at 北京中医药大学（西校区）, 11号, 北三环东路, 和平街街道, 朝阳区, 北京市, 100029, 中国
- End: 2008-05-12 15:20:57 at 知春路, 中关村街道, 海淀区, 北京市, 100098, 中国
- Duration: 0 days 00:18:26
- Distance: 8.94 km
- Average Speed: 33.38 km/h
- Average Bearing Change: 13.10°
- Max Speed: 50.00 km/h
- Min Speed: 0.00 km/h
- Speed Variability: 21.24 km/h
- Average Acceleration: 0.03 m/s²
- Max Acceleration: 7.56 m/s²
- Number of Turns: 70
- Turn Rate: 3.86 turns/min
- Average Turn Angle: 13.10°
- Turn Angle Variability: 27.95°
- Transport Mode: taxi
    "
0.06581139119385032,6.889022410207145,2.559722265696001,1.0210542130560536,5.279609952102241,0.009927480516195865,0.26009951790761593,0.12349068188033784,6,8.571428571428571,28.512135198656853,32.88413170595235,28.512135198656853,walk_cleaned.geojson,2008-05-12 15:22:41,2008-05-12 15:23:23,42.0,walk,21,1,4.761904761904762,2,0,2.78,"
Trip Summary:
- Start: 2008-05-12 15:22:41 at 中关村街道, 海淀区, 北京市, 100098, 中国
- End: 2008-05-12 15:23:23 at 希格玛大厦, 知春路, 中关村街道, 海淀区, 北京市, 100098, 中国
- Duration: 0 days 00:00:42
- Distance: 0.07 km
- Average Speed: 5.28 km/h
- Average Bearing Change: 28.51°
- Max Speed: 6.89 km/h
- Min Speed: 2.56 km/h
- Speed Variability: 1.02 km/h
- Average Acceleration: 0.01 m/s²
- Max Acceleration: 0.26 m/s²
- Number of Turns: 6
- Turn Rate: 8.57 turns/min
- Average Turn Angle: 28.51°
- Turn Angle Variability: 32.88°
- Transport Mode: walk
    "
13.162432670346234,39.996,0.15376378815445912,13.448889815586005,14.153912544875597,0.015660912852823127,4.526357577274771,0.35322927740560056,311,5.310187820147979,25.33731632654719,41.30806061461325,25.33731632654719,bus_cleaned.geojson,2008-09-19 09:31:50,2008-09-19 10:30:54,3544.0,bus,1409,21,1.4904187366926898,110,20,11.11,"
Trip Summary:
- Start: 2008-09-19 09:31:50 at 工人体育场北路, 东直门, 东直门街道, 首都功能核心区, 东城区, 北京市, 100010, 中国
- End: 2008-09-19 10:30:54 at 知春路, 花园路街道, 东升镇, 海淀区, 北京市, 100081, 中国
- Duration: 0 days 00:59:04
- Distance: 13.16 km
- Average Speed: 14.15 km/h
- Average Bearing Change: 25.34°
- Max Speed: 40.00 km/h
- Min Speed: 0.15 km/h
- Speed Variability: 13.45 km/h
- Average Acceleration: 0.02 m/s²
- Max Acceleration: 4.53 m/s²
- Number of Turns: 311
- Turn Rate: 5.31 turns/min
- Average Turn Angle: 25.34°
- Turn Angle Variability: 41.31°
- Transport Mode: bus
    "
0.8555854944363289,6.660415005251691,0.11420668017233909,1.4779860294209957,1.6843861886320686,-0.0008758438026185751,0.5392315096528826,0.09369548352403737,248,9.575289575289576,50.368991174371416,52.59071389367906,50.368991174371416,walk_cleaned.geojson,2008-09-19 11:37:24,2008-09-19 12:03:40,1576.0,walk,519,11,2.119460500963391,7,10,2.78,"
Trip Summary:
- Start: 2008-09-19 11:37:24 at 中关村街道, 海淀区, 北京市, 100190, 中国
- End: 2008-09-19 12:03:40 at 中关村街道, 海淀区, 北京市, 100190, 中国
- Duration: 0 days 00:26:16
- Distance: 0.86 km
- Average Speed: 1.68 km/h
- Average Bearing Change: 50.37°
- Max Speed: 6.66 km/h
- Min Speed: 0.11 km/h
- Speed Variability: 1.48 km/h
- Average Acceleration: -0.00 m/s²
- Max Acceleration: 0.54 m/s²
- Number of Turns: 248
- Turn Rate: 9.58 turns/min
- Average Turn Angle: 50.37°
- Turn Angle Variability: 52.59°
- Transport Mode: walk
    "
4.276114524866099,20.247716533755245,0.4075611292003461,5.326745013339209,14.833327203269576,0.00046022006725597754,0.42045855691458583,0.0791173453713335,18,0.9677419354838709,12.97941662422479,17.639965549423774,12.97941662422479,bike_cleaned.geojson,2008-09-07 03:35:09,2008-09-07 03:53:49,1120.0,bike,194,2,1.0309278350515463,4,1,6.94,"
Trip Summary:
- Start: 2008-09-07 03:35:09 at 清华大学, 30, 双清路, 东升镇, 海淀区, 北京市, 100084, 中国
- End: 2008-09-07 03:53:49 at 中关村街道, 海淀区, 北京市, 100098, 中国
- Duration: 0 days 00:18:40
- Distance: 4.28 km
- Average Speed: 14.83 km/h
- Average Bearing Change: 12.98°
- Max Speed: 20.25 km/h
- Min Speed: 0.41 km/h
- Speed Variability: 5.33 km/h
- Average Acceleration: 0.00 m/s²
- Max Acceleration: 0.42 m/s²
- Number of Turns: 18
- Turn Rate: 0.97 turns/min
- Average Turn Angle: 12.98°
- Turn Angle Variability: 17.64°
- Transport Mode: bike
    "
8.369502006963932,39.996,0.0,11.1113039668875,10.289158345766145,0.005549517960774637,2.0550832047359053,0.2990029413644868,274,5.323834196891191,23.801822929692527,36.168348755522175,23.801822929692527,bus_cleaned.geojson,2008-10-10 00:04:22,2008-10-10 00:56:16,3114.0,bus,1191,14,1.1754827875734677,34,13,11.11,"
Trip Summary:
- Start: 2008-10-10 00:04:22 at 北四环东路, 大屯街道, 朝阳区, 北京市, 100012, 中国
- End: 2008-10-10 00:56:16 at 工人体育场北路, 东直门街道, 首都功能核心区, 东城区, 北京市, 100010, 中国
- Duration: 0 days 00:51:54
- Distance: 8.37 km
- Average Speed: 10.29 km/h
- Average Bearing Change: 23.80°
- Max Speed: 40.00 km/h
- Min Speed: 0.00 km/h
- Speed Variability: 11.11 km/h
- Average Acceleration: 0.01 m/s²
- Max Acceleration: 2.06 m/s²
- Number of Turns: 274
- Turn Rate: 5.32 turns/min
- Average Turn Angle: 23.80°
- Turn Angle Variability: 36.17°
- Transport Mode: bus
    "
0.8575161414644566,10.008,0.6470835492794429,1.9422937385291164,4.5046475547221885,-0.0016956799592541506,0.6673168905596223,0.13556375617962185,85,9.272727272727273,31.9348936543578,34.36445271061177,31.9348936543578,walk_cleaned.geojson,2008-10-10 00:56:34,2008-10-10 01:05:58,564.0,walk,245,8,3.2653061224489797,13,7,2.78,"
Trip Summary:
- Start: 2008-10-10 00:56:34 at 东四十条桥东, 工人体育场北路, 东直门, 东直门街道, 首都功能核心区, 东城区, 北京市, 100010, 中国
- End: 2008-10-10 01:05:58 at 东中街, 东直门, 东直门街道, 首都功能核心区, 东城区, 北京市, 100010, 中国
- Duration: 0 days 00:09:24
- Distance: 0.86 km
- Average Speed: 4.50 km/h
- Average Bearing Change: 31.93°
- Max Speed: 10.01 km/h
- Min Speed: 0.65 km/h
- Speed Variability: 1.94 km/h
- Average Acceleration: -0.00 m/s²
- Max Acceleration: 0.67 m/s²
- Number of Turns: 85
- Turn Rate: 9.27 turns/min
- Average Turn Angle: 31.93°
- Turn Angle Variability: 34.36°
- Transport Mode: walk
    "
0.5068366569863121,16.915334440491446,0.19986147556884393,4.749576462054821,9.978551963841273,-0.01049778416196778,0.5106955942444945,0.18384170203778072,14,4.883720930232558,18.40067025939777,30.625079744111545,18.40067025939777,bike_cleaned.geojson,2008-08-15 01:46:05,2008-08-15 01:48:59,174.0,bike,87,2,2.2988505747126435,0,1,6.94,"
Trip Summary:
- Start: 2008-08-15 01:46:05 at 大钟寺东路, 中关村街道, 海淀区, 北京市, 100081, 中国
- End: 2008-08-15 01:48:59 at 中关村街道, 海淀区, 北京市, 100098, 中国
- Duration: 0 days 00:02:54
- Distance: 0.51 km
- Average Speed: 9.98 km/h
- Average Bearing Change: 18.40°
- Max Speed: 16.92 km/h
- Min Speed: 0.20 km/h
- Speed Variability: 4.75 km/h
- Average Acceleration: -0.01 m/s²
- Max Acceleration: 0.51 m/s²
- Number of Turns: 14
- Turn Rate: 4.88 turns/min
- Average Turn Angle: 18.40°
- Turn Angle Variability: 30.63°
- Transport Mode: bike
    "
0.021518327233678983,2.7838056296190725,0.15376425429326743,0.8926487788509904,1.0557095825040963,0.014593857060279837,0.12790095369217463,0.041963798025611704,5,6.818181818181818,34.57840093083152,54.616323837458964,34.57840093083152,walk_cleaned.geojson,2008-08-15 01:49:13,2008-08-15 01:49:57,44.0,walk,21,1,4.761904761904762,0,0,2.78,"
Trip Summary:
- Start: 2008-08-15 01:49:13 at 中关村街道, 海淀区, 北京市, 100098, 中国
- End: 2008-08-15 01:49:57 at 中关村街道, 海淀区, 北京市, 100098, 中国
- Duration: 0 days 00:00:44
- Distance: 0.02 km
- Average Speed: 1.06 km/h
- Average Bearing Change: 34.58°
- Max Speed: 2.78 km/h
- Min Speed: 0.15 km/h
- Speed Variability: 0.89 km/h
- Average Acceleration: 0.01 m/s²
- Max Acceleration: 0.13 m/s²
- Number of Turns: 5
- Turn Rate: 6.82 turns/min
- Average Turn Angle: 34.58°
- Turn Angle Variability: 54.62°
- Transport Mode: walk
    "
0.15366301548125957,6.03501340622573,0.7221254268311171,1.6198522942930589,3.6702669498777767,-0.007983593698509048,0.11702847723437075,0.050289930112602355,13,6.666666666666667,60.63310727227393,55.23394847466001,60.63310727227393,walk_cleaned.geojson,2009-09-28 10:43:38,2009-09-28 10:45:42,124.0,walk,26,3,11.538461538461538,1,2,2.78,"
Trip Summary:
- Start: 2009-09-28 10:43:38 at 知春路, 花园路街道, 中关村街道, 海淀区, 北京市, 100081, 中国
- End: 2009-09-28 10:45:42 at 知春路, 花园路街道, 中关村街道, 海淀区, 北京市, 100081, 中国
- Duration: 0 days 00:02:04
- Distance: 0.15 km
- Average Speed: 3.67 km/h
- Average Bearing Change: 60.63°
- Max Speed: 6.04 km/h
- Min Speed: 0.72 km/h
- Speed Variability: 1.62 km/h
- Average Acceleration: -0.01 m/s²
- Max Acceleration: 0.12 m/s²
- Number of Turns: 13
- Turn Rate: 6.67 turns/min
- Average Turn Angle: 60.63°
- Turn Angle Variability: 55.23°
- Transport Mode: walk
    "
10.345298781600322,39.996,0.2664802178673119,12.179191096701153,12.114110413814762,0.00033186064999229166,2.0461445340138975,0.27765096170688885,188,4.335126825518832,36.89475380798022,44.07003759785529,36.89475380798022,bus_cleaned.geojson,2009-04-20 09:20:22,2009-04-20 10:04:17,2635.0,bus,505,12,2.376237623762376,20,11,11.11,"
Trip Summary:
- Start: 2009-04-20 09:20:22 at 白云路, 月坛街道, 首都功能核心区, 西城区, 北京市, 100032, 中国
- End: 2009-04-20 10:04:17 at 中关村东路, 知春东里社区, 中关村街道, 海淀区, 北京市, 100098, 中国
- Duration: 0 days 00:43:55
- Distance: 10.35 km
- Average Speed: 12.11 km/h
- Average Bearing Change: 36.89°
- Max Speed: 40.00 km/h
- Min Speed: 0.27 km/h
- Speed Variability: 12.18 km/h
- Average Acceleration: 0.00 m/s²
- Max Acceleration: 2.05 m/s²
- Number of Turns: 188
- Turn Rate: 4.34 turns/min
- Average Turn Angle: 36.89°
- Turn Angle Variability: 44.07°
- Transport Mode: bus
    "
9.036146817944884,50.004000000000005,0.0,17.2507012989813,35.5475940267966,-0.010143388564328433,1.6111535247297066,0.225803173386186,26,1.8795180722891565,17.029428112788946,34.75762526837989,17.029428112788946,car_cleaned.geojson,2009-04-20 13:06:07,2009-04-20 13:19:47,820.0,car,164,1,0.6097560975609756,63,0,13.89,"
Trip Summary:
- Start: 2009-04-20 13:06:07 at 北二环, 安定门街道, 首都功能核心区, 东城区, 北京市, 100010, 中国
- End: 2009-04-20 13:19:47 at 希格玛大厦, 知春路, 中关村街道, 海淀区, 北京市, 100098, 中国
- Duration: 0 days 00:13:40
- Distance: 9.04 km
- Average Speed: 35.55 km/h
- Average Bearing Change: 17.03°
- Max Speed: 50.00 km/h
- Min Speed: 0.00 km/h
- Speed Variability: 17.25 km/h
- Average Acceleration: -0.01 m/s²
- Max Acceleration: 1.61 m/s²
- Number of Turns: 26
- Turn Rate: 1.88 turns/min
- Average Turn Angle: 17.03°
- Turn Angle Variability: 34.76°
- Transport Mode: car
    "
0.14075500605445151,10.008,2.01970300641617,2.345116867312899,6.888623657005851,0.009116469233182276,0.1799256666010008,0.09839616971684965,2,1.6,19.608701191739154,13.101390071332032,19.608701191739154,walk_cleaned.geojson,2009-04-20 10:56:44,2009-04-20 10:57:49,65.0,walk,15,2,13.333333333333334,3,1,2.78,"
Trip Summary:
- Start: 2009-04-20 10:56:44 at 东总布胡同, 建国门街道, 首都功能核心区, 东城区, 北京市, 100010, 中国
- End: 2009-04-20 10:57:49 at 贡院西街, 建国门街道, 首都功能核心区, 东城区, 北京市, 100010, 中国
- Duration: 0 days 00:01:05
- Distance: 0.14 km
- Average Speed: 6.89 km/h
- Average Bearing Change: 19.61°
- Max Speed: 10.01 km/h
- Min Speed: 2.02 km/h
- Speed Variability: 2.35 km/h
- Average Acceleration: 0.01 m/s²
- Max Acceleration: 0.18 m/s²
- Number of Turns: 2
- Turn Rate: 1.60 turns/min
- Average Turn Angle: 19.61°
- Turn Angle Variability: 13.10°
- Transport Mode: walk
    "
0.8431374005727028,39.996,0.5995848132981757,12.280378388511819,16.90205383077803,0.015390310726692173,1.892861273126322,0.6357674736066127,11,2.0370370370370368,18.640965502728392,36.74095892017698,18.640965502728392,bus_cleaned.geojson,2008-12-06 06:47:54,2008-12-06 06:53:14,320.0,bus,83,1,1.2048192771084338,6,0,11.11,"
Trip Summary:
- Start: 2008-12-06 06:47:54 at 中关村东路, 知春东里社区, 中关村街道, 海淀区, 北京市, 100098, 中国
- End: 2008-12-06 06:53:14 at 中关村东路, 知春东里社区, 中关村街道, 海淀区, 北京市, 100190, 中国
- Duration: 0 days 00:05:20
- Distance: 0.84 km
- Average Speed: 16.90 km/h
- Average Bearing Change: 18.64°
- Max Speed: 40.00 km/h
- Min Speed: 0.60 km/h
- Speed Variability: 12.28 km/h
- Average Acceleration: 0.02 m/s²
- Max Acceleration: 1.89 m/s²
- Number of Turns: 11
- Turn Rate: 2.04 turns/min
- Average Turn Angle: 18.64°
- Turn Angle Variability: 36.74°
- Transport Mode: bus
    "
0.8915352371420254,4.79608821519615,0.0,1.1566835934828588,1.3402596323695801,-0.0007510414641034975,0.5801532983817046,0.09709750523967847,267,9.720873786407768,40.97568811284705,47.03844029351893,40.97568811284705,walk_cleaned.geojson,2008-12-06 07:36:58,2008-12-06 08:04:48,1670.0,walk,696,12,1.7241379310344827,11,11,2.78,"
Trip Summary:
- Start: 2008-12-06 07:36:58 at 中关村南三条, 中关村街道, 海淀区, 北京市, 100190, 中国
- End: 2008-12-06 08:04:48 at 中关村南三条, 中关村街道, 海淀区, 北京市, 100190, 中国
- Duration: 0 days 00:27:50
- Distance: 0.89 km
- Average Speed: 1.34 km/h
- Average Bearing Change: 40.98°
- Max Speed: 4.80 km/h
- Min Speed: 0.00 km/h
- Speed Variability: 1.16 km/h
- Average Acceleration: -0.00 m/s²
- Max Acceleration: 0.58 m/s²
- Number of Turns: 267
- Turn Rate: 9.72 turns/min
- Average Turn Angle: 40.98°
- Turn Angle Variability: 47.04°
- Transport Mode: walk
    "
3.744239586183711,23.718102316446483,3.735468203243117,2.225559487833624,16.26660879370579,-0.000693205883041053,1.968066314357603,0.17580372125237978,18,1.3670886075949367,8.383770095712807,11.28960729249177,8.383770095712807,bike_cleaned.geojson,2008-10-23 17:09:18,2008-10-23 17:22:38,800.0,bike,363,10,2.7548209366391188,10,9,6.94,"
Trip Summary:
- Start: 2008-10-23 17:09:18 at 中国工商银行, 100, 中关村东路, 知春东里社区, 中关村街道, 海淀区, 北京市, 100190, 中国
- End: 2008-10-23 17:22:38 at 清华大学, 30, 双清路, 东升镇, 海淀区, 北京市, 100084, 中国
- Duration: 0 days 00:13:20
- Distance: 3.74 km
- Average Speed: 16.27 km/h
- Average Bearing Change: 8.38°
- Max Speed: 23.72 km/h
- Min Speed: 3.74 km/h
- Speed Variability: 2.23 km/h
- Average Acceleration: -0.00 m/s²
- Max Acceleration: 1.97 m/s²
- Number of Turns: 18
- Turn Rate: 1.37 turns/min
- Average Turn Angle: 8.38°
- Turn Angle Variability: 11.29°
- Transport Mode: bike
    "
14.196972273689507,39.996,0.0,13.708079694625946,13.919780077826081,0.0016568997853052372,2.413439227801793,0.3402388183465322,339,5.482479784366577,24.027905776061722,38.0713684387383,24.027905776061722,bus_cleaned.geojson,2008-09-24 23:51:05,2008-09-25 00:53:37,3752.0,bus,1522,22,1.445466491458607,146,21,11.11,"
Trip Summary:
- Start: 2008-09-24 23:51:05 at 中国地质大学（北京）, 29, 学院路, 学院路街道, 八家村总支委员会, 海淀区, 北京市, 100083, 中国
- End: 2008-09-25 00:53:37 at 工人体育场北路, 东直门, 东直门街道, 首都功能核心区, 东城区, 北京市, 100010, 中国
- Duration: 0 days 01:02:32
- Distance: 14.20 km
- Average Speed: 13.92 km/h
- Average Bearing Change: 24.03°
- Max Speed: 40.00 km/h
- Min Speed: 0.00 km/h
- Speed Variability: 13.71 km/h
- Average Acceleration: 0.00 m/s²
- Max Acceleration: 2.41 m/s²
- Number of Turns: 339
- Turn Rate: 5.48 turns/min
- Average Turn Angle: 24.03°
- Turn Angle Variability: 38.07°
- Transport Mode: bus
    "
0.23316045756672235,1.7166054494571632,0.0,0.3636409144825112,0.5536108694870217,0.002090821227254052,0.12381830033742408,0.02056903185820482,97,8.016528925619834,35.54604856917528,43.62770974365726,35.54604856917528,walk_cleaned.geojson,2008-09-25 01:37:03,2008-09-25 01:49:01,718.0,walk,285,6,2.1052631578947367,3,5,2.78,"
Trip Summary:
- Start: 2008-09-25 01:37:03 at 东中街, 东直门, 东直门街道, 首都功能核心区, 东城区, 北京市, 100010, 中国
- End: 2008-09-25 01:49:01 at 东中街, 东直门, 东直门街道, 首都功能核心区, 东城区, 北京市, 100010, 中国
- Duration: 0 days 00:11:58
- Distance: 0.23 km
- Average Speed: 0.55 km/h
- Average Bearing Change: 35.55°
- Max Speed: 1.72 km/h
- Min Speed: 0.00 km/h
- Speed Variability: 0.36 km/h
- Average Acceleration: 0.00 m/s²
- Max Acceleration: 0.12 m/s²
- Number of Turns: 97
- Turn Rate: 8.02 turns/min
- Average Turn Angle: 35.55°
- Turn Angle Variability: 43.63°
- Transport Mode: walk
    "
0.09850355839490796,3.997282171388167,0.5970513624961711,1.2408282327242441,2.4048030581996596,0.01479339355562567,0.3926714184164614,0.09404537129320696,13,5.379310344827586,63.78391472913493,53.5158113113203,63.78391472913493,walk_cleaned.geojson,2009-07-03 08:40:57,2009-07-03 08:42:52,115.0,walk,27,1,3.7037037037037033,2,0,2.78,"
Trip Summary:
- Start: 2009-07-03 08:40:57 at 立水桥, 立汤路, 来广营乡, 朝阳区, 北京市, 102218, 中国
- End: 2009-07-03 08:42:52 at 立水桥, 立汤路, 来广营乡, 朝阳区, 北京市, 102218, 中国
- Duration: 0 days 00:01:55
- Distance: 0.10 km
- Average Speed: 2.40 km/h
- Average Bearing Change: 63.78°
- Max Speed: 4.00 km/h
- Min Speed: 0.60 km/h
- Speed Variability: 1.24 km/h
- Average Acceleration: 0.01 m/s²
- Max Acceleration: 0.39 m/s²
- Number of Turns: 13
- Turn Rate: 5.38 turns/min
- Average Turn Angle: 63.78°
- Turn Angle Variability: 53.52°
- Transport Mode: walk
    "
0.028125262203015658,2.4896809308513186,0.0,0.7011564573961888,1.4577352971314121,0.015103550524168235,0.12152050562038348,0.049742418527437555,7,9.333333333333334,48.48541807403038,31.538665791378993,48.48541807403038,subway_cleaned.geojson,2008-11-27 08:38:43,2008-11-27 08:39:28,45.0,subway,13,1,7.6923076923076925,0,0,6.94,"
Trip Summary:
- Start: 2008-11-27 08:38:43 at 百盛购物中心, 成方街, 北京金融街, 金融街街道, 首都功能核心区, 西城区, 北京市, 100032, 中国
- End: 2008-11-27 08:39:28 at 百盛购物中心, 成方街, 北京金融街, 金融街街道, 首都功能核心区, 西城区, 北京市, 100032, 中国
- Duration: 0 days 00:00:45
- Distance: 0.03 km
- Average Speed: 1.46 km/h
- Average Bearing Change: 48.49°
- Max Speed: 2.49 km/h
- Min Speed: 0.00 km/h
- Speed Variability: 0.70 km/h
- Average Acceleration: 0.02 m/s²
- Max Acceleration: 0.12 m/s²
- Number of Turns: 7
- Turn Rate: 9.33 turns/min
- Average Turn Angle: 48.49°
- Turn Angle Variability: 31.54°
- Transport Mode: subway
    "
17.434573186721313,50.004000000000005,0.0,15.648226213326332,28.64621440096476,0.01619619227453612,2.6781237592541407,0.26905028507543544,51,1.4299065420560748,13.504943465150602,29.027964652123543,13.504943465150602,car_cleaned.geojson,2008-11-27 23:41:02,2008-11-28 00:16:40,2138.0,car,418,1,0.23923444976076555,59,0,13.89,"
Trip Summary:
- Start: 2008-11-27 23:41:02 at 知春路, 知春东里社区, 中关村街道, 海淀区, 北京市, 100098, 中国
- End: 2008-11-28 00:16:40 at 巫山烤全鱼, 东中街, 东直门, 东直门街道, 首都功能核心区, 东城区, 北京市, 100010, 中国
- Duration: 0 days 00:35:38
- Distance: 17.43 km
- Average Speed: 28.65 km/h
- Average Bearing Change: 13.50°
- Max Speed: 50.00 km/h
- Min Speed: 0.00 km/h
- Speed Variability: 15.65 km/h
- Average Acceleration: 0.02 m/s²
- Max Acceleration: 2.68 m/s²
- Number of Turns: 51
- Turn Rate: 1.43 turns/min
- Average Turn Angle: 13.50°
- Turn Angle Variability: 29.03°
- Transport Mode: car
    "
0.721881932312645,6.380926815305721,0.7825346053489606,1.4330966529705658,3.532297216375896,-0.0002307290812641937,0.3112418640681074,0.061822701560525536,50,4.580152671755726,47.90602470963317,48.25292532983911,47.90602470963317,walk_cleaned.geojson,2008-11-27 09:07:43,2008-11-27 09:18:53,670.0,walk,107,4,3.7383177570093453,4,3,2.78,"
Trip Summary:
- Start: 2008-11-27 09:07:43 at 工人体育场北路, 东直门, 东直门街道, 首都功能核心区, 东城区, 北京市, 100010, 中国
- End: 2008-11-27 09:18:53 at 中国建设银行, 东中街, 东直门, 东直门街道, 首都功能核心区, 东城区, 北京市, 100010, 中国
- Duration: 0 days 00:11:10
- Distance: 0.72 km
- Average Speed: 3.53 km/h
- Average Bearing Change: 47.91°
- Max Speed: 6.38 km/h
- Min Speed: 0.78 km/h
- Speed Variability: 1.43 km/h
- Average Acceleration: -0.00 m/s²
- Max Acceleration: 0.31 m/s²
- Number of Turns: 50
- Turn Rate: 4.58 turns/min
- Average Turn Angle: 47.91°
- Turn Angle Variability: 48.25°
- Transport Mode: walk
    "
2.1331694747816683,50.004000000000005,2.1638028826599793,15.816483395565626,21.992649267418802,0.002471243131679929,0.6677789396573897,0.25635018509383,14,2.5454545454545454,25.452446277266496,39.934161858317005,25.452446277266496,taxi_cleaned.geojson,2008-09-19 03:54:48,2008-09-19 04:00:23,335.0,taxi,59,2,3.389830508474576,5,1,13.89,"
Trip Summary:
- Start: 2008-09-19 03:54:48 at 希格玛大厦, 知春路, 中关村街道, 海淀区, 北京市, 100098, 中国
- End: 2008-09-19 04:00:23 at 中关村大街, 中关村, 中关村街道, 海淀区, 北京市, 100872, 中国
- Duration: 0 days 00:05:35
- Distance: 2.13 km
- Average Speed: 21.99 km/h
- Average Bearing Change: 25.45°
- Max Speed: 50.00 km/h
- Min Speed: 2.16 km/h
- Speed Variability: 15.82 km/h
- Average Acceleration: 0.00 m/s²
- Max Acceleration: 0.67 m/s²
- Number of Turns: 14
- Turn Rate: 2.55 turns/min
- Average Turn Angle: 25.45°
- Turn Angle Variability: 39.93°
- Transport Mode: taxi
    "
0.34831103797266294,4.818296994428156,2.538470818353447,0.5017270232153235,3.964528028352999,0.0012675801251773935,0.0970141108460997,0.024153214174314368,16,2.807017543859649,29.464664115734113,34.984897695186355,29.464664115734113,walk_cleaned.geojson,2008-09-19 06:08:06,2008-09-19 06:13:53,347.0,walk,57,2,3.508771929824561,1,1,2.78,"
Trip Summary:
- Start: 2008-09-19 06:08:06 at 知春路, 花园路街道, 中关村街道, 海淀区, 北京市, 100081, 中国
- End: 2008-09-19 06:13:53 at 中关村街道, 海淀区, 北京市, 100098, 中国
- Duration: 0 days 00:05:47
- Distance: 0.35 km
- Average Speed: 3.96 km/h
- Average Bearing Change: 29.46°
- Max Speed: 4.82 km/h
- Min Speed: 2.54 km/h
- Speed Variability: 0.50 km/h
- Average Acceleration: 0.00 m/s²
- Max Acceleration: 0.10 m/s²
- Number of Turns: 16
- Turn Rate: 2.81 turns/min
- Average Turn Angle: 29.46°
- Turn Angle Variability: 34.98°
- Transport Mode: walk
    "
0.07905137693938057,3.7453780792204676,0.45068839710096953,1.0792544969864872,2.822322788187524,-0.01188589113027638,0.025101610009774334,0.02640962979106603,6,6.0,56.37726394808871,51.36381117092161,56.37726394808871,subway_cleaned.geojson,2009-06-14 02:52:11,2009-06-14 02:53:11,60.0,subway,13,2,15.384615384615385,1,1,6.94,"
Trip Summary:
- Start: 2009-06-14 02:52:11 at 知春路, 知春东里社区, 中关村街道, 海淀区, 北京市, 100081, 中国
- End: 2009-06-14 02:53:11 at 知春路, 知春东里社区, 中关村街道, 海淀区, 北京市, 100081, 中国
- Duration: 0 days 00:01:00
- Distance: 0.08 km
- Average Speed: 2.82 km/h
- Average Bearing Change: 56.38°
- Max Speed: 3.75 km/h
- Min Speed: 0.45 km/h
- Speed Variability: 1.08 km/h
- Average Acceleration: -0.01 m/s²
- Max Acceleration: 0.03 m/s²
- Number of Turns: 6
- Turn Rate: 6.00 turns/min
- Average Turn Angle: 56.38°
- Turn Angle Variability: 51.36°
- Transport Mode: subway
    "
0.09324384083668892,3.8378339746473706,1.0781575452049414,0.8157676407052931,2.4504829482730535,-0.0020972862530867554,0.06852260965978144,0.04539518694808251,9,6.0,73.65755745755014,62.50952136406876,73.65755745755014,walk_cleaned.geojson,2009-06-14 02:36:16,2009-06-14 02:37:51,95.0,walk,18,2,11.11111111111111,0,1,2.78,"
Trip Summary:
- Start: 2009-06-14 02:36:16 at 星规路, 知春东里社区, 中关村街道, 海淀区, 北京市, 100098, 中国
- End: 2009-06-14 02:37:51 at 希格玛大厦, 知春路, 中关村街道, 海淀区, 北京市, 100098, 中国
- Duration: 0 days 00:01:35
- Distance: 0.09 km
- Average Speed: 2.45 km/h
- Average Bearing Change: 73.66°
- Max Speed: 3.84 km/h
- Min Speed: 1.08 km/h
- Speed Variability: 0.82 km/h
- Average Acceleration: -0.00 m/s²
- Max Acceleration: 0.07 m/s²
- Number of Turns: 9
- Turn Rate: 6.00 turns/min
- Average Turn Angle: 73.66°
- Turn Angle Variability: 62.51°
- Transport Mode: walk
    "
7.426083764632416,39.996,0.3426091529519204,12.942330867381044,16.0086339558073,-0.0026864624294205353,0.8392373347407782,0.294107302090526,94,3.6270096463022505,31.768944692789553,44.28571717471043,31.768944692789553,bus_cleaned.geojson,2009-04-13 02:11:33,2009-04-13 02:37:43,1570.0,bus,318,4,1.257861635220126,21,3,11.11,"
Trip Summary:
- Start: 2009-04-13 02:11:33 at 青龙桥街道, 海淀区, 北京市, 100091, 中国
- End: 2009-04-13 02:37:43 at 中航科技大厦, 56, 知春路, 知春东里社区, 中关村街道, 海淀区, 北京市, 100098, 中国
- Duration: 0 days 00:26:10
- Distance: 7.43 km
- Average Speed: 16.01 km/h
- Average Bearing Change: 31.77°
- Max Speed: 40.00 km/h
- Min Speed: 0.34 km/h
- Speed Variability: 12.94 km/h
- Average Acceleration: -0.00 m/s²
- Max Acceleration: 0.84 m/s²
- Number of Turns: 94
- Turn Rate: 3.63 turns/min
- Average Turn Angle: 31.77°
- Turn Angle Variability: 44.29°
- Transport Mode: bus
    "
0.47092076991956516,7.698913091833252,1.5456356235466548,1.42989945720355,5.190031047837004,0.0023408961742214874,0.20717101756357978,0.04760014444999331,14,2.6666666666666665,19.219008365400118,15.242567656451376,19.219008365400118,walk_cleaned.geojson,2009-04-13 07:25:05,2009-04-13 07:30:25,320.0,walk,61,2,3.278688524590164,0,1,2.78,"
Trip Summary:
- Start: 2009-04-13 07:25:05 at 星规路, 知春东里社区, 中关村街道, 海淀区, 北京市, 100098, 中国
- End: 2009-04-13 07:30:25 at 知春路, 花园路街道, 中关村街道, 海淀区, 北京市, 100081, 中国
- Duration: 0 days 00:05:20
- Distance: 0.47 km
- Average Speed: 5.19 km/h
- Average Bearing Change: 19.22°
- Max Speed: 7.70 km/h
- Min Speed: 1.55 km/h
- Speed Variability: 1.43 km/h
- Average Acceleration: 0.00 m/s²
- Max Acceleration: 0.21 m/s²
- Number of Turns: 14
- Turn Rate: 2.67 turns/min
- Average Turn Angle: 19.22°
- Turn Angle Variability: 15.24°
- Transport Mode: walk
    "
4.1605529704320885,39.996,0.25227419795322287,15.157383343037093,18.476397954106258,0.019627225338636447,2.769089174565613,0.37896501057080245,59,3.4980237154150196,17.598898229377333,29.27244040555492,17.598898229377333,bus_cleaned.geojson,2008-12-12 08:07:17,2008-12-12 08:24:15,1018.0,bus,356,4,1.1235955056179776,53,3,11.11,"
Trip Summary:
- Start: 2008-12-12 08:07:17 at 右安门西滨河路, 玉林里社区, 右安门街道, 西铁营村, 丰台区, 北京市, 100069, 中国
- End: 2008-12-12 08:24:15 at 广安门北滨河路, 月坛街道, 首都功能核心区, 西城区, 北京市, 100032, 中国
- Duration: 0 days 00:16:58
- Distance: 4.16 km
- Average Speed: 18.48 km/h
- Average Bearing Change: 17.60°
- Max Speed: 40.00 km/h
- Min Speed: 0.25 km/h
- Speed Variability: 15.16 km/h
- Average Acceleration: 0.02 m/s²
- Max Acceleration: 2.77 m/s²
- Number of Turns: 59
- Turn Rate: 3.50 turns/min
- Average Turn Angle: 17.60°
- Turn Angle Variability: 29.27°
- Transport Mode: bus
    "
12.946475679414924,10.008,0.0,3.484103174132662,3.9903454297207928,0.009866392030058785,1.3344832264261381,0.1750592382740674,357,5.516353335050218,29.236348355776446,39.08185892316794,29.236348355776446,walk_cleaned.geojson,2008-12-12 08:38:41,2008-12-12 09:55:12,4591.0,walk,1630,349,21.411042944785276,181,348,2.78,"
Trip Summary:
- Start: 2008-12-12 08:38:41 at 月坛街道, 首都功能核心区, 西城区, 北京市, 100032, 中国
- End: 2008-12-12 09:55:12 at 中国科学院大学（中关村校区）, 中关村南四街, 知春东里社区, 中关村街道, 海淀区, 北京市, 100098, 中国
- Duration: 0 days 01:16:31
- Distance: 12.95 km
- Average Speed: 3.99 km/h
- Average Bearing Change: 29.24°
- Max Speed: 10.01 km/h
- Min Speed: 0.00 km/h
- Speed Variability: 3.48 km/h
- Average Acceleration: 0.01 m/s²
- Max Acceleration: 1.33 m/s²
- Number of Turns: 357
- Turn Rate: 5.52 turns/min
- Average Turn Angle: 29.24°
- Turn Angle Variability: 39.08°
- Transport Mode: walk
    "
11.329536129004953,39.996,0.10456032316233851,12.045601416923976,12.13726259475402,0.014110029246504405,1.8773550121187619,0.27246260756379176,176,3.6102564102564103,36.607591454272836,48.043703507309026,36.607591454272836,bus_cleaned.geojson,2009-03-23 09:17:40,2009-03-23 10:07:00,2960.0,bus,542,9,1.6605166051660518,32,8,11.11,"
Trip Summary:
- Start: 2009-03-23 09:17:40 at 龙人居酒楼, 二七剧场路, 月坛街道, 首都功能核心区, 西城区, 北京市, 100032, 中国
- End: 2009-03-23 10:07:00 at 白塔庵北, 中关村东路, 知春东里社区, 中关村街道, 海淀区, 北京市, 100190, 中国
- Duration: 0 days 00:49:20
- Distance: 11.33 km
- Average Speed: 12.14 km/h
- Average Bearing Change: 36.61°
- Max Speed: 40.00 km/h
- Min Speed: 0.10 km/h
- Speed Variability: 12.05 km/h
- Average Acceleration: 0.01 m/s²
- Max Acceleration: 1.88 m/s²
- Number of Turns: 176
- Turn Rate: 3.61 turns/min
- Average Turn Angle: 36.61°
- Turn Angle Variability: 48.04°
- Transport Mode: bus
    "
0.3015565759991451,7.0460054705577,4.015341078305415,0.7749073899166369,5.787708073098591,0.0007783958721519513,0.07485269471294567,0.026977511446757686,12,3.8918918918918917,25.240554454626043,23.919062867022472,25.240554454626043,walk_cleaned.geojson,2009-03-23 10:08:27,2009-03-23 10:11:32,185.0,walk,36,1,2.7777777777777777,3,0,2.78,"
Trip Summary:
- Start: 2009-03-23 10:08:27 at 世纪科贸大厦C座, 66号, 中关村东路, 知春东里社区, 中关村街道, 海淀区, 北京市, 100190, 中国
- End: 2009-03-23 10:11:32 at 中关村南三条, 中关村街道, 海淀区, 北京市, 100190, 中国
- Duration: 0 days 00:03:05
- Distance: 0.30 km
- Average Speed: 5.79 km/h
- Average Bearing Change: 25.24°
- Max Speed: 7.05 km/h
- Min Speed: 4.02 km/h
- Speed Variability: 0.77 km/h
- Average Acceleration: 0.00 m/s²
- Max Acceleration: 0.07 m/s²
- Number of Turns: 12
- Turn Rate: 3.89 turns/min
- Average Turn Angle: 25.24°
- Turn Angle Variability: 23.92°
- Transport Mode: walk
    "
2.9098989725900832,31.836345404498854,0.0,10.04713361823969,13.753913454868979,0.012193958824990853,1.5051969204368496,0.2921552628205361,74,5.849802371541502,24.035810021429317,37.748421948551965,24.035810021429317,bus_cleaned.geojson,2008-05-02 13:06:41,2008-05-02 13:19:21,760.0,bus,361,2,0.554016620498615,3,1,11.11,"
Trip Summary:
- Start: 2008-05-02 13:06:41 at 广仁大街, 西大街街道, 双桥区, 承德市, 河北省, 067000, 中国
- End: 2008-05-02 13:19:21 at 广仁大街, 头道牌楼街道, 双桥区, 承德市, 河北省, 067000, 中国
- Duration: 0 days 00:12:40
- Distance: 2.91 km
- Average Speed: 13.75 km/h
- Average Bearing Change: 24.04°
- Max Speed: 31.84 km/h
- Min Speed: 0.00 km/h
- Speed Variability: 10.05 km/h
- Average Acceleration: 0.01 m/s²
- Max Acceleration: 1.51 m/s²
- Number of Turns: 74
- Turn Rate: 5.85 turns/min
- Average Turn Angle: 24.04°
- Turn Angle Variability: 37.75°
- Transport Mode: bus
    "
53.24979739546544,24.984,10.931481187074695,0.48932030005885885,24.96327922060943,-0.004339674976015937,0.24867114225347198,0.13409570960840078,21,0.8695652173913044,3.9499370628040085,8.267447006460104,3.9499370628040085,train_cleaned.geojson,2008-05-02 03:44:47,2008-05-02 04:46:59,3732.0,train,3130,2278,72.77955271565494,780,2277,6.94,"
Trip Summary:
- Start: 2008-05-02 03:44:47 at 北安社区, 隆化县, 承德市, 河北省, 中国
- End: 2008-05-02 04:46:59 at 普乐北路, 桥东街道, 双桥区, 承德市, 河北省, 067000, 中国
- Duration: 0 days 01:02:12
- Distance: 53.25 km
- Average Speed: 24.96 km/h
- Average Bearing Change: 3.95°
- Max Speed: 24.98 km/h
- Min Speed: 10.93 km/h
- Speed Variability: 0.49 km/h
- Average Acceleration: -0.00 m/s²
- Max Acceleration: 0.25 m/s²
- Number of Turns: 21
- Turn Rate: 0.87 turns/min
- Average Turn Angle: 3.95°
- Turn Angle Variability: 8.27°
- Transport Mode: train
    "
0.5547973140570652,7.775720229703717,0.0,1.6616886918907414,1.72390081263387,0.00303886043999093,0.39228963750344825,0.07250495725068082,160,9.795918367346939,38.11077536702256,44.35032559242191,38.11077536702256,walk_cleaned.geojson,2008-05-02 08:00:58,2008-05-02 08:17:30,992.0,walk,410,7,1.707317073170732,7,6,2.78,"
Trip Summary:
- Start: 2008-05-02 08:00:58 at 丽正门大街, 中华路街道, 双桥区, 承德市, 河北省, 067000, 中国
- End: 2008-05-02 08:17:30 at 碧峰门路, 中华路街道, 双桥区, 承德市, 河北省, 067000, 中国
- Duration: 0 days 00:16:32
- Distance: 0.55 km
- Average Speed: 1.72 km/h
- Average Bearing Change: 38.11°
- Max Speed: 7.78 km/h
- Min Speed: 0.00 km/h
- Speed Variability: 1.66 km/h
- Average Acceleration: 0.00 m/s²
- Max Acceleration: 0.39 m/s²
- Number of Turns: 160
- Turn Rate: 9.80 turns/min
- Average Turn Angle: 38.11°
- Turn Angle Variability: 44.35°
- Transport Mode: walk
    "
12.119571269375907,39.996,0.2441563301661971,13.804698232069603,15.036791741826276,0.0072402768467603575,2.8062352204484626,0.35332165399002224,157,3.4480234260614937,36.44010876542491,47.86538243854996,36.44010876542491,bus_cleaned.geojson,2009-04-26 22:42:30,2009-04-26 23:28:56,2786.0,bus,467,13,2.7837259100642395,37,12,11.11,"
Trip Summary:
- Start: 2009-04-26 22:42:30 at 中关村东路, 知春东里社区, 中关村街道, 海淀区, 北京市, 100190, 中国
- End: 2009-04-26 23:28:56 at Unknown Location
- Duration: 0 days 00:46:26
- Distance: 12.12 km
- Average Speed: 15.04 km/h
- Average Bearing Change: 36.44°
- Max Speed: 40.00 km/h
- Min Speed: 0.24 km/h
- Speed Variability: 13.80 km/h
- Average Acceleration: 0.01 m/s²
- Max Acceleration: 2.81 m/s²
- Number of Turns: 157
- Turn Rate: 3.45 turns/min
- Average Turn Angle: 36.44°
- Turn Angle Variability: 47.87°
- Transport Mode: bus
    "
1.704614560904808,9.62879786596332,2.560720964345812,1.2017749427567939,5.015628346867816,-0.0007079522181581753,0.08049358167234036,0.020649474164839907,8,0.41594454072790293,17.761929502488893,20.16336145157282,17.761929502488893,walk_cleaned.geojson,2007-04-24 13:16:05,2007-04-24 13:35:39,1174.0,walk,54,3,5.555555555555555,4,2,2.78,"
Trip Summary:
- Start: 2007-04-24 13:16:05 at 白石桥东, 西直门外大街, 甘家口街道, 海淀区, 北京市, 100835, 中国
- End: 2007-04-24 13:35:39 at 增光路, 甘家口街道, 海淀区, 北京市, 100835, 中国
- Duration: 0 days 00:19:34
- Distance: 1.70 km
- Average Speed: 5.02 km/h
- Average Bearing Change: 17.76°
- Max Speed: 9.63 km/h
- Min Speed: 2.56 km/h
- Speed Variability: 1.20 km/h
- Average Acceleration: -0.00 m/s²
- Max Acceleration: 0.08 m/s²
- Number of Turns: 8
- Turn Rate: 0.42 turns/min
- Average Turn Angle: 17.76°
- Turn Angle Variability: 20.16°
- Transport Mode: walk
    "
0.6044807916929925,10.000763559031801,0.7385744396530668,2.8782227719761013,4.840804716681387,0.017232376204685228,0.8810111700264812,0.1688529608963584,33,5.380434782608695,41.4702689873668,44.70077396054173,41.4702689873668,walk_cleaned.geojson,2009-09-12 07:51:25,2009-09-12 07:57:44,379.0,walk,81,6,7.4074074074074066,8,5,2.78,"
Trip Summary:
- Start: 2009-09-12 07:51:25 at 北京中央商务区, 建外街道, 朝阳区, 北京市, 100022, 中国
- End: 2009-09-12 07:57:44 at 北京中央商务区, 建外街道, 朝阳区, 北京市, 100022, 中国
- Duration: 0 days 00:06:19
- Distance: 0.60 km
- Average Speed: 4.84 km/h
- Average Bearing Change: 41.47°
- Max Speed: 10.00 km/h
- Min Speed: 0.74 km/h
- Speed Variability: 2.88 km/h
- Average Acceleration: 0.02 m/s²
- Max Acceleration: 0.88 m/s²
- Number of Turns: 33
- Turn Rate: 5.38 turns/min
- Average Turn Angle: 41.47°
- Turn Angle Variability: 44.70°
- Transport Mode: walk
    "
0.9212621878572973,15.779299615971514,10.634658409998973,1.405221693236878,13.279626555557229,-0.0022305833239819176,0.11869920155614082,0.045354899319953616,5,1.2,13.668359669920346,13.175361012546325,13.668359669920346,bike_cleaned.geojson,2011-11-08 20:48:13,2011-11-08 20:52:23,250.0,bike,52,1,1.9230769230769231,0,0,6.94,"
Trip Summary:
- Start: 2011-11-08 20:48:13 at 知春路, 知春东里社区, 中关村街道, 海淀区, 北京市, 100098, 中国
- End: 2011-11-08 20:52:23 at 中关村街道, 海淀区, 北京市, 100098, 中国
- Duration: 0 days 00:04:10
- Distance: 0.92 km
- Average Speed: 13.28 km/h
- Average Bearing Change: 13.67°
- Max Speed: 15.78 km/h
- Min Speed: 10.63 km/h
- Speed Variability: 1.41 km/h
- Average Acceleration: -0.00 m/s²
- Max Acceleration: 0.12 m/s²
- Number of Turns: 5
- Turn Rate: 1.20 turns/min
- Average Turn Angle: 13.67°
- Turn Angle Variability: 13.18°
- Transport Mode: bike
    "
1.0390672928670623,39.996,0.9559421228913597,12.945630810777457,18.630201771158458,0.020397514854175444,0.7751576117781349,0.2902015864999061,13,3.627906976744186,27.93321021121278,29.344271630608116,27.93321021121278,bus_cleaned.geojson,2008-10-23 01:27:49,2008-10-23 01:31:09,200.0,bus,39,1,2.564102564102564,4,0,11.11,"
Trip Summary:
- Start: 2008-10-23 01:27:49 at 东直门南小街, 北新桥街道, 首都功能核心区, 东城区, 北京市, 100010, 中国
- End: 2008-10-23 01:31:09 at 东直门外大街, 东直门, 东直门街道, 首都功能核心区, 东城区, 北京市, 100010, 中国
- Duration: 0 days 00:03:20
- Distance: 1.04 km
- Average Speed: 18.63 km/h
- Average Bearing Change: 27.93°
- Max Speed: 40.00 km/h
- Min Speed: 0.96 km/h
- Speed Variability: 12.95 km/h
- Average Acceleration: 0.02 m/s²
- Max Acceleration: 0.78 m/s²
- Number of Turns: 13
- Turn Rate: 3.63 turns/min
- Average Turn Angle: 27.93°
- Turn Angle Variability: 29.34°
- Transport Mode: bus
    "
2.8313405742693947,10.008,0.2299808511474857,2.227238837944242,4.0194159965548755,0.006430128113406789,1.1529115634770857,0.10400048599745679,122,4.3623361144219315,45.13659345287912,44.555477761921914,45.13659345287912,walk_cleaned.geojson,2008-10-23 01:25:59,2008-10-23 01:54:19,1700.0,walk,267,7,2.6217228464419478,13,6,2.78,"
Trip Summary:
- Start: 2008-10-23 01:25:59 at 东直门南小街, 北新桥街道, 首都功能核心区, 东城区, 北京市, 100010, 中国
- End: 2008-10-23 01:54:19 at April Gourmet, 东中街, 东直门, 东直门街道, 首都功能核心区, 东城区, 北京市, 100010, 中国
- Duration: 0 days 00:28:20
- Distance: 2.83 km
- Average Speed: 4.02 km/h
- Average Bearing Change: 45.14°
- Max Speed: 10.01 km/h
- Min Speed: 0.23 km/h
- Speed Variability: 2.23 km/h
- Average Acceleration: 0.01 m/s²
- Max Acceleration: 1.15 m/s²
- Number of Turns: 122
- Turn Rate: 4.36 turns/min
- Average Turn Angle: 45.14°
- Turn Angle Variability: 44.56°
- Transport Mode: walk
    "
1.6179434907701387,24.984,3.627621778291289,7.959283570413486,18.436590104010786,-0.059323272838079755,0.0,0.10795794829192876,9,3.6,31.006121883469525,26.112252016422993,31.006121883469525,subway_cleaned.geojson,2009-05-22 10:49:44,2009-05-22 10:53:04,200.0,subway,40,19,47.5,8,18,6.94,"
Trip Summary:
- Start: 2009-05-22 10:49:44 at BHG Mall 华联同成街购物中心, 同成街, 回龙观街道, 昌平区, 北京市, 100096, 中国
- End: 2009-05-22 10:53:04 at 金榜园西侧路, 回龙观街道, 昌平区, 北京市, 102208, 中国
- Duration: 0 days 00:03:20
- Distance: 1.62 km
- Average Speed: 18.44 km/h
- Average Bearing Change: 31.01°
- Max Speed: 24.98 km/h
- Min Speed: 3.63 km/h
- Speed Variability: 7.96 km/h
- Average Acceleration: -0.06 m/s²
- Max Acceleration: 0.00 m/s²
- Number of Turns: 9
- Turn Rate: 3.60 turns/min
- Average Turn Angle: 31.01°
- Turn Angle Variability: 26.11°
- Transport Mode: subway
    "
6.715679927721848,39.996,0.0,10.839869474970223,13.406241333435634,0.016961100338515674,1.8846903077589,0.26412731750263696,157,2.5295381310418903,21.16249749408619,32.88401160462297,21.16249749408619,bus_cleaned.geojson,2008-09-28 06:19:49,2008-09-28 07:22:05,3736.0,bus,784,7,0.8928571428571428,24,6,11.11,"
Trip Summary:
- Start: 2008-09-28 06:19:49 at 电子大楼, 58, 长安北路, 长安路街道, 碑林区, 西安市, 陕西省, 710000, 中国
- End: 2008-09-28 07:22:05 at 雁塔北路, 文艺路街道, 碑林区, 西安市, 陕西省, 710055, 中国
- Duration: 0 days 01:02:16
- Distance: 6.72 km
- Average Speed: 13.41 km/h
- Average Bearing Change: 21.16°
- Max Speed: 40.00 km/h
- Min Speed: 0.00 km/h
- Speed Variability: 10.84 km/h
- Average Acceleration: 0.02 m/s²
- Max Acceleration: 1.88 m/s²
- Number of Turns: 157
- Turn Rate: 2.53 turns/min
- Average Turn Angle: 21.16°
- Turn Angle Variability: 32.88°
- Transport Mode: bus
    "
11.513728069655963,10.008,0.16577487041565647,2.6274468864421325,4.23660810023029,0.003515693934133956,1.2824918425038847,0.16061010513145701,457,4.720261662936823,35.43493530846174,41.96655231056543,35.43493530846174,walk_cleaned.geojson,2008-09-28 06:15:45,2008-09-28 07:56:45,6060.0,walk,1334,58,4.3478260869565215,107,57,2.78,"
Trip Summary:
- Start: 2008-09-28 06:15:45 at 长安路街道, 碑林区, 西安市, 陕西省, 710064, 中国
- End: 2008-09-28 07:56:45 at 建东街, 太乙路街道, 碑林区, 西安市, 陕西省, 710055, 中国
- Duration: 0 days 01:41:00
- Distance: 11.51 km
- Average Speed: 4.24 km/h
- Average Bearing Change: 35.43°
- Max Speed: 10.01 km/h
- Min Speed: 0.17 km/h
- Speed Variability: 2.63 km/h
- Average Acceleration: 0.00 m/s²
- Max Acceleration: 1.28 m/s²
- Number of Turns: 457
- Turn Rate: 4.72 turns/min
- Average Turn Angle: 35.43°
- Turn Angle Variability: 41.97°
- Transport Mode: walk
    "
8.965308634116576,39.996,0.0,13.736455636079684,12.313389202387683,0.013021001601625502,2.5621205918601566,0.2933344064166979,129,3.5684647302904566,37.48460841381644,46.474623709225284,37.48460841381644,bus_cleaned.geojson,2011-11-14 07:00:45,2011-11-14 07:35:33,2088.0,bus,367,16,4.35967302452316,28,15,11.11,"
Trip Summary:
- Start: 2011-11-14 07:00:45 at 阜成门内, 阜成门内大街, 北京金融街, 金融街街道, 首都功能核心区, 西城区, 北京市, 100032, 中国
- End: 2011-11-14 07:35:33 at 中国人民大学附属中学, 37, 中关村大街, 中关村, 中关村街道, 海淀区, 北京市, 100872, 中国
- Duration: 0 days 00:34:48
- Distance: 8.97 km
- Average Speed: 12.31 km/h
- Average Bearing Change: 37.48°
- Max Speed: 40.00 km/h
- Min Speed: 0.00 km/h
- Speed Variability: 13.74 km/h
- Average Acceleration: 0.01 m/s²
- Max Acceleration: 2.56 m/s²
- Number of Turns: 129
- Turn Rate: 3.57 turns/min
- Average Turn Angle: 37.48°
- Turn Angle Variability: 46.47°
- Transport Mode: bus
    "
0.8122889435185154,9.84346390601693,1.3118832660937094,1.996887546964606,5.721264397380999,-0.0005103519884288415,0.15510701675659658,0.0545572864846752,29,3.8241758241758244,28.93397999330699,29.147096147517946,28.93397999330699,walk_cleaned.geojson,2011-11-14 07:36:28,2011-11-14 07:44:13,465.0,walk,90,3,3.3333333333333335,3,2,2.78,"
Trip Summary:
- Start: 2011-11-14 07:36:28 at 815, 中关村大街, 中关村, 中关村街道, 海淀区, 北京市, 100872, 中国
- End: 2011-11-14 07:44:13 at 中关村地下环廊, 中关村核心区, 海淀街道, 海淀区, 北京市, 100080, 中国
- Duration: 0 days 00:07:45
- Distance: 0.81 km
- Average Speed: 5.72 km/h
- Average Bearing Change: 28.93°
- Max Speed: 9.84 km/h
- Min Speed: 1.31 km/h
- Speed Variability: 2.00 km/h
- Average Acceleration: -0.00 m/s²
- Max Acceleration: 0.16 m/s²
- Number of Turns: 29
- Turn Rate: 3.82 turns/min
- Average Turn Angle: 28.93°
- Turn Angle Variability: 29.15°
- Transport Mode: walk
    "
3.1630664225410663,16.224948735557778,3.079434515115658,3.4252619630096803,11.753336831762415,0.0028118719693134737,0.051417921345681655,0.018088515220984824,3,0.21978021978021978,19.975036339848547,26.6975953954042,19.975036339848547,bike_cleaned.geojson,2008-03-11 02:00:55,2008-03-11 02:15:40,885.0,bike,18,3,16.666666666666664,2,2,6.94,"
Trip Summary:
- Start: 2008-03-11 02:00:55 at 清华大学, 30, 双清路, 东升镇, 海淀区, 北京市, 100084, 中国
- End: 2008-03-11 02:15:40 at 知春路, 知春东里社区, 中关村街道, 海淀区, 北京市, 100098, 中国
- Duration: 0 days 00:14:45
- Distance: 3.16 km
- Average Speed: 11.75 km/h
- Average Bearing Change: 19.98°
- Max Speed: 16.22 km/h
- Min Speed: 3.08 km/h
- Speed Variability: 3.43 km/h
- Average Acceleration: 0.00 m/s²
- Max Acceleration: 0.05 m/s²
- Number of Turns: 3
- Turn Rate: 0.22 turns/min
- Average Turn Angle: 19.98°
- Turn Angle Variability: 26.70°
- Transport Mode: bike
    "
4.011300029015363,18.17645222954603,0.5914894908602594,3.1773994548306312,10.404431034180043,-0.0032012560101953827,1.635599769883597,0.19329101267771687,65,3.0373831775700935,13.264782529157738,19.062855127333577,13.264782529157738,bike_cleaned.geojson,2008-12-02 15:33:33,2008-12-02 15:55:15,1302.0,bike,580,10,1.7241379310344827,11,9,6.94,"
Trip Summary:
- Start: 2008-12-02 15:33:33 at 知春路, 知春东里社区, 中关村街道, 海淀区, 北京市, 100098, 中国
- End: 2008-12-02 15:55:15 at 清华大学, 30, 双清路, 东升镇, 海淀区, 北京市, 100084, 中国
- Duration: 0 days 00:21:42
- Distance: 4.01 km
- Average Speed: 10.40 km/h
- Average Bearing Change: 13.26°
- Max Speed: 18.18 km/h
- Min Speed: 0.59 km/h
- Speed Variability: 3.18 km/h
- Average Acceleration: -0.00 m/s²
- Max Acceleration: 1.64 m/s²
- Number of Turns: 65
- Turn Rate: 3.04 turns/min
- Average Turn Angle: 13.26°
- Turn Angle Variability: 19.06°
- Transport Mode: bike
    "
3.997176822653483,23.706573421447285,8.252153698632549,2.273894671273189,16.117166854743243,-0.0029269295854950366,0.5390793938485059,0.10810327629679785,18,1.238532110091743,8.320114491506034,11.177697299310223,8.320114491506034,bike_cleaned.geojson,2008-05-14 16:00:46,2008-05-14 16:15:36,890.0,bike,408,7,1.715686274509804,9,6,6.94,"
Trip Summary:
- Start: 2008-05-14 16:00:46 at 星规路, 知春东里社区, 中关村街道, 海淀区, 北京市, 100098, 中国
- End: 2008-05-14 16:15:36 at 清华大学, 30, 双清路, 东升镇, 海淀区, 北京市, 100084, 中国
- Duration: 0 days 00:14:50
- Distance: 4.00 km
- Average Speed: 16.12 km/h
- Average Bearing Change: 8.32°
- Max Speed: 23.71 km/h
- Min Speed: 8.25 km/h
- Speed Variability: 2.27 km/h
- Average Acceleration: -0.00 m/s²
- Max Acceleration: 0.54 m/s²
- Number of Turns: 18
- Turn Rate: 1.24 turns/min
- Average Turn Angle: 8.32°
- Turn Angle Variability: 11.18°
- Transport Mode: bike
    "
0.03347663552239369,4.388890577152653,0.252125412437166,1.3804237600891611,1.7687565890995847,0.015590745009904051,0.1689956117822239,0.05230470395604018,5,4.285714285714286,24.274819903029993,39.65935973585686,24.274819903029993,walk_cleaned.geojson,2008-05-14 16:16:14,2008-05-14 16:17:18,64.0,walk,28,1,3.571428571428571,1,0,2.78,"
Trip Summary:
- Start: 2008-05-14 16:16:14 at 清华大学, 30, 双清路, 东升镇, 海淀区, 北京市, 100084, 中国
- End: 2008-05-14 16:17:18 at 清华大学, 30, 双清路, 东升镇, 海淀区, 北京市, 100084, 中国
- Duration: 0 days 00:01:04
- Distance: 0.03 km
- Average Speed: 1.77 km/h
- Average Bearing Change: 24.27°
- Max Speed: 4.39 km/h
- Min Speed: 0.25 km/h
- Speed Variability: 1.38 km/h
- Average Acceleration: 0.02 m/s²
- Max Acceleration: 0.17 m/s²
- Number of Turns: 5
- Turn Rate: 4.29 turns/min
- Average Turn Angle: 24.27°
- Turn Angle Variability: 39.66°
- Transport Mode: walk
    "
0.5235866712596184,10.623350765945947,0.3388733921091255,1.8014603954157922,4.434938682782458,0.0034072529133853248,0.901377911929082,0.11911123890457358,45,6.352941176470589,27.40084162890709,36.89934327369093,27.40084162890709,bus_cleaned.geojson,2009-01-07 10:58:42,2009-01-07 11:05:27,405.0,bus,197,1,0.5076142131979695,0,0,11.11,"
Trip Summary:
- Start: 2009-01-07 10:58:42 at 月坛街道, 首都功能核心区, 西城区, 北京市, 100032, 中国
- End: 2009-01-07 11:05:27 at 月坛街道, 首都功能核心区, 西城区, 北京市, 100032, 中国
- Duration: 0 days 00:06:45
- Distance: 0.52 km
- Average Speed: 4.43 km/h
- Average Bearing Change: 27.40°
- Max Speed: 10.62 km/h
- Min Speed: 0.34 km/h
- Speed Variability: 1.80 km/h
- Average Acceleration: 0.00 m/s²
- Max Acceleration: 0.90 m/s²
- Number of Turns: 45
- Turn Rate: 6.35 turns/min
- Average Turn Angle: 27.40°
- Turn Angle Variability: 36.90°
- Transport Mode: bus
    "
4.897974555714227,10.008,0.7569368407577785,2.9372607705646607,7.04185443298389,-0.0015053574004811215,1.0191483693685404,0.15199127444137575,78,5.048543689320389,39.95918304013957,46.357971674655374,39.95918304013957,walk_cleaned.geojson,2009-01-07 10:27:40,2009-01-07 10:45:52,1092.0,walk,287,86,29.965156794425084,63,85,2.78,"
Trip Summary:
- Start: 2009-01-07 10:27:40 at 首都医科大学, 右安门西滨河路, 玉林里社区, 右安门街道, 西铁营村, 丰台区, 北京市, 100069, 中国
- End: 2009-01-07 10:45:52 at 广安门北滨河路, 月坛街道, 首都功能核心区, 西城区, 北京市, 100032, 中国
- Duration: 0 days 00:18:12
- Distance: 4.90 km
- Average Speed: 7.04 km/h
- Average Bearing Change: 39.96°
- Max Speed: 10.01 km/h
- Min Speed: 0.76 km/h
- Speed Variability: 2.94 km/h
- Average Acceleration: -0.00 m/s²
- Max Acceleration: 1.02 m/s²
- Number of Turns: 78
- Turn Rate: 5.05 turns/min
- Average Turn Angle: 39.96°
- Turn Angle Variability: 46.36°
- Transport Mode: walk
    "
4.209131453830965,24.186100028244105,4.115209783347382,2.5772485654883486,16.09782051512975,-0.001913712085751128,2.8840637807387774,0.26866185966856504,9,0.418280402788536,6.494274344827123,11.447174746988154,6.494274344827123,bike_cleaned.geojson,2008-04-26 04:45:34,2008-04-26 05:07:05,1291.0,bike,516,5,0.9689922480620154,55,4,6.94,"
Trip Summary:
- Start: 2008-04-26 04:45:34 at 紫荆操场, 紫荆路, 清华园街道, 西洼村, 海淀区, 北京市, 100084, 中国
- End: 2008-04-26 05:07:05 at 知春路, 知春东里社区, 中关村街道, 海淀区, 北京市, 100098, 中国
- Duration: 0 days 00:21:31
- Distance: 4.21 km
- Average Speed: 16.10 km/h
- Average Bearing Change: 6.49°
- Max Speed: 24.19 km/h
- Min Speed: 4.12 km/h
- Speed Variability: 2.58 km/h
- Average Acceleration: -0.00 m/s²
- Max Acceleration: 2.88 m/s²
- Number of Turns: 9
- Turn Rate: 0.42 turns/min
- Average Turn Angle: 6.49°
- Turn Angle Variability: 11.45°
- Transport Mode: bike
    "
4.535600470616862,35.587196694805954,0.0,10.771475128605424,10.150196476182302,0.016407152498540765,1.5564353614546222,0.23293548825181282,198,5.684210526315789,20.531846250190252,29.856093106327823,20.531846250190252,bus_cleaned.geojson,2008-04-26 13:34:14,2008-04-26 14:09:17,2103.0,bus,988,13,1.3157894736842104,26,12,11.11,"
Trip Summary:
- Start: 2008-04-26 13:34:14 at 南锣鼓巷, 交道口街道, 首都功能核心区, 东城区, 北京市, 100010, 中国
- End: 2008-04-26 14:09:17 at 外馆斜街, 和平里街道, 北京市, 东城区, 北京市, 100010, 中国
- Duration: 0 days 00:35:03
- Distance: 4.54 km
- Average Speed: 10.15 km/h
- Average Bearing Change: 20.53°
- Max Speed: 35.59 km/h
- Min Speed: 0.00 km/h
- Speed Variability: 10.77 km/h
- Average Acceleration: 0.02 m/s²
- Max Acceleration: 1.56 m/s²
- Number of Turns: 198
- Turn Rate: 5.68 turns/min
- Average Turn Angle: 20.53°
- Turn Angle Variability: 29.86°
- Transport Mode: bus
    "
0.41645489944603925,5.803730339369711,0.25222137812229306,1.1073302189003198,2.307145888881475,-0.0008680506462833477,0.6022293470628638,0.08255600009048757,111,11.582608695652173,36.31375216607753,37.287207964741434,36.31375216607753,walk_cleaned.geojson,2008-04-26 13:24:33,2008-04-26 13:34:08,575.0,walk,280,1,0.35714285714285715,5,0,2.78,"
Trip Summary:
- Start: 2008-04-26 13:24:33 at 地安门东大街, 交道口街道, 首都功能核心区, 东城区, 北京市, 100010, 中国
- End: 2008-04-26 13:34:08 at 南锣鼓巷, 交道口街道, 首都功能核心区, 东城区, 北京市, 100010, 中国
- Duration: 0 days 00:09:35
- Distance: 0.42 km
- Average Speed: 2.31 km/h
- Average Bearing Change: 36.31°
- Max Speed: 5.80 km/h
- Min Speed: 0.25 km/h
- Speed Variability: 1.11 km/h
- Average Acceleration: -0.00 m/s²
- Max Acceleration: 0.60 m/s²
- Number of Turns: 111
- Turn Rate: 11.58 turns/min
- Average Turn Angle: 36.31°
- Turn Angle Variability: 37.29°
- Transport Mode: walk
    "
10.755222090611854,39.996,0.5297627667931512,12.395239060452763,19.09857626697853,-0.006400995274772012,1.307451508117175,0.3008194204371522,102,2.914285714285714,28.19048559829573,37.94221420866109,28.19048559829573,bus_cleaned.geojson,2009-04-14 22:50:39,2009-04-14 23:26:19,2140.0,bus,349,9,2.5787965616045847,15,8,11.11,"
Trip Summary:
- Start: 2009-04-14 22:50:39 at 中关村海关辑私分局, 中关村东路, 知春东里社区, 中关村街道, 海淀区, 北京市, 100190, 中国
- End: 2009-04-14 23:26:19 at 三里河东路, 月坛街道, 首都功能核心区, 西城区, 北京市, 100032, 中国
- Duration: 0 days 00:35:40
- Distance: 10.76 km
- Average Speed: 19.10 km/h
- Average Bearing Change: 28.19°
- Max Speed: 40.00 km/h
- Min Speed: 0.53 km/h
- Speed Variability: 12.40 km/h
- Average Acceleration: -0.01 m/s²
- Max Acceleration: 1.31 m/s²
- Number of Turns: 102
- Turn Rate: 2.91 turns/min
- Average Turn Angle: 28.19°
- Turn Angle Variability: 37.94°
- Transport Mode: bus
    "
3.098710659239897,38.951876271015756,1.4440846716639884,12.928785473875344,9.860716376293215,0.048503307249622644,0.39980560948257543,0.15858619774760238,2,0.27088036117381487,52.65245178701156,67.22575858065115,52.65245178701156,bus_cleaned.geojson,2007-04-17 01:45:03,2007-04-17 01:53:37,514.0,bus,12,4,33.33333333333333,0,3,11.11,"
Trip Summary:
- Start: 2007-04-17 01:45:03 at 首都体育馆南路, 甘家口街道, 海淀区, 北京市, 100835, 中国
- End: 2007-04-17 01:53:37 at 北下关街道, 海淀区, 北京市, 100872, 中国
- Duration: 0 days 00:08:34
- Distance: 3.10 km
- Average Speed: 9.86 km/h
- Average Bearing Change: 52.65°
- Max Speed: 38.95 km/h
- Min Speed: 1.44 km/h
- Speed Variability: 12.93 km/h
- Average Acceleration: 0.05 m/s²
- Max Acceleration: 0.40 m/s²
- Number of Turns: 2
- Turn Rate: 0.27 turns/min
- Average Turn Angle: 52.65°
- Turn Angle Variability: 67.23°
- Transport Mode: bus
    "
2.0878498647076467,16.387469886942778,5.549924321040132,1.900362883128652,11.297356787828106,-0.007994393305203027,0.8307971204866291,0.18597712568014316,36,3.0508474576271185,10.093342913647541,10.861579844576518,10.093342913647541,bike_cleaned.geojson,2008-07-09 12:34:12,2008-07-09 12:46:03,711.0,bike,601,4,0.6655574043261231,14,3,6.94,"
Trip Summary:
- Start: 2008-07-09 12:34:12 at 中关村东路, 清华园, 中关村街道, 海淀区, 北京市, 100190, 中国
- End: 2008-07-09 12:46:03 at 中关村街道, 海淀区, 北京市, 100098, 中国
- Duration: 0 days 00:11:51
- Distance: 2.09 km
- Average Speed: 11.30 km/h
- Average Bearing Change: 10.09°
- Max Speed: 16.39 km/h
- Min Speed: 5.55 km/h
- Speed Variability: 1.90 km/h
- Average Acceleration: -0.01 m/s²
- Max Acceleration: 0.83 m/s²
- Number of Turns: 36
- Turn Rate: 3.05 turns/min
- Average Turn Angle: 10.09°
- Turn Angle Variability: 10.86°
- Transport Mode: bike
    "
3.990383302170558,39.996,0.5032448928569186,12.202541593365561,25.43480909935214,0.006831847628593175,2.1003175957220406,0.37270205673140777,31,3.394160583941606,13.912584441069153,24.873087123207405,13.912584441069153,bus_cleaned.geojson,2008-10-30 23:39:55,2008-10-30 23:49:03,548.0,bus,269,1,0.37174721189591076,48,0,11.11,"
Trip Summary:
- Start: 2008-10-30 23:39:55 at 天宁寺桥北, 莲花池东路, 月坛街道, 首都功能核心区, 西城区, 北京市, 100032, 中国
- End: 2008-10-30 23:49:03 at 菜户营南路, 天伦北里社区, 太平桥街道, 丰台区, 北京市, 100069, 中国
- Duration: 0 days 00:09:08
- Distance: 3.99 km
- Average Speed: 25.43 km/h
- Average Bearing Change: 13.91°
- Max Speed: 40.00 km/h
- Min Speed: 0.50 km/h
- Speed Variability: 12.20 km/h
- Average Acceleration: 0.01 m/s²
- Max Acceleration: 2.10 m/s²
- Number of Turns: 31
- Turn Rate: 3.39 turns/min
- Average Turn Angle: 13.91°
- Turn Angle Variability: 24.87°
- Transport Mode: bus
    "
0.8476475723414324,7.511004382798231,0.7569457080781361,1.2050921122865486,4.434294714845967,-0.006510581532395255,0.20822562405322664,0.08319632229783304,52,5.208681135225376,20.207718808631146,23.034282045786924,20.207718808631146,walk_cleaned.geojson,2008-10-30 23:49:17,2008-10-30 23:59:30,613.0,walk,283,8,2.8268551236749118,4,7,2.78,"
Trip Summary:
- Start: 2008-10-30 23:49:17 at 菜户营桥南, 菜户营南路, 天伦北里社区, 太平桥街道, 丰台区, 北京市, 100069, 中国
- End: 2008-10-30 23:59:30 at 首都医科大学, 右安门西滨河路, 玉林里社区, 右安门街道, 西铁营村, 丰台区, 北京市, 100069, 中国
- Duration: 0 days 00:10:13
- Distance: 0.85 km
- Average Speed: 4.43 km/h
- Average Bearing Change: 20.21°
- Max Speed: 7.51 km/h
- Min Speed: 0.76 km/h
- Speed Variability: 1.21 km/h
- Average Acceleration: -0.01 m/s²
- Max Acceleration: 0.21 m/s²
- Number of Turns: 52
- Turn Rate: 5.21 turns/min
- Average Turn Angle: 20.21°
- Turn Angle Variability: 23.03°
- Transport Mode: walk
    "
2.337283044158001,23.020138846765462,5.848266696808198,2.371172057408077,17.37390025686271,0.0032239141324021934,1.8887786162335294,0.22408673153394157,7,0.9292035398230089,8.265492750289233,9.106167092958755,8.265492750289233,bike_cleaned.geojson,2008-11-23 17:41:39,2008-11-23 17:49:21,462.0,bike,207,6,2.898550724637681,11,5,6.94,"
Trip Summary:
- Start: 2008-11-23 17:41:39 at 中关村东路, 清华园, 中关村街道, 海淀区, 北京市, 100190, 中国
- End: 2008-11-23 17:49:21 at 清华大学, 30, 双清路, 东升镇, 海淀区, 北京市, 100084, 中国
- Duration: 0 days 00:07:42
- Distance: 2.34 km
- Average Speed: 17.37 km/h
- Average Bearing Change: 8.27°
- Max Speed: 23.02 km/h
- Min Speed: 5.85 km/h
- Speed Variability: 2.37 km/h
- Average Acceleration: 0.00 m/s²
- Max Acceleration: 1.89 m/s²
- Number of Turns: 7
- Turn Rate: 0.93 turns/min
- Average Turn Angle: 8.27°
- Turn Angle Variability: 9.11°
- Transport Mode: bike
    "
4.1173735361543065,30.653155166163234,0.72983779372281,9.229634788960556,13.18033603289623,0.0032917252946079705,0.9481883108675128,0.19616032701909153,20,2.434077079107505,32.336870572011556,38.91113334325333,32.336870572011556,bus_cleaned.geojson,2011-12-26 02:44:33,2011-12-26 02:55:13,640.0,bus,62,4,6.451612903225806,2,3,11.11,"
Trip Summary:
- Start: 2011-12-26 02:44:33 at 知春路, 花园路街道, 中关村街道, 海淀区, 北京市, 100081, 中国
- End: 2011-12-26 02:55:13 at 中关村南三条, 中关村街道, 海淀区, 北京市, 100190, 中国
- Duration: 0 days 00:10:40
- Distance: 4.12 km
- Average Speed: 13.18 km/h
- Average Bearing Change: 32.34°
- Max Speed: 30.65 km/h
- Min Speed: 0.73 km/h
- Speed Variability: 9.23 km/h
- Average Acceleration: 0.00 m/s²
- Max Acceleration: 0.95 m/s²
- Number of Turns: 20
- Turn Rate: 2.43 turns/min
- Average Turn Angle: 32.34°
- Turn Angle Variability: 38.91°
- Transport Mode: bus
    "
0.3355245146873845,9.387715492726448,0.5043337962008966,2.4855211061742613,2.9921340289694918,0.005136041233146448,0.9113667872311819,0.12567788026212406,42,7.2,56.90014503386826,50.9284713882322,56.90014503386826,walk_cleaned.geojson,2011-12-26 02:38:18,2011-12-26 02:44:08,350.0,walk,71,1,1.4084507042253522,4,0,2.78,"
Trip Summary:
- Start: 2011-12-26 02:38:18 at 中关村街道, 海淀区, 北京市, 100098, 中国
- End: 2011-12-26 02:44:08 at 知春路, 花园路街道, 中关村街道, 海淀区, 北京市, 100081, 中国
- Duration: 0 days 00:05:50
- Distance: 0.34 km
- Average Speed: 2.99 km/h
- Average Bearing Change: 56.90°
- Max Speed: 9.39 km/h
- Min Speed: 0.50 km/h
- Speed Variability: 2.49 km/h
- Average Acceleration: 0.01 m/s²
- Max Acceleration: 0.91 m/s²
- Number of Turns: 42
- Turn Rate: 7.20 turns/min
- Average Turn Angle: 56.90°
- Turn Angle Variability: 50.93°
- Transport Mode: walk
    "
23.393041392450787,50.004000000000005,0.922456325220313,16.64526631235604,36.7448231842617,0.00628497887876972,8.858349531133488,0.4145447926652123,28,0.8073041806823643,3.80972701019579,9.755035116814776,3.80972701019579,car_cleaned.geojson,2008-05-30 12:13:06,2008-05-30 12:48:03,2097.0,car,1875,17,0.9066666666666667,937,16,13.89,"
Trip Summary:
- Start: 2008-05-30 12:13:06 at 首都机场辅路, 孙河乡, 朝阳区, 北京市, 100103, 中国
- End: 2008-05-30 12:48:03 at 知春路, 花园路街道, 中关村街道, 海淀区, 北京市, 100081, 中国
- Duration: 0 days 00:34:57
- Distance: 23.39 km
- Average Speed: 36.74 km/h
- Average Bearing Change: 3.81°
- Max Speed: 50.00 km/h
- Min Speed: 0.92 km/h
- Speed Variability: 16.65 km/h
- Average Acceleration: 0.01 m/s²
- Max Acceleration: 8.86 m/s²
- Number of Turns: 28
- Turn Rate: 0.81 turns/min
- Average Turn Angle: 3.81°
- Turn Angle Variability: 9.76°
- Transport Mode: car
    "
21.505898570024076,10.008,0.0,3.2529196804343767,3.9340111515413603,0.0017552964017005272,0.9550065813684747,0.1765292175792393,154,2.878504672897196,33.559293321901606,43.82334227649526,33.559293321901606,walk_cleaned.geojson,2008-05-30 11:59:16,2008-05-30 12:53:32,3256.0,walk,545,46,8.440366972477065,56,45,2.78,"
Trip Summary:
- Start: 2008-05-30 11:59:16 at 北京明诚外国语学校, 蟹岛西路, 金盏乡, 朝阳区, 北京市, 100103, 中国
- End: 2008-05-30 12:53:32 at 知春路, 中关村街道, 海淀区, 北京市, 100098, 中国
- Duration: 0 days 00:54:16
- Distance: 21.51 km
- Average Speed: 3.93 km/h
- Average Bearing Change: 33.56°
- Max Speed: 10.01 km/h
- Min Speed: 0.00 km/h
- Speed Variability: 3.25 km/h
- Average Acceleration: 0.00 m/s²
- Max Acceleration: 0.96 m/s²
- Number of Turns: 154
- Turn Rate: 2.88 turns/min
- Average Turn Angle: 33.56°
- Turn Angle Variability: 43.82°
- Transport Mode: walk
    "
8.873930642137145,10.008,0.19986148628420097,2.1317442614075066,3.584868795356104,-0.00010940108614376896,0.6957364162601198,0.13246983197585852,151,5.712484237074401,35.830306553901885,37.46603570817192,35.830306553901885,walk_cleaned.geojson,2008-07-25 14:16:26,2008-07-25 14:43:16,1610.0,walk,383,13,3.3942558746736298,14,12,2.78,"
Trip Summary:
- Start: 2008-07-25 14:16:26 at 北京中医药大学（西校区）, 11号, 北三环东路, 和平街街道, 朝阳区, 北京市, 100029, 中国
- End: 2008-07-25 14:43:16 at 中关村街道, 海淀区, 北京市, 100098, 中国
- Duration: 0 days 00:26:50
- Distance: 8.87 km
- Average Speed: 3.58 km/h
- Average Bearing Change: 35.83°
- Max Speed: 10.01 km/h
- Min Speed: 0.20 km/h
- Speed Variability: 2.13 km/h
- Average Acceleration: -0.00 m/s²
- Max Acceleration: 0.70 m/s²
- Number of Turns: 151
- Turn Rate: 5.71 turns/min
- Average Turn Angle: 35.83°
- Turn Angle Variability: 37.47°
- Transport Mode: walk
    "
0.043974849328174234,2.703922416335181,1.544229456873785,0.45644425906869623,2.401165698643525,-0.006442738663674422,0.0,0.017450734781263424,7,7.636363636363637,38.436624661547626,19.625009217410764,38.436624661547626,subway_cleaned.geojson,2009-04-25 03:07:25,2009-04-25 03:08:20,55.0,subway,13,2,15.384615384615385,0,1,6.94,"
Trip Summary:
- Start: 2009-04-25 03:07:25 at 立水桥, 立汤路, 来广营乡, 朝阳区, 北京市, 102218, 中国
- End: 2009-04-25 03:08:20 at 立汤路, 来广营乡, 朝阳区, 北京市, 102218, 中国
- Duration: 0 days 00:00:55
- Distance: 0.04 km
- Average Speed: 2.40 km/h
- Average Bearing Change: 38.44°
- Max Speed: 2.70 km/h
- Min Speed: 1.54 km/h
- Speed Variability: 0.46 km/h
- Average Acceleration: -0.01 m/s²
- Max Acceleration: 0.00 m/s²
- Number of Turns: 7
- Turn Rate: 7.64 turns/min
- Average Turn Angle: 38.44°
- Turn Angle Variability: 19.63°
- Transport Mode: subway
    "
0.4497462724439583,7.792109001809584,1.0577263315559684,1.7774064100385445,4.011142357851486,0.004340985822849863,0.1540962969717692,0.04911536518642643,37,6.166666666666667,54.54645552964268,48.71541696486498,54.54645552964268,bus_cleaned.geojson,2009-04-25 02:24:10,2009-04-25 02:30:10,360.0,bus,68,1,1.4705882352941175,0,0,11.11,"
Trip Summary:
- Start: 2009-04-25 02:24:10 at 星规路, 知春东里社区, 中关村街道, 海淀区, 北京市, 100098, 中国
- End: 2009-04-25 02:30:10 at 中关村街道, 海淀区, 北京市, 100098, 中国
- Duration: 0 days 00:06:00
- Distance: 0.45 km
- Average Speed: 4.01 km/h
- Average Bearing Change: 54.55°
- Max Speed: 7.79 km/h
- Min Speed: 1.06 km/h
- Speed Variability: 1.78 km/h
- Average Acceleration: 0.00 m/s²
- Max Acceleration: 0.15 m/s²
- Number of Turns: 37
- Turn Rate: 6.17 turns/min
- Average Turn Angle: 54.55°
- Turn Angle Variability: 48.72°
- Transport Mode: bus
    "
0.47286427175167545,8.57966608579176,1.3014765993840263,1.400129941936063,5.532218122086571,0.00103440347676621,0.24645707973209025,0.06680109287463437,18,3.5409836065573774,31.16740009047303,33.833289032093056,31.16740009047303,walk_cleaned.geojson,2009-04-25 08:41:52,2009-04-25 08:46:57,305.0,walk,61,1,1.639344262295082,3,0,2.78,"
Trip Summary:
- Start: 2009-04-25 08:41:52 at 知春路, 花园路街道, 中关村街道, 海淀区, 北京市, 100081, 中国
- End: 2009-04-25 08:46:57 at 中关村街道, 海淀区, 北京市, 100098, 中国
- Duration: 0 days 00:05:05
- Distance: 0.47 km
- Average Speed: 5.53 km/h
- Average Bearing Change: 31.17°
- Max Speed: 8.58 km/h
- Min Speed: 1.30 km/h
- Speed Variability: 1.40 km/h
- Average Acceleration: 0.00 m/s²
- Max Acceleration: 0.25 m/s²
- Number of Turns: 18
- Turn Rate: 3.54 turns/min
- Average Turn Angle: 31.17°
- Turn Angle Variability: 33.83°
- Transport Mode: walk
    "
9.091261598954821,39.996,0.0,11.564966015259165,9.280535780234107,0.01725663381164331,2.4217969455388904,0.3000078964901576,169,3.8438210765731613,41.49079422491021,55.91452652228785,41.49079422491021,bus_cleaned.geojson,2008-10-27 23:53:29,2008-10-28 00:38:19,2690.0,bus,491,15,3.054989816700611,27,14,11.11,"
Trip Summary:
- Start: 2008-10-27 23:53:29 at 北京市朝阳外国语学校亚运村校区, 安立路, 天创世缘, 亚运村街道, 朝阳区, 北京市, 100012, 中国
- End: 2008-10-28 00:38:19 at 东四十条桥东, 工人体育场北路, 东直门, 东直门街道, 首都功能核心区, 东城区, 北京市, 100010, 中国
- Duration: 0 days 00:44:50
- Distance: 9.09 km
- Average Speed: 9.28 km/h
- Average Bearing Change: 41.49°
- Max Speed: 40.00 km/h
- Min Speed: 0.00 km/h
- Speed Variability: 11.56 km/h
- Average Acceleration: 0.02 m/s²
- Max Acceleration: 2.42 m/s²
- Number of Turns: 169
- Turn Rate: 3.84 turns/min
- Average Turn Angle: 41.49°
- Turn Angle Variability: 55.91°
- Transport Mode: bus
    "
0.821898003781604,8.7161534760971,2.6507343040065603,1.4108636141645452,5.346294492075488,-0.0011297821073226713,0.10457223732579801,0.04698504544302708,36,4.5473684210526315,32.096225085389676,28.232394597537613,32.096225085389676,walk_cleaned.geojson,2008-10-28 00:38:34,2008-10-28 00:46:49,495.0,walk,86,5,5.813953488372093,1,4,2.78,"
Trip Summary:
- Start: 2008-10-28 00:38:34 at 工人体育场北路, 东直门街道, 首都功能核心区, 东城区, 北京市, 100010, 中国
- End: 2008-10-28 00:46:49 at 东直门, 东直门街道, 首都功能核心区, 东城区, 北京市, 100010, 中国
- Duration: 0 days 00:08:15
- Distance: 0.82 km
- Average Speed: 5.35 km/h
- Average Bearing Change: 32.10°
- Max Speed: 8.72 km/h
- Min Speed: 2.65 km/h
- Speed Variability: 1.41 km/h
- Average Acceleration: -0.00 m/s²
- Max Acceleration: 0.10 m/s²
- Number of Turns: 36
- Turn Rate: 4.55 turns/min
- Average Turn Angle: 32.10°
- Turn Angle Variability: 28.23°
- Transport Mode: walk
    "
2.4752303170247774,39.996,0.2461775482339201,11.988005600977688,12.358019740112884,0.012728122352374856,1.5927798278293797,0.28958568141165786,46,4.56198347107438,43.6883539915125,50.458135429767836,43.6883539915125,bus_cleaned.geojson,2008-10-31 00:30:01,2008-10-31 00:40:16,615.0,bus,123,3,2.4390243902439024,5,2,11.11,"
Trip Summary:
- Start: 2008-10-31 00:30:01 at 东直门北小街, 北新桥街道, 首都功能核心区, 东城区, 北京市, 100010, 中国
- End: 2008-10-31 00:40:16 at 66, 工人体育场北路, 东直门街道, 首都功能核心区, 东城区, 北京市, 100010, 中国
- Duration: 0 days 00:10:15
- Distance: 2.48 km
- Average Speed: 12.36 km/h
- Average Bearing Change: 43.69°
- Max Speed: 40.00 km/h
- Min Speed: 0.25 km/h
- Speed Variability: 11.99 km/h
- Average Acceleration: 0.01 m/s²
- Max Acceleration: 1.59 m/s²
- Number of Turns: 46
- Turn Rate: 4.56 turns/min
- Average Turn Angle: 43.69°
- Turn Angle Variability: 50.46°
- Transport Mode: bus
    "
0.8328032840427424,7.186441949429548,1.5127448871392584,1.269148471678474,4.722989102337937,-0.001878303950746435,0.1713998725892551,0.044427542299287436,33,3.0136986301369864,31.54867368638924,32.791733108467604,31.54867368638924,walk_cleaned.geojson,2008-10-31 00:40:41,2008-10-31 00:52:46,725.0,walk,107,5,4.672897196261682,3,4,2.78,"
Trip Summary:
- Start: 2008-10-31 00:40:41 at 工人体育场北路, 东直门街道, 首都功能核心区, 东城区, 北京市, 100010, 中国
- End: 2008-10-31 00:52:46 at 东中街, 东直门, 东直门街道, 首都功能核心区, 东城区, 北京市, 100010, 中国
- Duration: 0 days 00:12:05
- Distance: 0.83 km
- Average Speed: 4.72 km/h
- Average Bearing Change: 31.55°
- Max Speed: 7.19 km/h
- Min Speed: 1.51 km/h
- Speed Variability: 1.27 km/h
- Average Acceleration: -0.00 m/s²
- Max Acceleration: 0.17 m/s²
- Number of Turns: 33
- Turn Rate: 3.01 turns/min
- Average Turn Angle: 31.55°
- Turn Angle Variability: 32.79°
- Transport Mode: walk
    "
19.401716646330826,24.223681603256676,0.48864423275030333,7.204662652671044,6.620124214987463,0.004288404597533153,1.1637029773171221,0.22692046741233604,57,3.779005524861878,62.307622702458055,56.530209171913654,62.307622702458055,subway_cleaned.geojson,2009-06-13 09:51:42,2009-06-13 10:20:27,1725.0,subway,268,171,63.80597014925373,1,170,6.94,"
Trip Summary:
- Start: 2009-06-13 09:51:42 at 立水桥, 立汤路, 来广营乡, 朝阳区, 北京市, 102218, 中国
- End: 2009-06-13 10:20:27 at 财经东路, 清华园, 中关村街道, 海淀区, 北京市, 100190, 中国
- Duration: 0 days 00:28:45
- Distance: 19.40 km
- Average Speed: 6.62 km/h
- Average Bearing Change: 62.31°
- Max Speed: 24.22 km/h
- Min Speed: 0.49 km/h
- Speed Variability: 7.20 km/h
- Average Acceleration: 0.00 m/s²
- Max Acceleration: 1.16 m/s²
- Number of Turns: 57
- Turn Rate: 3.78 turns/min
- Average Turn Angle: 62.31°
- Turn Angle Variability: 56.53°
- Transport Mode: subway
    "
0.09773103967852761,4.508046302007679,0.15205105133630825,1.700369752980344,2.4053659450088265,0.008748660460559398,0.10546080974462639,0.0328769373772198,7,2.978723404255319,23.97623077399831,25.132960746570845,23.97623077399831,walk_cleaned.geojson,2009-06-13 10:24:03,2009-06-13 10:26:23,140.0,walk,27,1,3.7037037037037033,1,0,2.78,"
Trip Summary:
- Start: 2009-06-13 10:24:03 at 知春路, 花园路街道, 中关村街道, 海淀区, 北京市, 100081, 中国
- End: 2009-06-13 10:26:23 at 知春路, 花园路街道, 中关村街道, 海淀区, 北京市, 100081, 中国
- Duration: 0 days 00:02:20
- Distance: 0.10 km
- Average Speed: 2.41 km/h
- Average Bearing Change: 23.98°
- Max Speed: 4.51 km/h
- Min Speed: 0.15 km/h
- Speed Variability: 1.70 km/h
- Average Acceleration: 0.01 m/s²
- Max Acceleration: 0.11 m/s²
- Number of Turns: 7
- Turn Rate: 2.98 turns/min
- Average Turn Angle: 23.98°
- Turn Angle Variability: 25.13°
- Transport Mode: walk
    "
11.385799195391307,39.996,0.0,13.711374444528019,13.550392403666782,0.015597077345610801,3.35488649286449,0.33632473344612457,239,4.7389292795769995,24.35911961602421,41.93994923705871,24.35911961602421,bus_cleaned.geojson,2008-10-29 10:09:31,2008-10-29 11:00:49,3078.0,bus,1191,26,2.18303946263644,69,25,11.11,"
Trip Summary:
- Start: 2008-10-29 10:09:31 at 首都博物馆, 16, 复兴门外大街, 月坛街道, 首都功能核心区, 西城区, 北京市, 100032, 中国
- End: 2008-10-29 11:00:49 at 中关村东路, 知春东里社区, 中关村街道, 海淀区, 北京市, 100190, 中国
- Duration: 0 days 00:51:18
- Distance: 11.39 km
- Average Speed: 13.55 km/h
- Average Bearing Change: 24.36°
- Max Speed: 40.00 km/h
- Min Speed: 0.00 km/h
- Speed Variability: 13.71 km/h
- Average Acceleration: 0.02 m/s²
- Max Acceleration: 3.35 m/s²
- Number of Turns: 239
- Turn Rate: 4.74 turns/min
- Average Turn Angle: 24.36°
- Turn Angle Variability: 41.94°
- Transport Mode: bus
    "
1.0987557714125273,10.008,0.9749401455466686,2.1133852837778675,6.325318099594973,-0.004953043150082449,0.6714829672483704,0.17756600799655947,70,8.936170212765958,33.18418256484453,39.665857727406895,33.18418256484453,walk_cleaned.geojson,2008-10-29 14:46:37,2008-10-29 14:58:09,692.0,walk,207,11,5.314009661835748,33,10,2.78,"
Trip Summary:
- Start: 2008-10-29 14:46:37 at 大钟寺东路, 中关村街道, 海淀区, 北京市, 100081, 中国
- End: 2008-10-29 14:58:09 at 中国科学院大学（中关村校区）, 中关村南四街, 知春东里社区, 中关村街道, 海淀区, 北京市, 100098, 中国
- Duration: 0 days 00:11:32
- Distance: 1.10 km
- Average Speed: 6.33 km/h
- Average Bearing Change: 33.18°
- Max Speed: 10.01 km/h
- Min Speed: 0.97 km/h
- Speed Variability: 2.11 km/h
- Average Acceleration: -0.00 m/s²
- Max Acceleration: 0.67 m/s²
- Number of Turns: 70
- Turn Rate: 8.94 turns/min
- Average Turn Angle: 33.18°
- Turn Angle Variability: 39.67°
- Transport Mode: walk
    "
0.15150652118576144,10.008,0.0,3.532294502000298,5.243182892716773,0.023482225264789932,1.0355614083454823,0.2802141184910787,7,6.461538461538462,33.6800189449228,36.60478151695106,33.6800189449228,walk_cleaned.geojson,2009-09-02 02:04:39,2009-09-02 02:05:46,67.0,walk,26,9,34.61538461538461,4,8,2.78,"
Trip Summary:
- Start: 2009-09-02 02:04:39 at 中航科技大厦, 56, 知春路, 知春东里社区, 中关村街道, 海淀区, 北京市, 100098, 中国
- End: 2009-09-02 02:05:46 at 希格玛大厦, 知春路, 中关村街道, 海淀区, 北京市, 100098, 中国
- Duration: 0 days 00:01:07
- Distance: 0.15 km
- Average Speed: 5.24 km/h
- Average Bearing Change: 33.68°
- Max Speed: 10.01 km/h
- Min Speed: 0.00 km/h
- Speed Variability: 3.53 km/h
- Average Acceleration: 0.02 m/s²
- Max Acceleration: 1.04 m/s²
- Number of Turns: 7
- Turn Rate: 6.46 turns/min
- Average Turn Angle: 33.68°
- Turn Angle Variability: 36.60°
- Transport Mode: walk
    "
5.966783759666192,39.996,0.16583675734888162,10.698586579420857,17.960737022856286,0.028261226276572314,1.2401764452072808,0.3284554250827778,83,4.075286415711948,16.230665999820005,25.84621896609549,16.230665999820005,bus_cleaned.geojson,2008-09-27 07:38:50,2008-09-27 07:59:12,1222.0,bus,585,1,0.17094017094017094,11,0,11.11,"
Trip Summary:
- Start: 2008-09-27 07:38:50 at 高科大厦, 52, 高新路, 张家村街道, 雁塔区, 西安市, 陕西省, 710000, 中国
- End: 2008-09-27 07:59:12 at 东仪路, 电子城街道, 雁塔区, 西安市, 陕西省, 710062, 中国
- Duration: 0 days 00:20:22
- Distance: 5.97 km
- Average Speed: 17.96 km/h
- Average Bearing Change: 16.23°
- Max Speed: 40.00 km/h
- Min Speed: 0.17 km/h
- Speed Variability: 10.70 km/h
- Average Acceleration: 0.03 m/s²
- Max Acceleration: 1.24 m/s²
- Number of Turns: 83
- Turn Rate: 4.08 turns/min
- Average Turn Angle: 16.23°
- Turn Angle Variability: 25.85°
- Transport Mode: bus
    "
11.481467790103705,10.008,0.0,3.776750148930794,5.623746145920856,0.009916544728050538,1.2318332866794028,0.15989730753951623,279,6.951827242524917,30.26564775122799,40.478606351806086,30.26564775122799,walk_cleaned.geojson,2008-09-27 08:56:52,2008-09-27 09:51:54,3302.0,walk,1403,453,32.287954383464005,319,452,2.78,"
Trip Summary:
- Start: 2008-09-27 08:56:52 at 明德西路, 电子城街道, 雁塔区, 西安市, 陕西省, 710062, 中国
- End: 2008-09-27 09:51:54 at 建东街, 太乙路街道, 碑林区, 西安市, 陕西省, 710055, 中国
- Duration: 0 days 00:55:02
- Distance: 11.48 km
- Average Speed: 5.62 km/h
- Average Bearing Change: 30.27°
- Max Speed: 10.01 km/h
- Min Speed: 0.00 km/h
- Speed Variability: 3.78 km/h
- Average Acceleration: 0.01 m/s²
- Max Acceleration: 1.23 m/s²
- Number of Turns: 279
- Turn Rate: 6.95 turns/min
- Average Turn Angle: 30.27°
- Turn Angle Variability: 40.48°
- Transport Mode: walk
    "
0.8005895920688784,31.993741579261492,1.4324242829472955,8.060993643978165,11.151181845912612,-0.02086493847115367,0.8446381096044391,0.3179123257378736,32,6.486486486486486,35.15532892079293,45.440547541857015,35.15532892079293,bus_cleaned.geojson,2008-09-24 23:45:57,2008-09-24 23:50:55,298.0,bus,104,2,1.9230769230769231,1,1,11.11,"
Trip Summary:
- Start: 2008-09-24 23:45:57 at 北京城市学院, 269号;269, 北四环中路, 学院路街道, 东升镇, 海淀区, 北京市, 100191, 中国
- End: 2008-09-24 23:50:55 at 北四环中路, 花园路街道, 东升镇, 海淀区, 北京市, 100083, 中国
- Duration: 0 days 00:04:58
- Distance: 0.80 km
- Average Speed: 11.15 km/h
- Average Bearing Change: 35.16°
- Max Speed: 31.99 km/h
- Min Speed: 1.43 km/h
- Speed Variability: 8.06 km/h
- Average Acceleration: -0.02 m/s²
- Max Acceleration: 0.84 m/s²
- Number of Turns: 32
- Turn Rate: 6.49 turns/min
- Average Turn Angle: 35.16°
- Turn Angle Variability: 45.44°
- Transport Mode: bus
    "
19.8886888253502,24.984,0.20086038368708878,7.481314321187122,6.522728891993401,0.0128366601712801,1.165983821586492,0.1856735300676933,46,2.8512396694214877,56.61957883983665,50.626750784881125,56.61957883983665,subway_cleaned.geojson,2009-06-28 00:16:20,2009-06-28 00:46:18,1798.0,subway,265,182,68.67924528301886,4,181,6.94,"
Trip Summary:
- Start: 2009-06-28 00:16:20 at 成府路, 学院路街道, 东升镇, 海淀区, 北京市, 100190, 中国
- End: 2009-06-28 00:46:18 at 立汤路, 天通苑北街道, 东小口镇, 昌平区, 北京市, 102218, 中国
- Duration: 0 days 00:29:58
- Distance: 19.89 km
- Average Speed: 6.52 km/h
- Average Bearing Change: 56.62°
- Max Speed: 24.98 km/h
- Min Speed: 0.20 km/h
- Speed Variability: 7.48 km/h
- Average Acceleration: 0.01 m/s²
- Max Acceleration: 1.17 m/s²
- Number of Turns: 46
- Turn Rate: 2.85 turns/min
- Average Turn Angle: 56.62°
- Turn Angle Variability: 50.63°
- Transport Mode: subway
    "
13.671078256449674,8.633281264833299,0.31977839207477815,1.7601756089644671,4.605567503891134,0.003262763643440909,0.4243651410359325,0.051379938516368254,73,1.2962414915655518,34.056084519575236,40.34670199880572,34.056084519575236,walk_cleaned.geojson,2009-06-27 23:57:46,2009-06-28 00:54:38,3412.0,walk,230,8,3.4782608695652173,3,7,2.78,"
Trip Summary:
- Start: 2009-06-27 23:57:46 at 中国科学院国家空间科学中心（九章大厦B座）, 中关村南三条, 中关村街道, 海淀区, 北京市, 100190, 中国
- End: 2009-06-28 00:54:38 at 太平庄中街, 天通苑南街道, 中滩村, 昌平区, 北京市, 102218, 中国
- Duration: 0 days 00:56:52
- Distance: 13.67 km
- Average Speed: 4.61 km/h
- Average Bearing Change: 34.06°
- Max Speed: 8.63 km/h
- Min Speed: 0.32 km/h
- Speed Variability: 1.76 km/h
- Average Acceleration: 0.00 m/s²
- Max Acceleration: 0.42 m/s²
- Number of Turns: 73
- Turn Rate: 1.30 turns/min
- Average Turn Angle: 34.06°
- Turn Angle Variability: 40.35°
- Transport Mode: walk
    "
0.20041112929181928,6.728018973977927,0.30245572913178675,2.385606411074573,2.773730562314242,-0.008693758310516045,0.07504040267752576,0.04816961645059732,17,4.30379746835443,45.60280798453949,51.64161016731627,45.60280798453949,walk_cleaned.geojson,2009-08-26 00:46:45,2009-08-26 00:50:44,239.0,walk,46,2,4.3478260869565215,1,1,2.78,"
Trip Summary:
- Start: 2009-08-26 00:46:45 at 早阳包子, 中滩村北三街, 天通西苑一区, 天通苑南街道, 中滩村, 昌平区, 北京市, 102218, 中国
- End: 2009-08-26 00:50:44 at 天通苑南, 立汤路, 天通苑北街道, 东小口镇, 昌平区, 北京市, 102218, 中国
- Duration: 0 days 00:03:59
- Distance: 0.20 km
- Average Speed: 2.77 km/h
- Average Bearing Change: 45.60°
- Max Speed: 6.73 km/h
- Min Speed: 0.30 km/h
- Speed Variability: 2.39 km/h
- Average Acceleration: -0.01 m/s²
- Max Acceleration: 0.08 m/s²
- Number of Turns: 17
- Turn Rate: 4.30 turns/min
- Average Turn Angle: 45.60°
- Turn Angle Variability: 51.64°
- Transport Mode: walk
    "
11.877967279667937,39.996,0.15378633528705568,14.239675501258604,16.597706369589133,-0.007150070856497637,2.189503143760068,0.3764765252680695,206,4.309623430962343,20.934006326901276,35.36781413765378,20.934006326901276,bus_cleaned.geojson,2008-12-19 09:19:33,2008-12-19 10:07:47,2894.0,bus,1148,14,1.2195121951219512,102,13,11.11,"
Trip Summary:
- Start: 2008-12-19 09:19:33 at 白云路, 月坛街道, 首都功能核心区, 西城区, 北京市, 100032, 中国
- End: 2008-12-19 10:07:47 at 中关村东路, 知春东里社区, 中关村街道, 海淀区, 北京市, 100190, 中国
- Duration: 0 days 00:48:14
- Distance: 11.88 km
- Average Speed: 16.60 km/h
- Average Bearing Change: 20.93°
- Max Speed: 40.00 km/h
- Min Speed: 0.15 km/h
- Speed Variability: 14.24 km/h
- Average Acceleration: -0.01 m/s²
- Max Acceleration: 2.19 m/s²
- Number of Turns: 206
- Turn Rate: 4.31 turns/min
- Average Turn Angle: 20.93°
- Turn Angle Variability: 35.37°
- Transport Mode: bus
    "
10.24131618502134,10.008,0.3670514626734264,2.411024115357363,5.268935814753332,0.0034401706639969115,0.87666027911183,0.1390629393068985,86,1.3529103303618248,24.805028575650024,27.906649704755317,24.805028575650024,walk_cleaned.geojson,2008-12-19 09:09:18,2008-12-19 10:16:09,4011.0,walk,341,9,2.6392961876832843,22,8,2.78,"
Trip Summary:
- Start: 2008-12-19 09:09:18 at 月坛街道, 首都功能核心区, 西城区, 北京市, 100032, 中国
- End: 2008-12-19 10:16:09 at 中国科学院大学（中关村校区）, 中关村南四街, 知春东里社区, 中关村街道, 海淀区, 北京市, 100098, 中国
- Duration: 0 days 01:06:51
- Distance: 10.24 km
- Average Speed: 5.27 km/h
- Average Bearing Change: 24.81°
- Max Speed: 10.01 km/h
- Min Speed: 0.37 km/h
- Speed Variability: 2.41 km/h
- Average Acceleration: 0.00 m/s²
- Max Acceleration: 0.88 m/s²
- Number of Turns: 86
- Turn Rate: 1.35 turns/min
- Average Turn Angle: 24.81°
- Turn Angle Variability: 27.91°
- Transport Mode: walk
    "
3.971110526734449,22.587394353776236,4.009045316838052,3.0901622890318547,13.792046819925863,0.004492174161933013,2.585340668849808,0.26290070156966067,31,1.7206290471785384,8.295809782919374,11.440692523490869,8.295809782919374,bike_cleaned.geojson,2008-06-26 11:01:14,2008-06-26 11:19:26,1092.0,bike,939,12,1.2779552715654952,13,11,6.94,"
Trip Summary:
- Start: 2008-06-26 11:01:14 at 中国工商银行, 100, 中关村东路, 知春东里社区, 中关村街道, 海淀区, 北京市, 100190, 中国
- End: 2008-06-26 11:19:26 at 清华大学, 30, 双清路, 东升镇, 海淀区, 北京市, 100084, 中国
- Duration: 0 days 00:18:12
- Distance: 3.97 km
- Average Speed: 13.79 km/h
- Average Bearing Change: 8.30°
- Max Speed: 22.59 km/h
- Min Speed: 4.01 km/h
- Speed Variability: 3.09 km/h
- Average Acceleration: 0.00 m/s²
- Max Acceleration: 2.59 m/s²
- Number of Turns: 31
- Turn Rate: 1.72 turns/min
- Average Turn Angle: 8.30°
- Turn Angle Variability: 11.44°
- Transport Mode: bike
    "
2.2557630669946214,24.984,0.4179585896270222,3.966357547935752,16.151937382171973,-0.0030180148858273055,1.728841082131918,0.2459262656981301,16,1.8011257035647281,7.4861236534862705,9.626002470759147,7.4861236534862705,bike_cleaned.geojson,2008-06-27 06:03:10,2008-06-27 06:12:09,539.0,bike,436,7,1.6055045871559634,12,6,6.94,"
Trip Summary:
- Start: 2008-06-27 06:03:10 at 东升大厦, 8, 中关村东路, 东升镇, 海淀区, 北京市, 100083, 中国
- End: 2008-06-27 06:12:09 at 中关村街道, 海淀区, 北京市, 100098, 中国
- Duration: 0 days 00:08:59
- Distance: 2.26 km
- Average Speed: 16.15 km/h
- Average Bearing Change: 7.49°
- Max Speed: 24.98 km/h
- Min Speed: 0.42 km/h
- Speed Variability: 3.97 km/h
- Average Acceleration: -0.00 m/s²
- Max Acceleration: 1.73 m/s²
- Number of Turns: 16
- Turn Rate: 1.80 turns/min
- Average Turn Angle: 7.49°
- Turn Angle Variability: 9.63°
- Transport Mode: bike
    "
6.819239252574867,39.996,0.20105127379789553,13.018670495039993,18.39032035237571,0.019342619681813313,9.111409470174832,0.6777279158172064,131,5.496503496503497,14.236557284198904,27.814289975957184,14.236557284198904,bus_cleaned.geojson,2008-06-27 05:36:40,2008-06-27 06:00:35,1435.0,bus,1176,10,0.8503401360544218,96,9,11.11,"
Trip Summary:
- Start: 2008-06-27 05:36:40 at 北四环中路, 亚运村街道, 朝阳区, 北京市, 100012, 中国
- End: 2008-06-27 06:00:35 at 清华大学五道口金融学院, 43, 成府路, 东升镇, 海淀区, 北京市, 100190, 中国
- Duration: 0 days 00:23:55
- Distance: 6.82 km
- Average Speed: 18.39 km/h
- Average Bearing Change: 14.24°
- Max Speed: 40.00 km/h
- Min Speed: 0.20 km/h
- Speed Variability: 13.02 km/h
- Average Acceleration: 0.02 m/s²
- Max Acceleration: 9.11 m/s²
- Number of Turns: 131
- Turn Rate: 5.50 turns/min
- Average Turn Angle: 14.24°
- Turn Angle Variability: 27.81°
- Transport Mode: bus
    "
0.6610915494777684,9.778848431942471,0.25215213437800255,1.701995697915906,4.169494867621732,-0.006295355215227329,1.6639381681772718,0.22262885479084496,111,10.673076923076923,25.954414881690866,32.1764600288206,25.954414881690866,walk_cleaned.geojson,2008-06-27 01:59:39,2008-06-27 02:10:13,634.0,walk,422,7,1.6587677725118484,9,6,2.78,"
Trip Summary:
- Start: 2008-06-27 01:59:39 at 北四环东路, 小关街道, 朝阳区, 北京市, 100029, 中国
- End: 2008-06-27 02:10:13 at 3, 惠新东街, 小关街道, 朝阳区, 北京市, 100029, 中国
- Duration: 0 days 00:10:34
- Distance: 0.66 km
- Average Speed: 4.17 km/h
- Average Bearing Change: 25.95°
- Max Speed: 9.78 km/h
- Min Speed: 0.25 km/h
- Speed Variability: 1.70 km/h
- Average Acceleration: -0.01 m/s²
- Max Acceleration: 1.66 m/s²
- Number of Turns: 111
- Turn Rate: 10.67 turns/min
- Average Turn Angle: 25.95°
- Turn Angle Variability: 32.18°
- Transport Mode: walk
    "
2.982609149174281,13.819579979725953,0.0,2.703143086802292,3.2613945725157967,0.0070140597031120066,0.687281304051799,0.09035566313740129,79,3.3427362482369536,45.75531899240793,48.19927647849966,45.75531899240793,car_cleaned.geojson,2008-12-09 13:27:04,2008-12-09 13:50:24,1400.0,car,175,6,3.428571428571429,1,5,13.89,"
Trip Summary:
- Start: 2008-12-09 13:27:04 at 海淀医院, 海淀南路, 中关村核心区, 海淀街道, 六郎庄村, 海淀区, 北京市, 100872, 中国
- End: 2008-12-09 13:50:24 at CNIC, 4, 中关村南四街, 知春东里社区, 中关村街道, 海淀区, 北京市, 100190, 中国
- Duration: 0 days 00:23:20
- Distance: 2.98 km
- Average Speed: 3.26 km/h
- Average Bearing Change: 45.76°
- Max Speed: 13.82 km/h
- Min Speed: 0.00 km/h
- Speed Variability: 2.70 km/h
- Average Acceleration: 0.01 m/s²
- Max Acceleration: 0.69 m/s²
- Number of Turns: 79
- Turn Rate: 3.34 turns/min
- Average Turn Angle: 45.76°
- Turn Angle Variability: 48.20°
- Transport Mode: car
    "
1.3426268558845391,10.008,6.870672619262766,1.11905492803917,8.211477020600759,-0.01087204992798377,0.03295931653272395,0.03604184456211471,3,2.7692307692307696,22.515658008864303,20.780911863173944,22.515658008864303,walk_cleaned.geojson,2008-12-09 15:02:29,2008-12-09 15:05:59,210.0,walk,30,16,53.333333333333336,5,15,2.78,"
Trip Summary:
- Start: 2008-12-09 15:02:29 at 中关村街道, 海淀区, 北京市, 100190, 中国
- End: 2008-12-09 15:05:59 at 北京大学物理学院技术物理系技术物理研究所, 中关村北二条, 科源社区, 中关村街道, 海淀区, 北京市, 100190, 中国
- Duration: 0 days 00:03:30
- Distance: 1.34 km
- Average Speed: 8.21 km/h
- Average Bearing Change: 22.52°
- Max Speed: 10.01 km/h
- Min Speed: 6.87 km/h
- Speed Variability: 1.12 km/h
- Average Acceleration: -0.01 m/s²
- Max Acceleration: 0.03 m/s²
- Number of Turns: 3
- Turn Rate: 2.77 turns/min
- Average Turn Angle: 22.52°
- Turn Angle Variability: 20.78°
- Transport Mode: walk
    "
1.8137009061130829,39.996,0.5588512160356695,14.18105775826374,22.56613715468409,0.008980715605602376,1.177283265591623,0.3246348043575405,24,5.217391304347826,19.026427780791504,29.50503466496231,19.026427780791504,bus_cleaned.geojson,2008-12-16 00:12:27,2008-12-16 00:17:05,278.0,bus,133,2,1.5037593984962405,26,1,11.11,"
Trip Summary:
- Start: 2008-12-16 00:12:27 at 白纸坊桥, 西二环, 白菜湾社区, 广安门外街道, 首都功能核心区, 西城区, 北京市, 100032, 中国
- End: 2008-12-16 00:17:05 at 右安门西滨河路, 玉林里社区, 右安门街道, 西铁营村, 丰台区, 北京市, 100069, 中国
- Duration: 0 days 00:04:38
- Distance: 1.81 km
- Average Speed: 22.57 km/h
- Average Bearing Change: 19.03°
- Max Speed: 40.00 km/h
- Min Speed: 0.56 km/h
- Speed Variability: 14.18 km/h
- Average Acceleration: 0.01 m/s²
- Max Acceleration: 1.18 m/s²
- Number of Turns: 24
- Turn Rate: 5.22 turns/min
- Average Turn Angle: 19.03°
- Turn Angle Variability: 29.51°
- Transport Mode: bus
    "
0.2873347195223348,10.008,2.1964706647210335,2.3180423928406775,5.859436167750771,-0.0014094608110866323,1.0849346298998563,0.2919833663825902,4,2.3529411764705883,21.109029062955496,26.267125971636503,21.109029062955496,walk_cleaned.geojson,2008-12-16 00:39:11,2008-12-16 00:40:49,98.0,walk,32,4,12.5,4,3,2.78,"
Trip Summary:
- Start: 2008-12-16 00:39:11 at 首都医科大学, 右安门西滨河路, 玉林里社区, 右安门街道, 西铁营村, 丰台区, 北京市, 100069, 中国
- End: 2008-12-16 00:40:49 at 首都医科大学, 右安门西滨河路, 玉林里社区, 右安门街道, 西铁营村, 丰台区, 北京市, 100069, 中国
- Duration: 0 days 00:01:38
- Distance: 0.29 km
- Average Speed: 5.86 km/h
- Average Bearing Change: 21.11°
- Max Speed: 10.01 km/h
- Min Speed: 2.20 km/h
- Speed Variability: 2.32 km/h
- Average Acceleration: -0.00 m/s²
- Max Acceleration: 1.08 m/s²
- Number of Turns: 4
- Turn Rate: 2.35 turns/min
- Average Turn Angle: 21.11°
- Turn Angle Variability: 26.27°
- Transport Mode: walk
    "
0.13574088423396571,5.729708117195359,0.0,1.3982347928416858,2.3159909490324244,-0.015256498707276678,0.4759106652319018,0.11091685273333711,22,10.476190476190476,45.9358870457292,53.306380781746974,45.9358870457292,walk_cleaned.geojson,2008-08-25 15:02:21,2008-08-25 15:04:29,128.0,walk,55,2,3.6363636363636362,2,1,2.78,"
Trip Summary:
- Start: 2008-08-25 15:02:21 at 中关村街道, 海淀区, 北京市, 100190, 中国
- End: 2008-08-25 15:04:29 at 中关村南四街, 知春东里社区, 中关村街道, 海淀区, 北京市, 100098, 中国
- Duration: 0 days 00:02:08
- Distance: 0.14 km
- Average Speed: 2.32 km/h
- Average Bearing Change: 45.94°
- Max Speed: 5.73 km/h
- Min Speed: 0.00 km/h
- Speed Variability: 1.40 km/h
- Average Acceleration: -0.02 m/s²
- Max Acceleration: 0.48 m/s²
- Number of Turns: 22
- Turn Rate: 10.48 turns/min
- Average Turn Angle: 45.94°
- Turn Angle Variability: 53.31°
- Transport Mode: walk
    "
3.003852620832612,23.537016912177837,4.469245330973255,2.7518411333634356,15.460048533082315,-0.011379797522212812,1.9984220746124723,0.295621220052997,21,1.6688741721854303,8.593829614596714,14.84496619160671,8.593829614596714,bike_cleaned.geojson,2008-07-21 01:20:01,2008-07-21 01:32:48,767.0,bike,599,12,2.003338898163606,15,11,6.94,"
Trip Summary:
- Start: 2008-07-21 01:20:01 at 清华大学, 30, 双清路, 东升镇, 海淀区, 北京市, 100084, 中国
- End: 2008-07-21 01:32:48 at 希格玛大厦, 知春路, 中关村街道, 海淀区, 北京市, 100098, 中国
- Duration: 0 days 00:12:47
- Distance: 3.00 km
- Average Speed: 15.46 km/h
- Average Bearing Change: 8.59°
- Max Speed: 23.54 km/h
- Min Speed: 4.47 km/h
- Speed Variability: 2.75 km/h
- Average Acceleration: -0.01 m/s²
- Max Acceleration: 2.00 m/s²
- Number of Turns: 21
- Turn Rate: 1.67 turns/min
- Average Turn Angle: 8.59°
- Turn Angle Variability: 14.84°
- Transport Mode: bike
    "
0.18851914487238547,5.643077195550561,0.932378449715853,1.1549941428447725,4.232963137336201,-0.0027899985769493283,0.0541746570103784,0.047979661812765875,5,2.307692307692308,20.723216012767388,16.28219946755876,20.723216012767388,walk_cleaned.geojson,2008-09-13 13:53:07,2008-09-13 13:55:22,135.0,walk,24,2,8.333333333333332,0,1,2.78,"
Trip Summary:
- Start: 2008-09-13 13:53:07 at 中航科技大厦, 56, 知春路, 知春东里社区, 中关村街道, 海淀区, 北京市, 100098, 中国
- End: 2008-09-13 13:55:22 at 希格玛大厦, 知春路, 中关村街道, 海淀区, 北京市, 100098, 中国
- Duration: 0 days 00:02:15
- Distance: 0.19 km
- Average Speed: 4.23 km/h
- Average Bearing Change: 20.72°
- Max Speed: 5.64 km/h
- Min Speed: 0.93 km/h
- Speed Variability: 1.15 km/h
- Average Acceleration: -0.00 m/s²
- Max Acceleration: 0.05 m/s²
- Number of Turns: 5
- Turn Rate: 2.31 turns/min
- Average Turn Angle: 20.72°
- Turn Angle Variability: 16.28°
- Transport Mode: walk
    "
1.2811089396766868,39.44222407166894,0.0,12.000824399434592,10.939191902434258,0.012134143488437785,1.0278517503789515,0.2771255173853421,21,3.4710743801652892,31.633162797972105,41.321790732869445,31.633162797972105,bus_cleaned.geojson,2009-04-06 03:38:57,2009-04-06 03:44:22,325.0,bus,69,3,4.3478260869565215,2,2,11.11,"
Trip Summary:
- Start: 2009-04-06 03:38:57 at 北三环西路, 紫竹院街道, 海淀区, 北京市, 100872, 中国
- End: 2009-04-06 03:44:22 at 联想桥, 北三环西路, 中关村街道, 海淀区, 北京市, 100081, 中国
- Duration: 0 days 00:05:25
- Distance: 1.28 km
- Average Speed: 10.94 km/h
- Average Bearing Change: 31.63°
- Max Speed: 39.44 km/h
- Min Speed: 0.00 km/h
- Speed Variability: 12.00 km/h
- Average Acceleration: 0.01 m/s²
- Max Acceleration: 1.03 m/s²
- Number of Turns: 21
- Turn Rate: 3.47 turns/min
- Average Turn Angle: 31.63°
- Turn Angle Variability: 41.32°
- Transport Mode: bus
    "
0.23413066665582377,7.198857431390847,3.677043626619309,1.0469261024332202,5.656677646249373,-0.002465850871368282,0.07106367263590711,0.03639162350500896,7,2.8,20.75976049813282,19.824289763200294,20.75976049813282,walk_cleaned.geojson,2009-04-06 04:49:11,2009-04-06 04:51:41,150.0,walk,32,1,3.125,0,0,2.78,"
Trip Summary:
- Start: 2009-04-06 04:49:11 at 中关村街道, 海淀区, 北京市, 100098, 中国
- End: 2009-04-06 04:51:41 at 希格玛大厦, 知春路, 中关村街道, 海淀区, 北京市, 100098, 中国
- Duration: 0 days 00:02:30
- Distance: 0.23 km
- Average Speed: 5.66 km/h
- Average Bearing Change: 20.76°
- Max Speed: 7.20 km/h
- Min Speed: 3.68 km/h
- Speed Variability: 1.05 km/h
- Average Acceleration: -0.00 m/s²
- Max Acceleration: 0.07 m/s²
- Number of Turns: 7
- Turn Rate: 2.80 turns/min
- Average Turn Angle: 20.76°
- Turn Angle Variability: 19.82°
- Transport Mode: walk
    "
15.39055910200039,24.984,1.6187294443690083,8.734522212541474,9.911374991022589,0.011809626163049933,1.031077778555457,0.21726119968674776,36,2.640586797066015,40.49998973221657,48.339122129725226,40.49998973221657,subway_cleaned.geojson,2009-08-10 01:07:28,2009-08-10 01:30:56,1408.0,subway,218,130,59.63302752293578,12,129,6.94,"
Trip Summary:
- Start: 2009-08-10 01:07:28 at 科星路辅路, 龙泽园街道, 兰各庄村, 昌平区, 北京市, 100196, 中国
- End: 2009-08-10 01:30:56 at 中关村街道, 海淀区, 北京市, 100098, 中国
- Duration: 0 days 00:23:28
- Distance: 15.39 km
- Average Speed: 9.91 km/h
- Average Bearing Change: 40.50°
- Max Speed: 24.98 km/h
- Min Speed: 1.62 km/h
- Speed Variability: 8.73 km/h
- Average Acceleration: 0.01 m/s²
- Max Acceleration: 1.03 m/s²
- Number of Turns: 36
- Turn Rate: 2.64 turns/min
- Average Turn Angle: 40.50°
- Turn Angle Variability: 48.34°
- Transport Mode: subway
    "
0.25499384391552,7.458449492604984,0.8909160116237147,1.7054590669427179,5.464359161899361,0.0067313098325539195,0.15486530360533768,0.054951158072995554,6,1.8461538461538463,17.288052315153326,17.308963484014868,17.288052315153326,walk_cleaned.geojson,2009-08-10 01:31:46,2009-08-10 01:34:31,165.0,walk,31,2,6.451612903225806,2,1,2.78,"
Trip Summary:
- Start: 2009-08-10 01:31:46 at 知春路, 花园路街道, 中关村街道, 海淀区, 北京市, 100081, 中国
- End: 2009-08-10 01:34:31 at 希格玛大厦, 知春路, 中关村街道, 海淀区, 北京市, 100098, 中国
- Duration: 0 days 00:02:45
- Distance: 0.25 km
- Average Speed: 5.46 km/h
- Average Bearing Change: 17.29°
- Max Speed: 7.46 km/h
- Min Speed: 0.89 km/h
- Speed Variability: 1.71 km/h
- Average Acceleration: 0.01 m/s²
- Max Acceleration: 0.15 m/s²
- Number of Turns: 6
- Turn Rate: 1.85 turns/min
- Average Turn Angle: 17.29°
- Turn Angle Variability: 17.31°
- Transport Mode: walk
    "
3.9980820167625377,20.71861339215688,12.979228606950617,1.2402255060749954,15.615916849692255,-0.0010546586051484433,0.2526004706482448,0.045648486585844875,9,0.5901639344262295,9.388409663948162,9.464978950908034,9.388409663948162,bike_cleaned.geojson,2008-09-16 18:48:05,2008-09-16 19:03:25,920.0,bike,175,2,1.1428571428571428,5,1,6.94,"
Trip Summary:
- Start: 2008-09-16 18:48:05 at 中关村街道, 海淀区, 北京市, 100098, 中国
- End: 2008-09-16 19:03:25 at 清华大学, 30, 双清路, 东升镇, 海淀区, 北京市, 100084, 中国
- Duration: 0 days 00:15:20
- Distance: 4.00 km
- Average Speed: 15.62 km/h
- Average Bearing Change: 9.39°
- Max Speed: 20.72 km/h
- Min Speed: 12.98 km/h
- Speed Variability: 1.24 km/h
- Average Acceleration: -0.00 m/s²
- Max Acceleration: 0.25 m/s²
- Number of Turns: 9
- Turn Rate: 0.59 turns/min
- Average Turn Angle: 9.39°
- Turn Angle Variability: 9.46°
- Transport Mode: bike
    "
0.02415403070494987,1.3859472457323891,0.0,0.47639579143528765,0.7998302810724149,-0.006206556454746694,0.03705818615975635,0.03608744124169625,14,9.333333333333334,57.97726616009137,40.16015879056564,57.97726616009137,walk_cleaned.geojson,2008-09-16 19:04:10,2008-09-16 19:05:35,85.0,walk,22,1,4.545454545454546,0,0,2.78,"
Trip Summary:
- Start: 2008-09-16 19:04:10 at 清华大学, 30, 双清路, 东升镇, 海淀区, 北京市, 100084, 中国
- End: 2008-09-16 19:05:35 at 清华大学, 30, 双清路, 东升镇, 海淀区, 北京市, 100084, 中国
- Duration: 0 days 00:01:25
- Distance: 0.02 km
- Average Speed: 0.80 km/h
- Average Bearing Change: 57.98°
- Max Speed: 1.39 km/h
- Min Speed: 0.00 km/h
- Speed Variability: 0.48 km/h
- Average Acceleration: -0.01 m/s²
- Max Acceleration: 0.04 m/s²
- Number of Turns: 14
- Turn Rate: 9.33 turns/min
- Average Turn Angle: 57.98°
- Turn Angle Variability: 40.16°
- Transport Mode: walk
    "
11.883869866931386,39.996,0.15380548159533702,14.4546892595438,17.679790258387843,0.0008231407763955789,3.8774541098509205,0.40296661722557914,201,4.8825910931174095,21.603689301384254,37.985697589645135,21.603689301384254,bus_cleaned.geojson,2008-10-16 05:24:23,2008-10-16 06:06:11,2508.0,bus,1072,20,1.8656716417910446,88,19,11.11,"
Trip Summary:
- Start: 2008-10-16 05:24:23 at 中关村东路, 知春东里社区, 中关村街道, 海淀区, 北京市, 100190, 中国
- End: 2008-10-16 06:06:11 at 白云路, 月坛街道, 首都功能核心区, 西城区, 北京市, 100032, 中国
- Duration: 0 days 00:41:48
- Distance: 11.88 km
- Average Speed: 17.68 km/h
- Average Bearing Change: 21.60°
- Max Speed: 40.00 km/h
- Min Speed: 0.15 km/h
- Speed Variability: 14.45 km/h
- Average Acceleration: 0.00 m/s²
- Max Acceleration: 3.88 m/s²
- Number of Turns: 201
- Turn Rate: 4.88 turns/min
- Average Turn Angle: 21.60°
- Turn Angle Variability: 37.99°
- Transport Mode: bus
    "
11.606174683046405,9.515784932576477,0.1998588567072328,1.5841864587762955,4.615991217697339,0.0007014823067697137,0.7942312830247155,0.10136928876581272,171,2.142409688870328,22.915097896467678,26.983075888308033,22.915097896467678,walk_cleaned.geojson,2008-10-16 05:18:26,2008-10-16 06:38:51,4825.0,walk,719,19,2.642559109874826,23,18,2.78,"
Trip Summary:
- Start: 2008-10-16 05:18:26 at 中关村南四街, 知春东里社区, 中关村街道, 海淀区, 北京市, 100098, 中国
- End: 2008-10-16 06:38:51 at 月坛街道, 首都功能核心区, 西城区, 北京市, 100032, 中国
- Duration: 0 days 01:20:25
- Distance: 11.61 km
- Average Speed: 4.62 km/h
- Average Bearing Change: 22.92°
- Max Speed: 9.52 km/h
- Min Speed: 0.20 km/h
- Speed Variability: 1.58 km/h
- Average Acceleration: 0.00 m/s²
- Max Acceleration: 0.79 m/s²
- Number of Turns: 171
- Turn Rate: 2.14 turns/min
- Average Turn Angle: 22.92°
- Turn Angle Variability: 26.98°
- Transport Mode: walk
    "
1.0623625803548025,10.008,0.7924270275165258,2.3308377874491524,4.728187972189716,-0.0007536671147553003,0.5931824959547096,0.09808755335440873,57,5.044247787610619,45.11416030832848,48.036960146148765,45.11416030832848,walk_cleaned.geojson,2008-10-31 15:07:09,2008-10-31 15:18:19,670.0,walk,131,3,2.2900763358778624,11,2,2.78,"
Trip Summary:
- Start: 2008-10-31 15:07:09 at 希格玛大厦, 知春路, 中关村街道, 海淀区, 北京市, 100098, 中国
- End: 2008-10-31 15:18:19 at 中关村街道, 海淀区, 北京市, 100190, 中国
- Duration: 0 days 00:11:10
- Distance: 1.06 km
- Average Speed: 4.73 km/h
- Average Bearing Change: 45.11°
- Max Speed: 10.01 km/h
- Min Speed: 0.79 km/h
- Speed Variability: 2.33 km/h
- Average Acceleration: -0.00 m/s²
- Max Acceleration: 0.59 m/s²
- Number of Turns: 57
- Turn Rate: 5.04 turns/min
- Average Turn Angle: 45.11°
- Turn Angle Variability: 48.04°
- Transport Mode: walk
    "
4.1160255973325715,22.020891734704712,2.4500342196284133,2.086178295310019,15.706969848683656,-0.0014356007968040153,2.794146405244012,0.36052100799542824,43,2.7982646420824295,10.021509676680818,11.926359414327743,10.021509676680818,bike_cleaned.geojson,2008-07-18 15:08:43,2008-07-18 15:24:22,939.0,bike,750,22,2.933333333333333,28,21,6.94,"
Trip Summary:
- Start: 2008-07-18 15:08:43 at 知春路, 知春东里社区, 中关村街道, 海淀区, 北京市, 100098, 中国
- End: 2008-07-18 15:24:22 at 清华大学, 30, 双清路, 东升镇, 海淀区, 北京市, 100084, 中国
- Duration: 0 days 00:15:39
- Distance: 4.12 km
- Average Speed: 15.71 km/h
- Average Bearing Change: 10.02°
- Max Speed: 22.02 km/h
- Min Speed: 2.45 km/h
- Speed Variability: 2.09 km/h
- Average Acceleration: -0.00 m/s²
- Max Acceleration: 2.79 m/s²
- Number of Turns: 43
- Turn Rate: 2.80 turns/min
- Average Turn Angle: 10.02°
- Turn Angle Variability: 11.93°
- Transport Mode: bike
    "
14.49205204718382,39.996,0.25217858258979214,13.949886451711608,16.110432426805076,0.0059203713497311015,4.577828206920245,0.4512174545344388,213,5.079491255961845,21.668096323678014,32.54068132229652,21.668096323678014,bus_cleaned.geojson,2008-12-31 01:09:27,2008-12-31 01:51:59,2552.0,bus,1016,24,2.3622047244094486,94,23,11.11,"
Trip Summary:
- Start: 2008-12-31 01:09:27 at 中关村东路, 知春东里社区, 中关村街道, 海淀区, 北京市, 100098, 中国
- End: 2008-12-31 01:51:59 at 首都博物馆, 16, 复兴门外大街, 月坛街道, 首都功能核心区, 西城区, 北京市, 100032, 中国
- Duration: 0 days 00:42:32
- Distance: 14.49 km
- Average Speed: 16.11 km/h
- Average Bearing Change: 21.67°
- Max Speed: 40.00 km/h
- Min Speed: 0.25 km/h
- Speed Variability: 13.95 km/h
- Average Acceleration: 0.01 m/s²
- Max Acceleration: 4.58 m/s²
- Number of Turns: 213
- Turn Rate: 5.08 turns/min
- Average Turn Angle: 21.67°
- Turn Angle Variability: 32.54°
- Transport Mode: bus
    "
0.7967469461423713,7.899475651980594,0.5031697896801525,1.8604085471359797,5.1253737959574766,0.002492865207706044,0.3498013176566763,0.08100771275557492,35,3.7366548042704624,16.675757208928484,23.7279470971254,16.675757208928484,walk_cleaned.geojson,2008-12-31 01:52:23,2008-12-31 02:01:43,560.0,walk,270,2,0.7407407407407408,3,1,2.78,"
Trip Summary:
- Start: 2008-12-31 01:52:23 at 白云路, 月坛街道, 首都功能核心区, 西城区, 北京市, 100032, 中国
- End: 2008-12-31 02:01:43 at 月坛街道, 首都功能核心区, 西城区, 北京市, 100032, 中国
- Duration: 0 days 00:09:20
- Distance: 0.80 km
- Average Speed: 5.13 km/h
- Average Bearing Change: 16.68°
- Max Speed: 7.90 km/h
- Min Speed: 0.50 km/h
- Speed Variability: 1.86 km/h
- Average Acceleration: 0.00 m/s²
- Max Acceleration: 0.35 m/s²
- Number of Turns: 35
- Turn Rate: 3.74 turns/min
- Average Turn Angle: 16.68°
- Turn Angle Variability: 23.73°
- Transport Mode: walk
    "
0.7682929493049191,15.017817242506123,0.0,3.578626681355692,4.884609285675006,-0.004669081186109258,0.8919998719326598,0.1534508081206851,60,6.020066889632107,29.11236570705096,37.579790639341276,29.11236570705096,bike_cleaned.geojson,2008-10-24 06:06:26,2008-10-24 06:16:28,602.0,bike,222,3,1.3513513513513513,1,2,6.94,"
Trip Summary:
- Start: 2008-10-24 06:06:26 at 大钟寺东路, 中关村街道, 海淀区, 北京市, 100081, 中国
- End: 2008-10-24 06:16:28 at 希格玛大厦, 知春路, 中关村街道, 海淀区, 北京市, 100098, 中国
- Duration: 0 days 00:10:02
- Distance: 0.77 km
- Average Speed: 4.88 km/h
- Average Bearing Change: 29.11°
- Max Speed: 15.02 km/h
- Min Speed: 0.00 km/h
- Speed Variability: 3.58 km/h
- Average Acceleration: -0.00 m/s²
- Max Acceleration: 0.89 m/s²
- Number of Turns: 60
- Turn Rate: 6.02 turns/min
- Average Turn Angle: 29.11°
- Turn Angle Variability: 37.58°
- Transport Mode: bike
    "
1.3004386138365644,24.984,0.2306429055381729,8.309946583436203,8.186384495870255,0.030913743367481726,2.854954237810538,0.44004459814794655,16,6.4,27.719444395361215,36.6501789783222,27.719444395361215,subway_cleaned.geojson,2008-07-29 10:32:32,2008-07-29 10:35:36,184.0,subway,72,18,25.0,7,17,6.94,"
Trip Summary:
- Start: 2008-07-29 10:32:32 at 京承高速, 太阳宫乡, 朝阳区, 北京市, 100029, 中国
- End: 2008-07-29 10:35:36 at B, 光熙家园下沉商业街, 香河园街道, 朝阳区, 北京市, 100029, 中国
- Duration: 0 days 00:03:04
- Distance: 1.30 km
- Average Speed: 8.19 km/h
- Average Bearing Change: 27.72°
- Max Speed: 24.98 km/h
- Min Speed: 0.23 km/h
- Speed Variability: 8.31 km/h
- Average Acceleration: 0.03 m/s²
- Max Acceleration: 2.85 m/s²
- Number of Turns: 16
- Turn Rate: 6.40 turns/min
- Average Turn Angle: 27.72°
- Turn Angle Variability: 36.65°
- Transport Mode: subway
    "
2.1251934145672826,39.996,0.15373987558486316,13.246758292581179,26.196780070160717,-0.010078671828160603,0.8500468677419093,0.1989705187499103,11,2.22972972972973,10.80598272005717,20.47990520797682,10.80598272005717,bus_cleaned.geojson,2008-07-29 14:10:01,2008-07-29 14:14:59,298.0,bus,134,2,1.4925373134328357,21,1,11.11,"
Trip Summary:
- Start: 2008-07-29 14:10:01 at 北四环中路, 亚运村街道, 朝阳区, 北京市, 100000, 中国
- End: 2008-07-29 14:14:59 at 北四环东路, 小关街道, 朝阳区, 北京市, 100012, 中国
- Duration: 0 days 00:04:58
- Distance: 2.13 km
- Average Speed: 26.20 km/h
- Average Bearing Change: 10.81°
- Max Speed: 40.00 km/h
- Min Speed: 0.15 km/h
- Speed Variability: 13.25 km/h
- Average Acceleration: -0.01 m/s²
- Max Acceleration: 0.85 m/s²
- Number of Turns: 11
- Turn Rate: 2.23 turns/min
- Average Turn Angle: 10.81°
- Turn Angle Variability: 20.48°
- Transport Mode: bus
    "
0.24096874331130066,6.128431024965066,0.6724438762884856,0.9068801164890873,4.158331044797102,-0.0008795425405467072,0.17490497156400475,0.06186027896065375,22,6.534653465346534,21.407717881223643,22.39922591723452,21.407717881223643,walk_cleaned.geojson,2008-07-29 14:53:45,2008-07-29 14:57:07,202.0,walk,99,1,1.0101010101010102,0,0,2.78,"
Trip Summary:
- Start: 2008-07-29 14:53:45 at 地铁知春路站, 知春路, 花园路街道, 中关村街道, 海淀区, 北京市, 100081, 中国
- End: 2008-07-29 14:57:07 at 中关村街道, 海淀区, 北京市, 100098, 中国
- Duration: 0 days 00:03:22
- Distance: 0.24 km
- Average Speed: 4.16 km/h
- Average Bearing Change: 21.41°
- Max Speed: 6.13 km/h
- Min Speed: 0.67 km/h
- Speed Variability: 0.91 km/h
- Average Acceleration: -0.00 m/s²
- Max Acceleration: 0.17 m/s²
- Number of Turns: 22
- Turn Rate: 6.53 turns/min
- Average Turn Angle: 21.41°
- Turn Angle Variability: 22.40°
- Transport Mode: walk
    "
2.35922708840325,24.302649022113194,1.9657970415923942,3.214064961540668,14.82359188265002,-0.002784812440785889,3.3924389019720964,0.3264964202525842,39,2.9545454545454546,10.411586100164234,15.160285017535998,10.411586100164234,bike_cleaned.geojson,2008-06-19 22:53:18,2008-06-19 23:06:28,790.0,bike,506,9,1.7786561264822136,14,8,6.94,"
Trip Summary:
- Start: 2008-06-19 22:53:18 at 成府路, 清华园, 海淀街道, 东升镇, 海淀区, 北京市, 100190, 中国
- End: 2008-06-19 23:06:28 at 希格玛大厦, 知春路, 中关村街道, 海淀区, 北京市, 100098, 中国
- Duration: 0 days 00:13:10
- Distance: 2.36 km
- Average Speed: 14.82 km/h
- Average Bearing Change: 10.41°
- Max Speed: 24.30 km/h
- Min Speed: 1.97 km/h
- Speed Variability: 3.21 km/h
- Average Acceleration: -0.00 m/s²
- Max Acceleration: 3.39 m/s²
- Number of Turns: 39
- Turn Rate: 2.95 turns/min
- Average Turn Angle: 10.41°
- Turn Angle Variability: 15.16°
- Transport Mode: bike
    "
8.524088376126008,39.996,0.3094951808139925,14.597085772695216,20.985021988797147,0.006969417683102623,3.2861906601861595,0.5455689572278475,190,7.818930041152263,18.420819599658454,33.311978461330504,18.420819599658454,bus_cleaned.geojson,2008-06-20 12:48:20,2008-06-20 13:13:02,1482.0,bus,1195,19,1.5899581589958158,196,18,11.11,"
Trip Summary:
- Start: 2008-06-20 12:48:20 at 东校区, 15号, 北三环东路, 和平街街道, 朝阳区, 北京市, 100029, 中国
- End: 2008-06-20 13:13:02 at 希格玛大厦, 知春路, 中关村街道, 海淀区, 北京市, 100098, 中国
- Duration: 0 days 00:24:42
- Distance: 8.52 km
- Average Speed: 20.99 km/h
- Average Bearing Change: 18.42°
- Max Speed: 40.00 km/h
- Min Speed: 0.31 km/h
- Speed Variability: 14.60 km/h
- Average Acceleration: 0.01 m/s²
- Max Acceleration: 3.29 m/s²
- Number of Turns: 190
- Turn Rate: 7.82 turns/min
- Average Turn Angle: 18.42°
- Turn Angle Variability: 33.31°
- Transport Mode: bus
    "
19.450613428489426,50.004000000000005,0.15400799169459292,10.958291129451725,43.06886974439524,0.002672797905866495,6.168717532550649,0.42766782337722203,9,0.3524804177545692,2.6356964029121954,8.42999660952388,2.6356964029121954,taxi_cleaned.geojson,2008-06-19 23:53:51,2008-06-20 00:19:33,1542.0,taxi,1126,17,1.5097690941385435,642,16,13.89,"
Trip Summary:
- Start: 2008-06-19 23:53:51 at 北四环东路, 小关街道, 朝阳区, 北京市, 100012, 中国
- End: 2008-06-20 00:19:33 at 金蝉西路辅路, 南磨房乡, 朝阳区, 北京市, 100122, 中国
- Duration: 0 days 00:25:42
- Distance: 19.45 km
- Average Speed: 43.07 km/h
- Average Bearing Change: 2.64°
- Max Speed: 50.00 km/h
- Min Speed: 0.15 km/h
- Speed Variability: 10.96 km/h
- Average Acceleration: 0.00 m/s²
- Max Acceleration: 6.17 m/s²
- Number of Turns: 9
- Turn Rate: 0.35 turns/min
- Average Turn Angle: 2.64°
- Turn Angle Variability: 8.43°
- Transport Mode: taxi
    "
0.8679671337324919,8.679488056557666,0.6740674504704214,1.2880353366788155,4.260516187454499,-0.0008264996273755536,1.4277727875421928,0.20547138351006633,141,12.137733142037302,22.97962652167809,23.703063858984397,22.97962652167809,walk_cleaned.geojson,2008-06-20 09:42:40,2008-06-20 09:54:29,709.0,walk,566,11,1.9434628975265018,16,10,2.78,"
Trip Summary:
- Start: 2008-06-20 09:42:40 at 北京欢乐谷, 金蝉西路辅路, 南磨房乡, 朝阳区, 北京市, 100122, 中国
- End: 2008-06-20 09:54:29 at 垡头路, 垡头街道, 十八里店乡, 朝阳区, 北京市, 100122, 中国
- Duration: 0 days 00:11:49
- Distance: 0.87 km
- Average Speed: 4.26 km/h
- Average Bearing Change: 22.98°
- Max Speed: 8.68 km/h
- Min Speed: 0.67 km/h
- Speed Variability: 1.29 km/h
- Average Acceleration: -0.00 m/s²
- Max Acceleration: 1.43 m/s²
- Number of Turns: 141
- Turn Rate: 12.14 turns/min
- Average Turn Angle: 22.98°
- Turn Angle Variability: 23.70°
- Transport Mode: walk
    "
3.3518374635909285,24.984,5.996297197090667,3.2690090814938757,17.632289372644912,0.004272668830189213,1.0855993964028252,0.1825891678102925,19,1.6285714285714286,9.90999222829745,16.49661956485526,9.90999222829745,bike_cleaned.geojson,2008-08-12 02:18:58,2008-08-12 02:30:54,716.0,bike,310,9,2.903225806451613,12,8,6.94,"
Trip Summary:
- Start: 2008-08-12 02:18:58 at 清华大学, 30, 双清路, 东升镇, 海淀区, 北京市, 100084, 中国
- End: 2008-08-12 02:30:54 at 中关村街道, 海淀区, 北京市, 100098, 中国
- Duration: 0 days 00:11:56
- Distance: 3.35 km
- Average Speed: 17.63 km/h
- Average Bearing Change: 9.91°
- Max Speed: 24.98 km/h
- Min Speed: 6.00 km/h
- Speed Variability: 3.27 km/h
- Average Acceleration: 0.00 m/s²
- Max Acceleration: 1.09 m/s²
- Number of Turns: 19
- Turn Rate: 1.63 turns/min
- Average Turn Angle: 9.91°
- Turn Angle Variability: 16.50°
- Transport Mode: bike
    "
0.03604031908862328,3.662301752186998,0.0,1.2092781266711863,2.0772676828763372,-0.013226217063890202,0.16477137747593767,0.07404537773605123,13,15.0,47.66476362089441,46.931148511846985,47.66476362089441,walk_cleaned.geojson,2008-08-12 02:31:18,2008-08-12 02:32:10,52.0,walk,28,1,3.571428571428571,0,0,2.78,"
Trip Summary:
- Start: 2008-08-12 02:31:18 at 中关村街道, 海淀区, 北京市, 100098, 中国
- End: 2008-08-12 02:32:10 at 希格玛大厦, 知春路, 中关村街道, 海淀区, 北京市, 100098, 中国
- Duration: 0 days 00:00:52
- Distance: 0.04 km
- Average Speed: 2.08 km/h
- Average Bearing Change: 47.66°
- Max Speed: 3.66 km/h
- Min Speed: 0.00 km/h
- Speed Variability: 1.21 km/h
- Average Acceleration: -0.01 m/s²
- Max Acceleration: 0.16 m/s²
- Number of Turns: 13
- Turn Rate: 15.00 turns/min
- Average Turn Angle: 47.66°
- Turn Angle Variability: 46.93°
- Transport Mode: walk
    "
9.664883026082839,39.996,0.1998598608267835,12.908215109185738,14.42523891772225,-0.0059702570222065965,1.6144992862672662,0.3147223760149877,164,3.7457175485344503,20.275753690607985,30.99107866793294,20.275753690607985,bus_cleaned.geojson,2009-01-09 08:01:25,2009-01-09 08:45:02,2617.0,bus,910,11,1.208791208791209,62,10,11.11,"
Trip Summary:
- Start: 2009-01-09 08:01:25 at 阜成门外大街, 黄瓜园社区, 展览路街道, 首都功能核心区, 西城区, 北京市, 100032, 中国
- End: 2009-01-09 08:45:02 at 中关村东路, 知春东里社区, 中关村街道, 海淀区, 北京市, 100190, 中国
- Duration: 0 days 00:43:37
- Distance: 9.66 km
- Average Speed: 14.43 km/h
- Average Bearing Change: 20.28°
- Max Speed: 40.00 km/h
- Min Speed: 0.20 km/h
- Speed Variability: 12.91 km/h
- Average Acceleration: -0.01 m/s²
- Max Acceleration: 1.61 m/s²
- Number of Turns: 164
- Turn Rate: 3.75 turns/min
- Average Turn Angle: 20.28°
- Turn Angle Variability: 30.99°
- Transport Mode: bus
    "
0.05776510789298453,3.2333403809378893,0.08102981437914028,0.7071772603327826,1.7099156720850168,0.004084529883606054,0.12761743633020597,0.052933010209736925,23,6.8999999999999995,50.96944786607722,51.681890775694136,50.96944786607722,walk_cleaned.geojson,2009-01-09 08:54:44,2009-01-09 09:00:54,370.0,walk,48,1,2.083333333333333,1,0,2.78,"
Trip Summary:
- Start: 2009-01-09 08:54:44 at 中关村南三条, 中关村街道, 海淀区, 北京市, 100190, 中国
- End: 2009-01-09 09:00:54 at 中关村南三条, 中关村街道, 海淀区, 北京市, 100190, 中国
- Duration: 0 days 00:06:10
- Distance: 0.06 km
- Average Speed: 1.71 km/h
- Average Bearing Change: 50.97°
- Max Speed: 3.23 km/h
- Min Speed: 0.08 km/h
- Speed Variability: 0.71 km/h
- Average Acceleration: 0.00 m/s²
- Max Acceleration: 0.13 m/s²
- Number of Turns: 23
- Turn Rate: 6.90 turns/min
- Average Turn Angle: 50.97°
- Turn Angle Variability: 51.68°
- Transport Mode: walk
    "
3.8395119225506615,22.896207517665374,12.02979474148329,1.7504428682181057,17.104175759236167,-0.0023009487310554134,1.558155987897976,0.1563475782318657,16,1.2198221092757306,8.35435499609039,11.24314527654295,8.35435499609039,bike_cleaned.geojson,2008-05-10 16:36:27,2008-05-10 16:49:46,799.0,bike,364,7,1.9230769230769231,12,6,6.94,"
Trip Summary:
- Start: 2008-05-10 16:36:27 at 星规路, 知春东里社区, 中关村街道, 海淀区, 北京市, 100098, 中国
- End: 2008-05-10 16:49:46 at 清华大学, 30, 双清路, 东升镇, 海淀区, 北京市, 100084, 中国
- Duration: 0 days 00:13:19
- Distance: 3.84 km
- Average Speed: 17.10 km/h
- Average Bearing Change: 8.35°
- Max Speed: 22.90 km/h
- Min Speed: 12.03 km/h
- Speed Variability: 1.75 km/h
- Average Acceleration: -0.00 m/s²
- Max Acceleration: 1.56 m/s²
- Number of Turns: 16
- Turn Rate: 1.22 turns/min
- Average Turn Angle: 8.35°
- Turn Angle Variability: 11.24°
- Transport Mode: bike
    "
0.13602923213039625,7.280708364194287,0.20349427878634482,1.5023312859709408,4.450589675026414,0.019889992027219347,0.2538071179236877,0.08389518651695958,13,7.222222222222222,29.360035482866884,33.84386674348695,29.360035482866884,walk_cleaned.geojson,2008-05-10 16:34:20,2008-05-10 16:35:56,96.0,walk,50,1,2.0,4,0,2.78,"
Trip Summary:
- Start: 2008-05-10 16:34:20 at 希格玛大厦, 知春路, 中关村街道, 海淀区, 北京市, 100098, 中国
- End: 2008-05-10 16:35:56 at 中关村街道, 海淀区, 北京市, 100098, 中国
- Duration: 0 days 00:01:36
- Distance: 0.14 km
- Average Speed: 4.45 km/h
- Average Bearing Change: 29.36°
- Max Speed: 7.28 km/h
- Min Speed: 0.20 km/h
- Speed Variability: 1.50 km/h
- Average Acceleration: 0.02 m/s²
- Max Acceleration: 0.25 m/s²
- Number of Turns: 13
- Turn Rate: 7.22 turns/min
- Average Turn Angle: 29.36°
- Turn Angle Variability: 33.84°
- Transport Mode: walk
    "
10.106901707476114,39.996,0.502884136506877,13.34471516096364,19.607618360833257,0.008643293696077513,1.9452021879886345,0.45516233953126145,131,4.695340501792115,18.89423169418211,31.122181602983215,18.89423169418211,bus_cleaned.geojson,2008-10-15 10:42:59,2008-10-15 11:11:27,1708.0,bus,785,18,2.2929936305732483,105,17,11.11,"
Trip Summary:
- Start: 2008-10-15 10:42:59 at 阜成门内大街, 新街口街道, 首都功能核心区, 西城区, 北京市, 100032, 中国
- End: 2008-10-15 11:11:27 at 中关村南四街, 知春东里社区, 中关村街道, 海淀区, 北京市, 100098, 中国
- Duration: 0 days 00:28:28
- Distance: 10.11 km
- Average Speed: 19.61 km/h
- Average Bearing Change: 18.89°
- Max Speed: 40.00 km/h
- Min Speed: 0.50 km/h
- Speed Variability: 13.34 km/h
- Average Acceleration: 0.01 m/s²
- Max Acceleration: 1.95 m/s²
- Number of Turns: 131
- Turn Rate: 4.70 turns/min
- Average Turn Angle: 18.89°
- Turn Angle Variability: 31.12°
- Transport Mode: bus
    "
0.8068529254992202,8.546242945660772,0.618984524786299,1.4982137747478679,4.222846782583991,0.006265809407670982,0.5506843343317576,0.12436896827285765,80,8.75912408759124,26.395841471948398,25.966338244330323,26.395841471948398,walk_cleaned.geojson,2008-10-15 14:22:37,2008-10-15 14:33:37,660.0,walk,252,8,3.1746031746031744,10,7,2.78,"
Trip Summary:
- Start: 2008-10-15 14:22:37 at 希格玛大厦, 知春路, 中关村街道, 海淀区, 北京市, 100098, 中国
- End: 2008-10-15 14:33:37 at 中关村南四街, 知春东里社区, 中关村街道, 海淀区, 北京市, 100098, 中国
- Duration: 0 days 00:11:00
- Distance: 0.81 km
- Average Speed: 4.22 km/h
- Average Bearing Change: 26.40°
- Max Speed: 8.55 km/h
- Min Speed: 0.62 km/h
- Speed Variability: 1.50 km/h
- Average Acceleration: 0.01 m/s²
- Max Acceleration: 0.55 m/s²
- Number of Turns: 80
- Turn Rate: 8.76 turns/min
- Average Turn Angle: 26.40°
- Turn Angle Variability: 25.97°
- Transport Mode: walk
    "
4.108773606888138,39.996,0.5033349662988703,12.268272714444727,20.61796163071802,-0.02120724687649158,2.5176812697339224,0.40939681102865716,48,3.913043478260869,16.999060936155356,29.078295812567422,16.999060936155356,bus_cleaned.geojson,2008-12-29 23:59:33,2008-12-30 00:11:55,742.0,bus,311,5,1.607717041800643,27,4,11.11,"
Trip Summary:
- Start: 2008-12-29 23:59:33 at 广安门外街道, 首都功能核心区, 西城区, 北京市, 100032, 中国
- End: 2008-12-30 00:11:55 at 菜户营桥, 菜户营南路, 天伦北里社区, 太平桥街道, 丰台区, 北京市, 100069, 中国
- Duration: 0 days 00:12:22
- Distance: 4.11 km
- Average Speed: 20.62 km/h
- Average Bearing Change: 17.00°
- Max Speed: 40.00 km/h
- Min Speed: 0.50 km/h
- Speed Variability: 12.27 km/h
- Average Acceleration: -0.02 m/s²
- Max Acceleration: 2.52 m/s²
- Number of Turns: 48
- Turn Rate: 3.91 turns/min
- Average Turn Angle: 17.00°
- Turn Angle Variability: 29.08°
- Transport Mode: bus
    "
4.288659507670028,10.008,1.0959395860100811,2.232117697686963,5.341898639039465,0.0020163233376249787,0.9990401578990767,0.13328118304210562,29,1.4572864321608041,20.211926701013788,29.816447846123655,20.211926701013788,walk_cleaned.geojson,2008-12-29 23:57:43,2008-12-30 00:17:55,1212.0,walk,166,7,4.216867469879518,7,6,2.78,"
Trip Summary:
- Start: 2008-12-29 23:57:43 at 白云观街, 月坛街道, 首都功能核心区, 西城区, 北京市, 100032, 中国
- End: 2008-12-30 00:17:55 at 首都医科大学, 右安门西滨河路, 玉林西里社区, 右安门街道, 菜户营村, 丰台区, 北京市, 100069, 中国
- Duration: 0 days 00:20:12
- Distance: 4.29 km
- Average Speed: 5.34 km/h
- Average Bearing Change: 20.21°
- Max Speed: 10.01 km/h
- Min Speed: 1.10 km/h
- Speed Variability: 2.23 km/h
- Average Acceleration: 0.00 m/s²
- Max Acceleration: 1.00 m/s²
- Number of Turns: 29
- Turn Rate: 1.46 turns/min
- Average Turn Angle: 20.21°
- Turn Angle Variability: 29.82°
- Transport Mode: walk
    "
4.959567161590908,39.89808373684215,0.0,12.997425048928427,22.12183188956143,0.021022758067432815,2.717550408988524,0.3471383975367236,16,1.1851851851851851,14.975045931405322,31.293820215797133,14.975045931405322,bus_cleaned.geojson,2008-10-23 13:55:20,2008-10-23 14:08:55,815.0,bus,158,2,1.2658227848101267,4,1,11.11,"
Trip Summary:
- Start: 2008-10-23 13:55:20 at 北辰西桥, 北辰西路, 亚运村街道, 朝阳区, 北京市, 100101, 中国
- End: 2008-10-23 14:08:55 at 中关村东路, 清华园, 中关村街道, 海淀区, 北京市, 100190, 中国
- Duration: 0 days 00:13:35
- Distance: 4.96 km
- Average Speed: 22.12 km/h
- Average Bearing Change: 14.98°
- Max Speed: 39.90 km/h
- Min Speed: 0.00 km/h
- Speed Variability: 13.00 km/h
- Average Acceleration: 0.02 m/s²
- Max Acceleration: 2.72 m/s²
- Number of Turns: 16
- Turn Rate: 1.19 turns/min
- Average Turn Angle: 14.98°
- Turn Angle Variability: 31.29°
- Transport Mode: bus
    "
0.04762712601787777,5.856726315490036,4.998100635867662,0.4293128398111872,5.642069895584442,-0.01192535666142187,0.0,0.023850713322843737,2,6.0,89.54152642711335,79.7855727214615,89.54152642711335,walk_cleaned.geojson,2008-10-23 15:27:45,2008-10-23 15:28:10,25.0,walk,9,4,44.44444444444444,1,3,2.78,"
Trip Summary:
- Start: 2008-10-23 15:27:45 at 世纪科贸大厦C座, 66号, 中关村东路, 知春东里社区, 中关村街道, 海淀区, 北京市, 100190, 中国
- End: 2008-10-23 15:28:10 at 中关村南四街, 中关村街道, 海淀区, 北京市, 100190, 中国
- Duration: 0 days 00:00:25
- Distance: 0.05 km
- Average Speed: 5.64 km/h
- Average Bearing Change: 89.54°
- Max Speed: 5.86 km/h
- Min Speed: 5.00 km/h
- Speed Variability: 0.43 km/h
- Average Acceleration: -0.01 m/s²
- Max Acceleration: 0.00 m/s²
- Number of Turns: 2
- Turn Rate: 6.00 turns/min
- Average Turn Angle: 89.54°
- Turn Angle Variability: 79.79°
- Transport Mode: walk
    "
2.887940286984397,24.984,6.702533152217313,3.027851131730725,15.619254290627243,-0.014445281488743978,3.264837029616527,0.5730620224982685,29,3.0208333333333335,10.173733944282919,14.911030670058494,10.173733944282919,bike_cleaned.geojson,2008-06-19 15:28:31,2008-06-19 15:38:24,593.0,bike,513,15,2.923976608187134,24,14,6.94,"
Trip Summary:
- Start: 2008-06-19 15:28:31 at 中国科学院物理研究所, 中关村南三街, 科育社区, 中关村街道, 海淀区, 北京市, 100190, 中国
- End: 2008-06-19 15:38:24 at 清华大学, 30, 双清路, 东升镇, 海淀区, 北京市, 100084, 中国
- Duration: 0 days 00:09:53
- Distance: 2.89 km
- Average Speed: 15.62 km/h
- Average Bearing Change: 10.17°
- Max Speed: 24.98 km/h
- Min Speed: 6.70 km/h
- Speed Variability: 3.03 km/h
- Average Acceleration: -0.01 m/s²
- Max Acceleration: 3.26 m/s²
- Number of Turns: 29
- Turn Rate: 3.02 turns/min
- Average Turn Angle: 10.17°
- Turn Angle Variability: 14.91°
- Transport Mode: bike
    "
2.081550096627984,15.98735892418373,7.893920200442772,1.4663958752016681,12.66505209852612,-0.000529662417059166,0.444775053627255,0.08587037290389658,9,0.8598726114649682,8.31475453513826,8.738475841073306,8.31475453513826,bike_cleaned.geojson,2008-12-01 02:16:45,2008-12-01 02:27:25,640.0,bike,270,5,1.8518518518518516,4,4,6.94,"
Trip Summary:
- Start: 2008-12-01 02:16:45 at 中关村东路, 东升镇, 海淀区, 北京市, 100190, 中国
- End: 2008-12-01 02:27:25 at 中关村街道, 海淀区, 北京市, 100098, 中国
- Duration: 0 days 00:10:40
- Distance: 2.08 km
- Average Speed: 12.67 km/h
- Average Bearing Change: 8.31°
- Max Speed: 15.99 km/h
- Min Speed: 7.89 km/h
- Speed Variability: 1.47 km/h
- Average Acceleration: -0.00 m/s²
- Max Acceleration: 0.44 m/s²
- Number of Turns: 9
- Turn Rate: 0.86 turns/min
- Average Turn Angle: 8.31°
- Turn Angle Variability: 8.74°
- Transport Mode: bike
    "
0.081443792010832,4.463640561158674,0.15376434836128058,1.5607143701161856,2.9004612535204264,-0.009073472288260439,0.36305457020693777,0.08893762310916051,14,8.936170212765958,27.64917344640464,30.348248620006864,27.64917344640464,walk_cleaned.geojson,2008-12-01 02:27:39,2008-12-01 02:29:13,94.0,walk,49,1,2.0408163265306123,1,0,2.78,"
Trip Summary:
- Start: 2008-12-01 02:27:39 at 中关村街道, 海淀区, 北京市, 100098, 中国
- End: 2008-12-01 02:29:13 at 希格玛大厦, 知春路, 中关村街道, 海淀区, 北京市, 100098, 中国
- Duration: 0 days 00:01:34
- Distance: 0.08 km
- Average Speed: 2.90 km/h
- Average Bearing Change: 27.65°
- Max Speed: 4.46 km/h
- Min Speed: 0.15 km/h
- Speed Variability: 1.56 km/h
- Average Acceleration: -0.01 m/s²
- Max Acceleration: 0.36 m/s²
- Number of Turns: 14
- Turn Rate: 8.94 turns/min
- Average Turn Angle: 27.65°
- Turn Angle Variability: 30.35°
- Transport Mode: walk
    "
16.24789644033824,39.996,0.0,13.60210551330133,14.999581682702413,0.017550942579086664,2.9554502405178966,0.3229975202504473,230,3.4963263237902207,33.989631787188955,43.8047481191635,33.989631787188955,bus_cleaned.geojson,2008-11-03 23:37:46,2008-11-04 00:44:01,3975.0,bus,677,9,1.329394387001477,62,8,11.11,"
Trip Summary:
- Start: 2008-11-03 23:37:46 at 中关村东路, 知春东里社区, 中关村街道, 海淀区, 北京市, 100190, 中国
- End: 2008-11-04 00:44:01 at 工人体育场北路, 东直门街道, 首都功能核心区, 东城区, 北京市, 100010, 中国
- Duration: 0 days 01:06:15
- Distance: 16.25 km
- Average Speed: 15.00 km/h
- Average Bearing Change: 33.99°
- Max Speed: 40.00 km/h
- Min Speed: 0.00 km/h
- Speed Variability: 13.60 km/h
- Average Acceleration: 0.02 m/s²
- Max Acceleration: 2.96 m/s²
- Number of Turns: 230
- Turn Rate: 3.50 turns/min
- Average Turn Angle: 33.99°
- Turn Angle Variability: 43.80°
- Transport Mode: bus
    "
0.1168225662879553,0.6852926712005772,0.0,0.14169368386094708,0.27501725882496475,0.00019903056628252028,0.047589768838412795,0.007709269171244304,51,5.340314136125654,75.66310992514471,59.272434177202065,75.66310992514471,walk_cleaned.geojson,2008-11-04 02:29:16,2008-11-04 02:39:54,638.0,walk,85,2,2.3529411764705883,4,1,2.78,"
Trip Summary:
- Start: 2008-11-04 02:29:16 at 东中街, 东直门, 东直门街道, 首都功能核心区, 东城区, 北京市, 100010, 中国
- End: 2008-11-04 02:39:54 at 东中街, 东直门, 东直门街道, 首都功能核心区, 东城区, 北京市, 100010, 中国
- Duration: 0 days 00:10:38
- Distance: 0.12 km
- Average Speed: 0.28 km/h
- Average Bearing Change: 75.66°
- Max Speed: 0.69 km/h
- Min Speed: 0.00 km/h
- Speed Variability: 0.14 km/h
- Average Acceleration: 0.00 m/s²
- Max Acceleration: 0.05 m/s²
- Number of Turns: 51
- Turn Rate: 5.34 turns/min
- Average Turn Angle: 75.66°
- Turn Angle Variability: 59.27°
- Transport Mode: walk
    "
26.713579904552795,39.996,0.15374141558138243,9.99230399853667,35.52107819679935,0.01442208490602773,1.3787189609260446,0.22164196118798798,22,0.6748466257668712,4.695761991391291,14.829197927526033,4.695761991391291,bus_cleaned.geojson,2008-08-31 08:45:18,2008-08-31 09:18:28,1990.0,bus,954,29,3.039832285115304,668,28,11.11,"
Trip Summary:
- Start: 2008-08-31 08:45:18 at 首都机场高速公路, 首都机场街道, 朝阳区, 北京市, 100621, 中国
- End: 2008-08-31 09:18:28 at 清华园, 中关村街道, 海淀区, 北京市, 100190, 中国
- Duration: 0 days 00:33:10
- Distance: 26.71 km
- Average Speed: 35.52 km/h
- Average Bearing Change: 4.70°
- Max Speed: 40.00 km/h
- Min Speed: 0.15 km/h
- Speed Variability: 9.99 km/h
- Average Acceleration: 0.01 m/s²
- Max Acceleration: 1.38 m/s²
- Number of Turns: 22
- Turn Rate: 0.67 turns/min
- Average Turn Angle: 4.70°
- Turn Angle Variability: 14.83°
- Transport Mode: bus
    "
1.2381110935896575,9.583540265033143,0.4612307560706982,2.016119010960869,4.047246027567405,-0.0033245776593802453,0.8100126410303663,0.13895442877017528,145,6.692307692307692,36.96490494674064,41.01141277658418,36.96490494674064,walk_cleaned.geojson,2008-08-31 09:18:44,2008-08-31 09:42:35,1431.0,walk,386,15,3.8860103626943006,6,14,2.78,"
Trip Summary:
- Start: 2008-08-31 09:18:44 at 北四环西路, 科源社区, 中关村街道, 海淀区, 北京市, 100190, 中国
- End: 2008-08-31 09:42:35 at 中关村南四街, 知春东里社区, 中关村街道, 海淀区, 北京市, 100098, 中国
- Duration: 0 days 00:23:51
- Distance: 1.24 km
- Average Speed: 4.05 km/h
- Average Bearing Change: 36.96°
- Max Speed: 9.58 km/h
- Min Speed: 0.46 km/h
- Speed Variability: 2.02 km/h
- Average Acceleration: -0.00 m/s²
- Max Acceleration: 0.81 m/s²
- Number of Turns: 145
- Turn Rate: 6.69 turns/min
- Average Turn Angle: 36.96°
- Turn Angle Variability: 41.01°
- Transport Mode: walk
    "
0.7654633851709322,11.147453932990228,1.0054597410945718,2.1722522073022525,5.439446981931896,0.0002231108341631975,0.7455048656897516,0.14869136171776823,60,7.894736842105264,26.66453778993691,31.043472200409422,26.66453778993691,subway_cleaned.geojson,2008-09-24 11:16:39,2008-09-24 11:24:17,458.0,subway,219,2,0.91324200913242,2,1,6.94,"
Trip Summary:
- Start: 2008-09-24 11:16:39 at 中航科技大厦, 56, 知春路, 知春东里社区, 中关村街道, 海淀区, 北京市, 100098, 中国
- End: 2008-09-24 11:24:17 at 中关村南四街, 知春东里社区, 中关村街道, 海淀区, 北京市, 100098, 中国
- Duration: 0 days 00:07:38
- Distance: 0.77 km
- Average Speed: 5.44 km/h
- Average Bearing Change: 26.66°
- Max Speed: 11.15 km/h
- Min Speed: 1.01 km/h
- Speed Variability: 2.17 km/h
- Average Acceleration: 0.00 m/s²
- Max Acceleration: 0.75 m/s²
- Number of Turns: 60
- Turn Rate: 7.89 turns/min
- Average Turn Angle: 26.66°
- Turn Angle Variability: 31.04°
- Transport Mode: subway
    "
2.6937876652985713,7.160449045513797,0.14985755257589664,1.4123527996798566,2.283753627016936,-0.0016971637155831368,0.6246689136260624,0.09975424209392936,494,8.671737858396723,44.28000304090383,44.6393859919026,44.28000304090383,walk_cleaned.geojson,2008-09-24 12:10:33,2008-09-24 13:10:09,3576.0,walk,1061,20,1.8850141376060319,12,19,2.78,"
Trip Summary:
- Start: 2008-09-24 12:10:33 at 中关村东路, 知春东里社区, 中关村街道, 海淀区, 北京市, 100190, 中国
- End: 2008-09-24 13:10:09 at 中关村南四街, 知春东里社区, 中关村街道, 海淀区, 北京市, 100098, 中国
- Duration: 0 days 00:59:36
- Distance: 2.69 km
- Average Speed: 2.28 km/h
- Average Bearing Change: 44.28°
- Max Speed: 7.16 km/h
- Min Speed: 0.15 km/h
- Speed Variability: 1.41 km/h
- Average Acceleration: -0.00 m/s²
- Max Acceleration: 0.62 m/s²
- Number of Turns: 494
- Turn Rate: 8.67 turns/min
- Average Turn Angle: 44.28°
- Turn Angle Variability: 44.64°
- Transport Mode: walk
    "
3.142910154005394,21.186971203344658,6.01771299380259,2.0169455446176583,15.342575587629664,0.0008910350501272959,2.9199175999794953,0.29815754417728074,9,0.6214039125431531,8.051759786520517,8.613523995582325,8.051759786520517,bike_cleaned.geojson,2008-06-28 03:19:49,2008-06-28 03:34:35,886.0,bike,622,18,2.8938906752411575,17,17,6.94,"
Trip Summary:
- Start: 2008-06-28 03:19:49 at 清华大学, 30, 双清路, 东升镇, 海淀区, 北京市, 100084, 中国
- End: 2008-06-28 03:34:35 at 中航科技大厦, 56, 知春路, 知春东里社区, 中关村街道, 海淀区, 北京市, 100098, 中国
- Duration: 0 days 00:14:46
- Distance: 3.14 km
- Average Speed: 15.34 km/h
- Average Bearing Change: 8.05°
- Max Speed: 21.19 km/h
- Min Speed: 6.02 km/h
- Speed Variability: 2.02 km/h
- Average Acceleration: 0.00 m/s²
- Max Acceleration: 2.92 m/s²
- Number of Turns: 9
- Turn Rate: 0.62 turns/min
- Average Turn Angle: 8.05°
- Turn Angle Variability: 8.61°
- Transport Mode: bike
    "
2.9949508493999355,39.996,0.10087449250222795,12.083651253131299,13.804867401689075,-0.000412613431708264,4.555261207252887,0.5775108263493154,143,7.70197486535009,24.276050221702988,36.14658686762839,24.276050221702988,bus_cleaned.geojson,2008-06-28 08:42:10,2008-06-28 09:00:54,1124.0,bus,626,9,1.4376996805111821,26,8,11.11,"
Trip Summary:
- Start: 2008-06-28 08:42:10 at 中日友好医院本部, 樱花巷, 和平街街道, 朝阳区, 北京市, 100029, 中国
- End: 2008-06-28 09:00:54 at 青年沟路, 和平里街道, 首都功能核心区, 东城区, 北京市, 100010, 中国
- Duration: 0 days 00:18:44
- Distance: 2.99 km
- Average Speed: 13.80 km/h
- Average Bearing Change: 24.28°
- Max Speed: 40.00 km/h
- Min Speed: 0.10 km/h
- Speed Variability: 12.08 km/h
- Average Acceleration: -0.00 m/s²
- Max Acceleration: 4.56 m/s²
- Number of Turns: 143
- Turn Rate: 7.70 turns/min
- Average Turn Angle: 24.28°
- Turn Angle Variability: 36.15°
- Transport Mode: bus
    "
0.08858312700245867,3.670872628001378,0.06151712412876718,0.7672005293674257,0.9260034776532925,0.004888532341880402,0.1282351907357152,0.048483185554921565,46,9.387755102040815,51.76260363943643,50.66789272923013,51.76260363943643,walk_cleaned.geojson,2008-06-28 09:19:38,2008-06-28 09:24:30,292.0,walk,93,2,2.1505376344086025,4,1,2.78,"
Trip Summary:
- Start: 2008-06-28 09:19:38 at 外馆斜街, 和平里街道, 北京市, 东城区, 北京市, 100010, 中国
- End: 2008-06-28 09:24:30 at 外馆斜街, 和平里街道, 北京市, 东城区, 北京市, 100010, 中国
- Duration: 0 days 00:04:52
- Distance: 0.09 km
- Average Speed: 0.93 km/h
- Average Bearing Change: 51.76°
- Max Speed: 3.67 km/h
- Min Speed: 0.06 km/h
- Speed Variability: 0.77 km/h
- Average Acceleration: 0.00 m/s²
- Max Acceleration: 0.13 m/s²
- Number of Turns: 46
- Turn Rate: 9.39 turns/min
- Average Turn Angle: 51.76°
- Turn Angle Variability: 50.67°
- Transport Mode: walk
    "
2.4344334104515393,50.004000000000005,13.216314617087226,13.518696137033055,31.123108600164787,0.08175299307995082,0.8632345548803905,0.28238215033553665,4,1.1707317073170733,45.18192834280824,69.20956592718706,45.18192834280824,taxi_cleaned.geojson,2011-12-07 16:27:14,2011-12-07 16:30:54,220.0,taxi,20,4,20.0,3,3,13.89,"
Trip Summary:
- Start: 2011-12-07 16:27:14 at 海淀东三街, 中关村核心区, 海淀街道, 海淀区, 北京市, 100872, 中国
- End: 2011-12-07 16:30:54 at 中国卫星通信大厦, 63, 知春路, 知春东里社区, 中关村街道, 海淀区, 北京市, 100098, 中国
- Duration: 0 days 00:03:40
- Distance: 2.43 km
- Average Speed: 31.12 km/h
- Average Bearing Change: 45.18°
- Max Speed: 50.00 km/h
- Min Speed: 13.22 km/h
- Speed Variability: 13.52 km/h
- Average Acceleration: 0.08 m/s²
- Max Acceleration: 0.86 m/s²
- Number of Turns: 4
- Turn Rate: 1.17 turns/min
- Average Turn Angle: 45.18°
- Turn Angle Variability: 69.21°
- Transport Mode: taxi
    "
0.25028057334599213,8.03197456123439,1.0831743249566113,1.4253280795584629,5.819280024258395,0.0018786701395633416,0.16546568598291453,0.054044935222643885,4,1.4814814814814814,18.62944312572697,19.13513983258798,18.62944312572697,walk_cleaned.geojson,2009-08-20 00:49:53,2009-08-20 00:52:35,162.0,walk,31,1,3.225806451612903,1,0,2.78,"
Trip Summary:
- Start: 2009-08-20 00:49:53 at 中关村街道, 海淀区, 北京市, 100098, 中国
- End: 2009-08-20 00:52:35 at 希格玛大厦, 知春路, 中关村街道, 海淀区, 北京市, 100098, 中国
- Duration: 0 days 00:02:42
- Distance: 0.25 km
- Average Speed: 5.82 km/h
- Average Bearing Change: 18.63°
- Max Speed: 8.03 km/h
- Min Speed: 1.08 km/h
- Speed Variability: 1.43 km/h
- Average Acceleration: 0.00 m/s²
- Max Acceleration: 0.17 m/s²
- Number of Turns: 4
- Turn Rate: 1.48 turns/min
- Average Turn Angle: 18.63°
- Turn Angle Variability: 19.14°
- Transport Mode: walk
    "
7.114575433183048,24.984,0.17128348922006711,10.010713883834809,16.631208477358587,0.019774822170508726,3.41352648093954,0.3622864541467116,26,2.57001647446458,16.007387369351196,25.47651107796618,16.007387369351196,subway_cleaned.geojson,2009-09-21 11:48:12,2009-09-21 12:02:47,875.0,subway,416,268,64.42307692307693,31,267,6.94,"
Trip Summary:
- Start: 2009-09-21 11:48:12 at 同成街, 龙泽园街道, 昌平区, 北京市, 100096, 中国
- End: 2009-09-21 12:02:47 at 天通苑南, 立汤路, 天通苑北街道, 东小口镇, 昌平区, 北京市, 102218, 中国
- Duration: 0 days 00:14:35
- Distance: 7.11 km
- Average Speed: 16.63 km/h
- Average Bearing Change: 16.01°
- Max Speed: 24.98 km/h
- Min Speed: 0.17 km/h
- Speed Variability: 10.01 km/h
- Average Acceleration: 0.02 m/s²
- Max Acceleration: 3.41 m/s²
- Number of Turns: 26
- Turn Rate: 2.57 turns/min
- Average Turn Angle: 16.01°
- Turn Angle Variability: 25.48°
- Transport Mode: subway
    "
0.5845414006683977,10.000021882115144,0.0,2.238694837531564,5.32186855648211,0.0017670896351989177,0.247994632195132,0.09503327805720867,25,4.373177842565598,33.54110736041331,36.49451661580772,33.54110736041331,walk_cleaned.geojson,2009-09-21 12:03:01,2009-09-21 12:08:55,354.0,walk,73,4,5.47945205479452,3,3,2.78,"
Trip Summary:
- Start: 2009-09-21 12:03:01 at 天通苑南, 立汤路, 天通苑北街道, 东小口镇, 昌平区, 北京市, 102218, 中国
- End: 2009-09-21 12:08:55 at 太平庄中街, 天通苑南街道, 中滩村, 昌平区, 北京市, 102218, 中国
- Duration: 0 days 00:05:54
- Distance: 0.58 km
- Average Speed: 5.32 km/h
- Average Bearing Change: 33.54°
- Max Speed: 10.00 km/h
- Min Speed: 0.00 km/h
- Speed Variability: 2.24 km/h
- Average Acceleration: 0.00 m/s²
- Max Acceleration: 0.25 m/s²
- Number of Turns: 25
- Turn Rate: 4.37 turns/min
- Average Turn Angle: 33.54°
- Turn Angle Variability: 36.49°
- Transport Mode: walk
    "
3.4962649150599723,24.984,3.8162457471341695,7.542309002331433,18.86026855673379,-0.028520555356385466,0.8111484107315267,0.28784781975293994,12,0.9958506224066389,16.573137745016368,24.982244940086478,16.573137745016368,bike_cleaned.geojson,2008-04-14 16:49:29,2008-04-14 17:01:45,736.0,bike,90,7,7.777777777777778,37,6,6.94,"
Trip Summary:
- Start: 2008-04-14 16:49:29 at 中国标准化研究所, 知春路, 知春东里社区, 北太平庄街道, 中关村街道, 海淀区, 北京市, 100081, 中国
- End: 2008-04-14 17:01:45 at 14号, 北三环中路, 德胜街道, 首都功能核心区, 西城区, 北京市, 100032, 中国
- Duration: 0 days 00:12:16
- Distance: 3.50 km
- Average Speed: 18.86 km/h
- Average Bearing Change: 16.57°
- Max Speed: 24.98 km/h
- Min Speed: 3.82 km/h
- Speed Variability: 7.54 km/h
- Average Acceleration: -0.03 m/s²
- Max Acceleration: 0.81 m/s²
- Number of Turns: 12
- Turn Rate: 1.00 turns/min
- Average Turn Angle: 16.57°
- Turn Angle Variability: 24.98°
- Transport Mode: bike
    "
2.8805809186373863,24.984,4.17935578749249,3.286050933825644,15.703019835488679,0.008263652776133081,3.8491362531158773,0.532686902077275,60,5.714285714285714,15.13713249278973,19.63442161239373,15.13713249278973,bike_cleaned.geojson,2008-07-06 17:20:29,2008-07-06 17:31:10,641.0,bike,453,16,3.532008830022075,27,15,6.94,"
Trip Summary:
- Start: 2008-07-06 17:20:29 at 材料学院, 日新路, 清华园街道, 八家村总支委员会, 海淀区, 北京市, 100084, 中国
- End: 2008-07-06 17:31:10 at 希格玛大厦, 知春路, 中关村街道, 海淀区, 北京市, 100098, 中国
- Duration: 0 days 00:10:41
- Distance: 2.88 km
- Average Speed: 15.70 km/h
- Average Bearing Change: 15.14°
- Max Speed: 24.98 km/h
- Min Speed: 4.18 km/h
- Speed Variability: 3.29 km/h
- Average Acceleration: 0.01 m/s²
- Max Acceleration: 3.85 m/s²
- Number of Turns: 60
- Turn Rate: 5.71 turns/min
- Average Turn Angle: 15.14°
- Turn Angle Variability: 19.63°
- Transport Mode: bike
    "
13.281466114055961,39.996,0.17130744249487306,13.061500915192443,21.44381488139255,-0.017496507201800363,2.896957587022917,0.4644016544382617,219,4.315270935960591,13.251736636196801,26.833256366182034,13.251736636196801,bus_cleaned.geojson,2008-07-06 12:02:09,2008-07-06 12:53:12,3063.0,bus,2006,19,0.9471585244267198,141,18,11.11,"
Trip Summary:
- Start: 2008-07-06 12:02:09 at 和平里西街, 和平街街道, 首都功能核心区, 朝阳区, 北京市, 100013, 中国
- End: 2008-07-06 12:53:12 at 智能化大厦, 95号, 中关村东路, 知春东里社区, 中关村街道, 海淀区, 北京市, 100098, 中国
- Duration: 0 days 00:51:03
- Distance: 13.28 km
- Average Speed: 21.44 km/h
- Average Bearing Change: 13.25°
- Max Speed: 40.00 km/h
- Min Speed: 0.17 km/h
- Speed Variability: 13.06 km/h
- Average Acceleration: -0.02 m/s²
- Max Acceleration: 2.90 m/s²
- Number of Turns: 219
- Turn Rate: 4.32 turns/min
- Average Turn Angle: 13.25°
- Turn Angle Variability: 26.83°
- Transport Mode: bus
    "
9.375121215821206,10.008,0.1332410256279214,2.0070537398206443,4.585846562232479,-0.004236327114336657,1.2318935775719104,0.21642001721360096,206,2.629787234042553,24.155586485758896,31.72816041510872,24.155586485758896,walk_cleaned.geojson,2008-07-06 11:42:56,2008-07-06 13:01:54,4738.0,walk,912,31,3.399122807017544,39,30,2.78,"
Trip Summary:
- Start: 2008-07-06 11:42:56 at 天丰利生活MALL, 青年沟路, 和平里街道, 北京市, 东城区, 北京市, 100010, 中国
- End: 2008-07-06 13:01:54 at 希格玛大厦, 知春路, 中关村街道, 海淀区, 北京市, 100098, 中国
- Duration: 0 days 01:18:58
- Distance: 9.38 km
- Average Speed: 4.59 km/h
- Average Bearing Change: 24.16°
- Max Speed: 10.01 km/h
- Min Speed: 0.13 km/h
- Speed Variability: 2.01 km/h
- Average Acceleration: -0.00 m/s²
- Max Acceleration: 1.23 m/s²
- Number of Turns: 206
- Turn Rate: 2.63 turns/min
- Average Turn Angle: 24.16°
- Turn Angle Variability: 31.73°
- Transport Mode: walk
    "
4.39928701464128,21.547627569608903,8.444729186418146,2.4585631895347095,16.682123810223253,0.0013830902488006645,0.2353642845798408,0.06264862282570227,12,0.72,11.228158090436091,19.77222342592905,11.228158090436091,bike_cleaned.geojson,2008-08-19 14:43:00,2008-08-19 15:00:15,1035.0,bike,163,8,4.9079754601226995,4,7,6.94,"
Trip Summary:
- Start: 2008-08-19 14:43:00 at 中航科技大厦, 56, 知春路, 知春东里社区, 中关村街道, 海淀区, 北京市, 100098, 中国
- End: 2008-08-19 15:00:15 at 清华大学, 30, 双清路, 东升镇, 海淀区, 北京市, 100084, 中国
- Duration: 0 days 00:17:15
- Distance: 4.40 km
- Average Speed: 16.68 km/h
- Average Bearing Change: 11.23°
- Max Speed: 21.55 km/h
- Min Speed: 8.44 km/h
- Speed Variability: 2.46 km/h
- Average Acceleration: 0.00 m/s²
- Max Acceleration: 0.24 m/s²
- Number of Turns: 12
- Turn Rate: 0.72 turns/min
- Average Turn Angle: 11.23°
- Turn Angle Variability: 19.77°
- Transport Mode: bike
    "
13.401025943211852,50.004000000000005,0.24468615265253224,20.90341147666021,25.640898873830558,-0.012591347946193685,1.4214383834758726,0.254637168020926,62,2.3249999999999997,25.524044627813375,40.71334851074337,25.524044627813375,taxi_cleaned.geojson,2008-11-28 06:21:55,2008-11-28 06:49:20,1645.0,taxi,267,10,3.7453183520599254,72,9,13.89,"
Trip Summary:
- Start: 2008-11-28 06:21:55 at 中国人民解放军总医院第二医学中心, 北太平路, 万寿路街道, 海淀区, 北京市, 100141, 中国
- End: 2008-11-28 06:49:20 at 西便门外大街, 月坛街道, 首都功能核心区, 西城区, 北京市, 100032, 中国
- Duration: 0 days 00:27:25
- Distance: 13.40 km
- Average Speed: 25.64 km/h
- Average Bearing Change: 25.52°
- Max Speed: 50.00 km/h
- Min Speed: 0.24 km/h
- Speed Variability: 20.90 km/h
- Average Acceleration: -0.01 m/s²
- Max Acceleration: 1.42 m/s²
- Number of Turns: 62
- Turn Rate: 2.32 turns/min
- Average Turn Angle: 25.52°
- Turn Angle Variability: 40.71°
- Transport Mode: taxi
    "
0.29272355358013447,7.485065050676744,0.08092460816658754,2.087886373432953,2.915503968864405,0.00477083140349641,0.4357281818762844,0.07084682749807832,30,2.406417112299465,53.75979937838156,55.83441858204695,53.75979937838156,walk_cleaned.geojson,2008-11-28 08:20:57,2008-11-28 08:29:27,510.0,walk,64,2,3.125,1,1,2.78,"
Trip Summary:
- Start: 2008-11-28 08:20:57 at 东中街, 东直门, 东直门街道, 首都功能核心区, 东城区, 北京市, 100010, 中国
- End: 2008-11-28 08:29:27 at 巫山烤全鱼, 东中街, 东直门, 东直门街道, 首都功能核心区, 东城区, 北京市, 100010, 中国
- Duration: 0 days 00:08:30
- Distance: 0.29 km
- Average Speed: 2.92 km/h
- Average Bearing Change: 53.76°
- Max Speed: 7.49 km/h
- Min Speed: 0.08 km/h
- Speed Variability: 2.09 km/h
- Average Acceleration: 0.00 m/s²
- Max Acceleration: 0.44 m/s²
- Number of Turns: 30
- Turn Rate: 2.41 turns/min
- Average Turn Angle: 53.76°
- Turn Angle Variability: 55.83°
- Transport Mode: walk
    "
3.7219852861092733,36.96535801744434,0.14680169500466217,10.435794484949898,9.975270859305569,0.020910332107785597,0.8778955544395174,0.20448228495684956,71,3.328125,43.0962103132923,47.1928910788948,43.0962103132923,bus_cleaned.geojson,2009-04-16 09:15:17,2009-04-16 09:37:02,1305.0,bus,180,6,3.3333333333333335,3,5,11.11,"
Trip Summary:
- Start: 2009-04-16 09:15:17 at 白云路, 月坛街道, 首都功能核心区, 西城区, 北京市, 100032, 中国
- End: 2009-04-16 09:37:02 at 展览馆路, 黄瓜园社区, 展览路街道, 首都功能核心区, 西城区, 北京市, 100032, 中国
- Duration: 0 days 00:21:45
- Distance: 3.72 km
- Average Speed: 9.98 km/h
- Average Bearing Change: 43.10°
- Max Speed: 36.97 km/h
- Min Speed: 0.15 km/h
- Speed Variability: 10.44 km/h
- Average Acceleration: 0.02 m/s²
- Max Acceleration: 0.88 m/s²
- Number of Turns: 71
- Turn Rate: 3.33 turns/min
- Average Turn Angle: 43.10°
- Turn Angle Variability: 47.19°
- Transport Mode: bus
    "
0.31592812269694254,6.286694662271654,0.0,1.6341862900295367,4.726151487605728,-0.006172227301992001,0.09467621170019794,0.037959202081294746,10,2.6785714285714284,25.593354178775567,32.63365730607556,25.593354178775567,walk_cleaned.geojson,2009-09-11 01:12:28,2009-09-11 01:16:13,225.0,walk,46,2,4.3478260869565215,0,1,2.78,"
Trip Summary:
- Start: 2009-09-11 01:12:28 at 中关村街道, 海淀区, 北京市, 100098, 中国
- End: 2009-09-11 01:16:13 at 希格玛大厦, 知春路, 中关村街道, 海淀区, 北京市, 100098, 中国
- Duration: 0 days 00:03:45
- Distance: 0.32 km
- Average Speed: 4.73 km/h
- Average Bearing Change: 25.59°
- Max Speed: 6.29 km/h
- Min Speed: 0.00 km/h
- Speed Variability: 1.63 km/h
- Average Acceleration: -0.01 m/s²
- Max Acceleration: 0.09 m/s²
- Number of Turns: 10
- Turn Rate: 2.68 turns/min
- Average Turn Angle: 25.59°
- Turn Angle Variability: 32.63°
- Transport Mode: walk
    "
0.5938358420328697,20.395070712428545,10.457888953074427,3.0615289522718148,15.936192619911484,-0.015604757417833254,0.34860226743879785,0.1601427199018944,3,1.3953488372093024,8.90074548132485,11.687690066649017,8.90074548132485,bike_cleaned.geojson,2008-08-07 07:04:08,2008-08-07 07:06:18,130.0,bike,62,2,3.225806451612903,1,1,6.94,"
Trip Summary:
- Start: 2008-08-07 07:04:08 at 大运村路, 花园路街道, 海淀区, 北京市, 100081, 中国
- End: 2008-08-07 07:06:18 at 知春路, 中关村街道, 海淀区, 北京市, 100098, 中国
- Duration: 0 days 00:02:10
- Distance: 0.59 km
- Average Speed: 15.94 km/h
- Average Bearing Change: 8.90°
- Max Speed: 20.40 km/h
- Min Speed: 10.46 km/h
- Speed Variability: 3.06 km/h
- Average Acceleration: -0.02 m/s²
- Max Acceleration: 0.35 m/s²
- Number of Turns: 3
- Turn Rate: 1.40 turns/min
- Average Turn Angle: 8.90°
- Turn Angle Variability: 11.69°
- Transport Mode: bike
    "
0.05824703215021731,5.373237477563265,0.7688215201665802,1.8053496085392506,3.5422153698217094,0.0018008147062484642,0.6181460630278324,0.17732212490649438,4,5.0,27.709812393308276,41.4326775937527,27.709812393308276,walk_cleaned.geojson,2008-08-07 07:06:26,2008-08-07 07:07:14,48.0,walk,24,2,8.333333333333332,0,1,2.78,"
Trip Summary:
- Start: 2008-08-07 07:06:26 at 知春路, 中关村街道, 海淀区, 北京市, 100098, 中国
- End: 2008-08-07 07:07:14 at 希格玛大厦, 知春路, 中关村街道, 海淀区, 北京市, 100098, 中国
- Duration: 0 days 00:00:48
- Distance: 0.06 km
- Average Speed: 3.54 km/h
- Average Bearing Change: 27.71°
- Max Speed: 5.37 km/h
- Min Speed: 0.77 km/h
- Speed Variability: 1.81 km/h
- Average Acceleration: 0.00 m/s²
- Max Acceleration: 0.62 m/s²
- Number of Turns: 4
- Turn Rate: 5.00 turns/min
- Average Turn Angle: 27.71°
- Turn Angle Variability: 41.43°
- Transport Mode: walk
    "
16.976004822517652,39.996,0.1537377640724716,14.990109564311005,17.25666896825636,0.01662816428696983,3.4514122880139033,0.3734525593998322,279,5.081967213114754,22.641685197565373,36.67310275007759,22.641685197565373,bus_cleaned.geojson,2008-09-19 23:45:34,2008-09-20 00:41:16,3342.0,bus,1409,25,1.7743080198722498,195,24,11.11,"
Trip Summary:
- Start: 2008-09-19 23:45:34 at 中关村南四街, 中关村街道, 海淀区, 北京市, 100190, 中国
- End: 2008-09-20 00:41:16 at 工人体育场北路, 三里屯, 三里屯街道, 首都功能核心区, 朝阳区, 北京市, 100020, 中国
- Duration: 0 days 00:55:42
- Distance: 16.98 km
- Average Speed: 17.26 km/h
- Average Bearing Change: 22.64°
- Max Speed: 40.00 km/h
- Min Speed: 0.15 km/h
- Speed Variability: 14.99 km/h
- Average Acceleration: 0.02 m/s²
- Max Acceleration: 3.45 m/s²
- Number of Turns: 279
- Turn Rate: 5.08 turns/min
- Average Turn Angle: 22.64°
- Turn Angle Variability: 36.67°
- Transport Mode: bus
    "
1.5272081584754809,8.621305668349814,0.24939256680240743,1.2816878459487988,4.576200125674232,0.002936669202226288,0.7461109563052957,0.11250239064082311,95,6.484641638225256,22.766524931511917,22.48593083424268,22.766524931511917,walk_cleaned.geojson,2008-09-20 00:41:32,2008-09-20 00:56:25,893.0,walk,374,9,2.406417112299465,11,8,2.78,"
Trip Summary:
- Start: 2008-09-20 00:41:32 at 工人体育场北路, 三里屯, 三里屯街道, 首都功能核心区, 朝阳区, 北京市, 100020, 中国
- End: 2008-09-20 00:56:25 at 东中街, 东直门, 东直门街道, 首都功能核心区, 东城区, 北京市, 100010, 中国
- Duration: 0 days 00:14:53
- Distance: 1.53 km
- Average Speed: 4.58 km/h
- Average Bearing Change: 22.77°
- Max Speed: 8.62 km/h
- Min Speed: 0.25 km/h
- Speed Variability: 1.28 km/h
- Average Acceleration: 0.00 m/s²
- Max Acceleration: 0.75 m/s²
- Number of Turns: 95
- Turn Rate: 6.48 turns/min
- Average Turn Angle: 22.77°
- Turn Angle Variability: 22.49°
- Transport Mode: walk
    "
5.1193212349441515,39.996,1.2476433001367175,12.715797348732742,23.67799245640767,0.002829657796380334,1.7957694814039475,0.43747455221112946,37,3.2937685459940655,18.60038121683255,34.44401911382173,18.60038121683255,bus_cleaned.geojson,2008-12-09 04:35:03,2008-12-09 04:46:29,686.0,bus,265,7,2.6415094339622645,27,6,11.11,"
Trip Summary:
- Start: 2008-12-09 04:35:03 at 首都医科大学, 右安门西滨河路, 玉林西里社区, 右安门街道, 菜户营村, 丰台区, 北京市, 100069, 中国
- End: 2008-12-09 04:46:29 at 真武庙五里1号楼, 1, 真武庙南二巷, 月坛街道, 北京市, 西城区, 北京市, 100045, 中国
- Duration: 0 days 00:11:26
- Distance: 5.12 km
- Average Speed: 23.68 km/h
- Average Bearing Change: 18.60°
- Max Speed: 40.00 km/h
- Min Speed: 1.25 km/h
- Speed Variability: 12.72 km/h
- Average Acceleration: 0.00 m/s²
- Max Acceleration: 1.80 m/s²
- Number of Turns: 37
- Turn Rate: 3.29 turns/min
- Average Turn Angle: 18.60°
- Turn Angle Variability: 34.44°
- Transport Mode: bus
    "
2.874462785718559,10.008,0.2522660179240039,2.0529557944868526,4.615293262888063,-0.0030759856467408603,0.7761413909487642,0.1454804200425272,339,7.847222222222221,32.86219846528669,34.72610005681638,32.86219846528669,walk_cleaned.geojson,2008-12-09 08:52:27,2008-12-09 09:36:09,2622.0,walk,924,16,1.7316017316017316,36,15,2.78,"
Trip Summary:
- Start: 2008-12-09 08:52:27 at 月坛街道, 首都功能核心区, 西城区, 北京市, 100032, 中国
- End: 2008-12-09 09:36:09 at 月坛街道, 首都功能核心区, 西城区, 北京市, 100032, 中国
- Duration: 0 days 00:43:42
- Distance: 2.87 km
- Average Speed: 4.62 km/h
- Average Bearing Change: 32.86°
- Max Speed: 10.01 km/h
- Min Speed: 0.25 km/h
- Speed Variability: 2.05 km/h
- Average Acceleration: -0.00 m/s²
- Max Acceleration: 0.78 m/s²
- Number of Turns: 339
- Turn Rate: 7.85 turns/min
- Average Turn Angle: 32.86°
- Turn Angle Variability: 34.73°
- Transport Mode: walk
    "
0.850074009238554,19.374660872621007,1.7330611997265704,5.301132525610906,7.09413601827247,0.017107167505263806,0.3752164987442096,0.150056744727468,30,6.545454545454546,57.51296670700892,54.413434800238214,57.51296670700892,bus_cleaned.geojson,2011-12-19 02:18:05,2011-12-19 02:22:45,280.0,bus,53,2,3.7735849056603774,2,1,11.11,"
Trip Summary:
- Start: 2011-12-19 02:18:05 at 知春路, 中关村, 中关村街道, 海淀区, 北京市, 100086, 中国
- End: 2011-12-19 02:22:45 at 知识产权大厦, 21号, 海淀南路, 中关村核心区, 海淀街道, 六郎庄村, 海淀区, 北京市, 100872, 中国
- Duration: 0 days 00:04:40
- Distance: 0.85 km
- Average Speed: 7.09 km/h
- Average Bearing Change: 57.51°
- Max Speed: 19.37 km/h
- Min Speed: 1.73 km/h
- Speed Variability: 5.30 km/h
- Average Acceleration: 0.02 m/s²
- Max Acceleration: 0.38 m/s²
- Number of Turns: 30
- Turn Rate: 6.55 turns/min
- Average Turn Angle: 57.51°
- Turn Angle Variability: 54.41°
- Transport Mode: bus
    "
0.6485345287353147,10.008,2.5660690718882,1.6024407435734833,6.003554914435038,0.0005053645587661143,0.13608592602627004,0.053186138794912526,27,4.5,29.945056890060858,27.984398034775534,29.945056890060858,walk_cleaned.geojson,2011-12-19 02:23:10,2011-12-19 02:29:15,365.0,walk,73,2,2.73972602739726,5,1,2.78,"
Trip Summary:
- Start: 2011-12-19 02:23:10 at 知识产权大厦, 21号, 海淀南路, 中关村核心区, 海淀街道, 六郎庄村, 海淀区, 北京市, 100872, 中国
- End: 2011-12-19 02:29:15 at 善缘街, 中关村核心区, 海淀街道, 海淀区, 北京市, 100080, 中国
- Duration: 0 days 00:06:05
- Distance: 0.65 km
- Average Speed: 6.00 km/h
- Average Bearing Change: 29.95°
- Max Speed: 10.01 km/h
- Min Speed: 2.57 km/h
- Speed Variability: 1.60 km/h
- Average Acceleration: 0.00 m/s²
- Max Acceleration: 0.14 m/s²
- Number of Turns: 27
- Turn Rate: 4.50 turns/min
- Average Turn Angle: 29.95°
- Turn Angle Variability: 27.98°
- Transport Mode: walk
    "
4.253222802283088,39.996,1.0091171086820356,15.009649461227108,17.348432647897408,0.02394473301956987,1.1072741059297828,0.2499625938384118,56,3.343283582089552,19.24787400373252,29.158208620011926,19.24787400373252,bus_cleaned.geojson,2008-11-04 04:10:56,2008-11-04 04:27:55,1019.0,bus,348,11,3.1609195402298855,47,10,11.11,"
Trip Summary:
- Start: 2008-11-04 04:10:56 at 月坛街道, 首都功能核心区, 西城区, 北京市, 100032, 中国
- End: 2008-11-04 04:27:55 at 菜户营南路, 天伦北里社区, 太平桥街道, 丰台区, 北京市, 100069, 中国
- Duration: 0 days 00:16:59
- Distance: 4.25 km
- Average Speed: 17.35 km/h
- Average Bearing Change: 19.25°
- Max Speed: 40.00 km/h
- Min Speed: 1.01 km/h
- Speed Variability: 15.01 km/h
- Average Acceleration: 0.02 m/s²
- Max Acceleration: 1.11 m/s²
- Number of Turns: 56
- Turn Rate: 3.34 turns/min
- Average Turn Angle: 19.25°
- Turn Angle Variability: 29.16°
- Transport Mode: bus
    "
0.40881865243910603,6.402858263150533,0.02800220611521158,2.0328612872759773,3.2874852724033046,-0.017537680500786888,0.19788504909151816,0.13170081948334314,18,4.319999999999999,52.114576687072116,51.16785580852339,52.114576687072116,walk_cleaned.geojson,2008-11-04 05:18:54,2008-11-04 05:22:50,236.0,walk,41,3,7.317073170731707,1,2,2.78,"
Trip Summary:
- Start: 2008-11-04 05:18:54 at 首都医科大学, 右安门西滨河路, 玉林西里社区, 右安门街道, 菜户营村, 丰台区, 北京市, 100069, 中国
- End: 2008-11-04 05:22:50 at 首都医科大学, 右安门西滨河路, 玉林西里社区, 右安门街道, 菜户营村, 丰台区, 北京市, 100069, 中国
- Duration: 0 days 00:03:56
- Distance: 0.41 km
- Average Speed: 3.29 km/h
- Average Bearing Change: 52.11°
- Max Speed: 6.40 km/h
- Min Speed: 0.03 km/h
- Speed Variability: 2.03 km/h
- Average Acceleration: -0.02 m/s²
- Max Acceleration: 0.20 m/s²
- Number of Turns: 18
- Turn Rate: 4.32 turns/min
- Average Turn Angle: 52.11°
- Turn Angle Variability: 51.17°
- Transport Mode: walk
    "
9.495716088033186,39.996,0.0,14.762517159778273,26.363905131414644,0.013152369108529467,1.840930713828765,0.3336673389793889,84,2.796892341842397,15.738663536700109,35.73031224784801,15.738663536700109,bus_cleaned.geojson,2009-09-02 08:40:10,2009-09-02 09:10:22,1812.0,bus,738,10,1.3550135501355014,274,9,11.11,"
Trip Summary:
- Start: 2009-09-02 08:40:10 at 京沈线, 双桥区, 承德市, 河北省, 中国
- End: 2009-09-02 09:10:22 at 新华路, 新华路街道, 双桥区, 承德市, 河北省, 067000, 中国
- Duration: 0 days 00:30:12
- Distance: 9.50 km
- Average Speed: 26.36 km/h
- Average Bearing Change: 15.74°
- Max Speed: 40.00 km/h
- Min Speed: 0.00 km/h
- Speed Variability: 14.76 km/h
- Average Acceleration: 0.01 m/s²
- Max Acceleration: 1.84 m/s²
- Number of Turns: 84
- Turn Rate: 2.80 turns/min
- Average Turn Angle: 15.74°
- Turn Angle Variability: 35.73°
- Transport Mode: bus
    "
0.5786455010083537,5.598262941839788,0.266527977450405,1.7422723349677376,3.2172065950894835,0.013506608204912413,0.7405187450540809,0.1206148734542623,16,3.221476510067114,40.768505385449025,48.914141142148935,40.768505385449025,walk_cleaned.geojson,2009-09-02 09:10:37,2009-09-02 09:15:55,318.0,walk,52,5,9.615384615384617,1,4,2.78,"
Trip Summary:
- Start: 2009-09-02 09:10:37 at 新华路, 新华路街道, 双桥区, 承德市, 河北省, 067000, 中国
- End: 2009-09-02 09:15:55 at 南营子大街, 石洞子沟街道, 双桥区, 承德市, 河北省, 067000, 中国
- Duration: 0 days 00:05:18
- Distance: 0.58 km
- Average Speed: 3.22 km/h
- Average Bearing Change: 40.77°
- Max Speed: 5.60 km/h
- Min Speed: 0.27 km/h
- Speed Variability: 1.74 km/h
- Average Acceleration: 0.01 m/s²
- Max Acceleration: 0.74 m/s²
- Number of Turns: 16
- Turn Rate: 3.22 turns/min
- Average Turn Angle: 40.77°
- Turn Angle Variability: 48.91°
- Transport Mode: walk
    "
15.83557976755828,39.996,0.15373959992956945,14.759964037407974,17.862839421634,0.014781007318315007,2.736242781496429,0.4095036283775208,256,5.039370078740157,20.025872620922513,33.84692439650044,20.025872620922513,bus_cleaned.geojson,2008-09-10 13:34:53,2008-09-10 14:26:17,3084.0,bus,1386,21,1.5151515151515151,121,20,11.11,"
Trip Summary:
- Start: 2008-09-10 13:34:53 at 东直门, 东直门街道, 首都功能核心区, 东城区, 北京市, 100010, 中国
- End: 2008-09-10 14:26:17 at 中关村南四街, 知春东里社区, 中关村街道, 海淀区, 北京市, 100098, 中国
- Duration: 0 days 00:51:24
- Distance: 15.84 km
- Average Speed: 17.86 km/h
- Average Bearing Change: 20.03°
- Max Speed: 40.00 km/h
- Min Speed: 0.15 km/h
- Speed Variability: 14.76 km/h
- Average Acceleration: 0.01 m/s²
- Max Acceleration: 2.74 m/s²
- Number of Turns: 256
- Turn Rate: 5.04 turns/min
- Average Turn Angle: 20.03°
- Turn Angle Variability: 33.85°
- Transport Mode: bus
    "
0.024637182284743164,5.61128643662204,1.9684532963917696,1.4512799000126153,4.4810347285184475,0.04799755986191271,0.2879853591714763,0.1811790888740675,4,20.0,79.96932948653762,66.10167686845328,79.96932948653762,walk_cleaned.geojson,2008-09-10 13:31:19,2008-09-10 13:31:31,12.0,walk,14,7,50.0,2,6,2.78,"
Trip Summary:
- Start: 2008-09-10 13:31:19 at 工人体育场北路, 东直门街道, 首都功能核心区, 东城区, 北京市, 100010, 中国
- End: 2008-09-10 13:31:31 at 工人体育场北路, 东直门街道, 首都功能核心区, 东城区, 北京市, 100010, 中国
- Duration: 0 days 00:00:12
- Distance: 0.02 km
- Average Speed: 4.48 km/h
- Average Bearing Change: 79.97°
- Max Speed: 5.61 km/h
- Min Speed: 1.97 km/h
- Speed Variability: 1.45 km/h
- Average Acceleration: 0.05 m/s²
- Max Acceleration: 0.29 m/s²
- Number of Turns: 4
- Turn Rate: 20.00 turns/min
- Average Turn Angle: 79.97°
- Turn Angle Variability: 66.10°
- Transport Mode: walk
    "
0.2916198958485829,6.0322938816964875,1.2132816733365235,1.6768937930679977,4.820949216918177,-0.0038561641106938946,0.0312726950703213,0.03288602139584926,8,2.181818181818182,22.17516758299442,35.840934544066016,22.17516758299442,walk_cleaned.geojson,2009-08-27 01:46:07,2009-08-27 01:49:50,223.0,walk,42,2,4.761904761904762,1,1,2.78,"
Trip Summary:
- Start: 2009-08-27 01:46:07 at 知春路, 花园路街道, 中关村街道, 海淀区, 北京市, 100081, 中国
- End: 2009-08-27 01:49:50 at 希格玛大厦, 知春路, 中关村街道, 海淀区, 北京市, 100098, 中国
- Duration: 0 days 00:03:43
- Distance: 0.29 km
- Average Speed: 4.82 km/h
- Average Bearing Change: 22.18°
- Max Speed: 6.03 km/h
- Min Speed: 1.21 km/h
- Speed Variability: 1.68 km/h
- Average Acceleration: -0.00 m/s²
- Max Acceleration: 0.03 m/s²
- Number of Turns: 8
- Turn Rate: 2.18 turns/min
- Average Turn Angle: 22.18°
- Turn Angle Variability: 35.84°
- Transport Mode: walk
    "
4.111592920628145,21.22321826545774,2.685919787812858,2.7730441205141196,13.740657496186241,0.0015101428721967637,0.3555995391754864,0.09199698963779482,7,0.38532110091743116,8.845543762192449,9.445212397234135,8.845543762192449,bike_cleaned.geojson,2008-09-16 06:07:23,2008-09-16 06:25:48,1105.0,bike,201,4,1.9900497512437811,3,3,6.94,"
Trip Summary:
- Start: 2008-09-16 06:07:23 at 清华大学, 30, 双清路, 东升镇, 海淀区, 北京市, 100084, 中国
- End: 2008-09-16 06:25:48 at 中关村街道, 海淀区, 北京市, 100098, 中国
- Duration: 0 days 00:18:25
- Distance: 4.11 km
- Average Speed: 13.74 km/h
- Average Bearing Change: 8.85°
- Max Speed: 21.22 km/h
- Min Speed: 2.69 km/h
- Speed Variability: 2.77 km/h
- Average Acceleration: 0.00 m/s²
- Max Acceleration: 0.36 m/s²
- Number of Turns: 7
- Turn Rate: 0.39 turns/min
- Average Turn Angle: 8.85°
- Turn Angle Variability: 9.45°
- Transport Mode: bike
    "
0.04280978634122088,4.168478353618669,0.0,1.639848897285827,1.6876707435695477,-0.007640030159025473,0.06647497948364943,0.04181287848893427,8,6.4,67.8237544978183,62.74702884066285,67.8237544978183,walk_cleaned.geojson,2008-09-16 06:26:08,2008-09-16 06:27:21,73.0,walk,15,1,6.666666666666667,2,0,2.78,"
Trip Summary:
- Start: 2008-09-16 06:26:08 at 中关村街道, 海淀区, 北京市, 100098, 中国
- End: 2008-09-16 06:27:21 at 希格玛大厦, 知春路, 中关村街道, 海淀区, 北京市, 100098, 中国
- Duration: 0 days 00:01:13
- Distance: 0.04 km
- Average Speed: 1.69 km/h
- Average Bearing Change: 67.82°
- Max Speed: 4.17 km/h
- Min Speed: 0.00 km/h
- Speed Variability: 1.64 km/h
- Average Acceleration: -0.01 m/s²
- Max Acceleration: 0.07 m/s²
- Number of Turns: 8
- Turn Rate: 6.40 turns/min
- Average Turn Angle: 67.82°
- Turn Angle Variability: 62.75°
- Transport Mode: walk
    "
2.1296910612550457,22.095788144099664,5.515978966502444,1.9145217879765781,16.828883962758084,0.018344136770627455,2.657586940982674,0.3255542768832161,17,2.3234624145785876,7.315198010294174,10.7598244130928,7.315198010294174,bike_cleaned.geojson,2008-06-21 16:45:17,2008-06-21 16:52:40,443.0,bike,398,7,1.7587939698492463,12,6,6.94,"
Trip Summary:
- Start: 2008-06-21 16:45:17 at 中关村东路, 清华园, 中关村街道, 海淀区, 北京市, 100190, 中国
- End: 2008-06-21 16:52:40 at 清华大学, 30, 双清路, 东升镇, 海淀区, 北京市, 100084, 中国
- Duration: 0 days 00:07:23
- Distance: 2.13 km
- Average Speed: 16.83 km/h
- Average Bearing Change: 7.32°
- Max Speed: 22.10 km/h
- Min Speed: 5.52 km/h
- Speed Variability: 1.91 km/h
- Average Acceleration: 0.02 m/s²
- Max Acceleration: 2.66 m/s²
- Number of Turns: 17
- Turn Rate: 2.32 turns/min
- Average Turn Angle: 7.32°
- Turn Angle Variability: 10.76°
- Transport Mode: bike
    "
4.50751266280116,5.310971490448025,0.12191352553508934,1.1883717952711785,2.0215105825658997,0.0033629257765544563,0.14927052256559886,0.046850738838295165,46,2.729970326409495,56.28638409216871,53.45489383885717,56.28638409216871,subway_cleaned.geojson,2008-10-21 00:04:27,2008-10-21 00:21:23,1016.0,subway,83,2,2.4096385542168677,2,1,6.94,"
Trip Summary:
- Start: 2008-10-21 00:04:27 at 知春路, 花园路街道, 中关村街道, 海淀区, 北京市, 100081, 中国
- End: 2008-10-21 00:21:23 at 西直门, 西直门站换乘通道, 展览路街道, 首都功能核心区, 西城区, 北京市, 100032, 中国
- Duration: 0 days 00:16:56
- Distance: 4.51 km
- Average Speed: 2.02 km/h
- Average Bearing Change: 56.29°
- Max Speed: 5.31 km/h
- Min Speed: 0.12 km/h
- Speed Variability: 1.19 km/h
- Average Acceleration: 0.00 m/s²
- Max Acceleration: 0.15 m/s²
- Number of Turns: 46
- Turn Rate: 2.73 turns/min
- Average Turn Angle: 56.29°
- Turn Angle Variability: 53.45°
- Transport Mode: subway
    "
1.0567457293077713,10.008,0.10256489636826148,2.4735673447574547,4.095015469827462,-0.00046100266027770953,0.3043923229143096,0.07819983833466082,68,4.993880048959608,51.044728233302486,50.25049589896206,51.044728233302486,walk_cleaned.geojson,2008-10-21 02:53:30,2008-10-21 03:07:20,830.0,walk,151,6,3.9735099337748347,14,5,2.78,"
Trip Summary:
- Start: 2008-10-21 02:53:30 at 银座购物中心, 东中街, 东直门, 东直门街道, 首都功能核心区, 东城区, 北京市, 100010, 中国
- End: 2008-10-21 03:07:20 at 东中街, 东直门, 东直门街道, 首都功能核心区, 东城区, 北京市, 100010, 中国
- Duration: 0 days 00:13:50
- Distance: 1.06 km
- Average Speed: 4.10 km/h
- Average Bearing Change: 51.04°
- Max Speed: 10.01 km/h
- Min Speed: 0.10 km/h
- Speed Variability: 2.47 km/h
- Average Acceleration: -0.00 m/s²
- Max Acceleration: 0.30 m/s²
- Number of Turns: 68
- Turn Rate: 4.99 turns/min
- Average Turn Angle: 51.04°
- Turn Angle Variability: 50.25°
- Transport Mode: walk
    "
16.31537061146538,50.004000000000005,0.3351275387093384,21.94161689421239,33.4964997522164,0.011109703310509452,2.1265384429940637,0.21227313699787617,55,2.2479564032697548,23.460339219004805,41.13279600722758,23.460339219004805,taxi_cleaned.geojson,2008-10-18 15:11:23,2008-10-18 15:36:33,1510.0,taxi,263,10,3.802281368821293,137,9,13.89,"
Trip Summary:
- Start: 2008-10-18 15:11:23 at 王府井大街, 东华门街道, 首都功能核心区, 东城区, 北京市, 100010, 中国
- End: 2008-10-18 15:36:33 at 中关村南四街, 知春东里社区, 中关村街道, 海淀区, 北京市, 100098, 中国
- Duration: 0 days 00:25:10
- Distance: 16.32 km
- Average Speed: 33.50 km/h
- Average Bearing Change: 23.46°
- Max Speed: 50.00 km/h
- Min Speed: 0.34 km/h
- Speed Variability: 21.94 km/h
- Average Acceleration: 0.01 m/s²
- Max Acceleration: 2.13 m/s²
- Number of Turns: 55
- Turn Rate: 2.25 turns/min
- Average Turn Angle: 23.46°
- Turn Angle Variability: 41.13°
- Transport Mode: taxi
    "
0.058149400974139794,2.095444600451748,0.24467697919880504,0.6321433176939143,1.1838486467686489,-0.0028723012367312282,0.18418375449926935,0.04478580368055236,20,9.6,73.88783855241014,50.27359585174563,73.88783855241014,walk_cleaned.geojson,2008-10-18 15:08:48,2008-10-18 15:10:53,125.0,walk,30,1,3.3333333333333335,0,0,2.78,"
Trip Summary:
- Start: 2008-10-18 15:08:48 at 新燕莎金街购物广场, 霞公府街, 东华门街道, 首都功能核心区, 东城区, 北京市, 100010, 中国
- End: 2008-10-18 15:10:53 at 王府井大街, 东华门街道, 首都功能核心区, 东城区, 北京市, 100010, 中国
- Duration: 0 days 00:02:05
- Distance: 0.06 km
- Average Speed: 1.18 km/h
- Average Bearing Change: 73.89°
- Max Speed: 2.10 km/h
- Min Speed: 0.24 km/h
- Speed Variability: 0.63 km/h
- Average Acceleration: -0.00 m/s²
- Max Acceleration: 0.18 m/s²
- Number of Turns: 20
- Turn Rate: 9.60 turns/min
- Average Turn Angle: 73.89°
- Turn Angle Variability: 50.27°
- Transport Mode: walk
    "
4.021166125978013,24.05097851423753,6.414590261276617,2.7539115117061894,15.357910346658247,-0.0003495135089967604,2.1585456745861338,0.29333837288282383,19,1.1644535240040859,8.311111366393428,11.264863665653948,8.311111366393428,bike_cleaned.geojson,2008-05-30 01:26:54,2008-05-30 01:43:29,995.0,bike,842,17,2.019002375296912,26,16,6.94,"
Trip Summary:
- Start: 2008-05-30 01:26:54 at 清华大学, 30, 双清路, 东升镇, 海淀区, 北京市, 100084, 中国
- End: 2008-05-30 01:43:29 at 知春路, 知春东里社区, 中关村街道, 海淀区, 北京市, 100098, 中国
- Duration: 0 days 00:16:35
- Distance: 4.02 km
- Average Speed: 15.36 km/h
- Average Bearing Change: 8.31°
- Max Speed: 24.05 km/h
- Min Speed: 6.41 km/h
- Speed Variability: 2.75 km/h
- Average Acceleration: -0.00 m/s²
- Max Acceleration: 2.16 m/s²
- Number of Turns: 19
- Turn Rate: 1.16 turns/min
- Average Turn Angle: 8.31°
- Turn Angle Variability: 11.26°
- Transport Mode: bike
    "
8.107699493581622,39.996,0.15988919449153433,12.573433047066551,24.12853091674488,0.00921592957206046,5.357391120978828,0.5757857239306285,106,4.303112313937754,12.736681766541276,24.7402081018433,12.736681766541276,bus_cleaned.geojson,2008-05-30 05:27:53,2008-05-30 05:52:39,1486.0,bus,1119,9,0.8042895442359249,145,8,11.11,"
Trip Summary:
- Start: 2008-05-30 05:27:53 at 和平东桥, 北三环东路, 和平街街道, 朝阳区, 北京市, 100029, 中国
- End: 2008-05-30 05:52:39 at 知春路, 花园路街道, 中关村街道, 海淀区, 北京市, 100081, 中国
- Duration: 0 days 00:24:46
- Distance: 8.11 km
- Average Speed: 24.13 km/h
- Average Bearing Change: 12.74°
- Max Speed: 40.00 km/h
- Min Speed: 0.16 km/h
- Speed Variability: 12.57 km/h
- Average Acceleration: 0.01 m/s²
- Max Acceleration: 5.36 m/s²
- Number of Turns: 106
- Turn Rate: 4.30 turns/min
- Average Turn Angle: 12.74°
- Turn Angle Variability: 24.74°
- Transport Mode: bus
    "
7.973510491272738,8.541170626051397,0.9766143717398242,1.302077483958108,5.011841681536423,-0.0036231437975521377,0.9599179313695703,0.23107763935977976,158,4.350619550252409,27.46803214561835,28.267609037323286,27.46803214561835,walk_cleaned.geojson,2008-05-30 05:18:37,2008-05-30 05:55:03,2186.0,walk,503,11,2.1868787276341948,17,10,2.78,"
Trip Summary:
- Start: 2008-05-30 05:18:37 at 北京中医药大学（西校区）, 11号, 北三环东路, 和平街街道, 朝阳区, 北京市, 100029, 中国
- End: 2008-05-30 05:55:03 at 中关村街道, 海淀区, 北京市, 100098, 中国
- Duration: 0 days 00:36:26
- Distance: 7.97 km
- Average Speed: 5.01 km/h
- Average Bearing Change: 27.47°
- Max Speed: 8.54 km/h
- Min Speed: 0.98 km/h
- Speed Variability: 1.30 km/h
- Average Acceleration: -0.00 m/s²
- Max Acceleration: 0.96 m/s²
- Number of Turns: 158
- Turn Rate: 4.35 turns/min
- Average Turn Angle: 27.47°
- Turn Angle Variability: 28.27°
- Transport Mode: walk
    "
1.8469897224172998,19.75336877584412,0.949641640035849,4.087741606607229,11.971663734202371,0.009483709313393946,0.41267643395007053,0.08765581738390582,15,1.7307692307692308,18.704393871022592,22.522378759886873,18.704393871022592,bike_cleaned.geojson,2011-10-22 09:53:46,2011-10-22 10:02:31,525.0,bike,103,2,1.9417475728155338,0,1,6.94,"
Trip Summary:
- Start: 2011-10-22 09:53:46 at 丝路伊香兰州牛肉面, 29, 知春路, 花园路街道, 海淀区, 北京市, 100081, 中国
- End: 2011-10-22 10:02:31 at 北京航空航天大学(学院路校区), 37, 学院路, 花园路街道, 海淀区, 北京市, 100083, 中国
- Duration: 0 days 00:08:45
- Distance: 1.85 km
- Average Speed: 11.97 km/h
- Average Bearing Change: 18.70°
- Max Speed: 19.75 km/h
- Min Speed: 0.95 km/h
- Speed Variability: 4.09 km/h
- Average Acceleration: 0.01 m/s²
- Max Acceleration: 0.41 m/s²
- Number of Turns: 15
- Turn Rate: 1.73 turns/min
- Average Turn Angle: 18.70°
- Turn Angle Variability: 22.52°
- Transport Mode: bike
    "
2.795282508893662,15.05337954682945,5.2392545186312605,2.0006534978423356,10.486673655657306,0.0001563528252875837,0.5588944941253018,0.1113042149371474,14,0.8786610878661087,9.228750836640604,8.678370195534749,9.228750836640604,bike_cleaned.geojson,2008-10-13 11:14:56,2008-10-13 11:30:52,956.0,bike,474,1,0.21097046413502107,2,0,6.94,"
Trip Summary:
- Start: 2008-10-13 11:14:56 at 中关村北大街, 海淀街道, 海淀区, 北京市, 100871, 中国
- End: 2008-10-13 11:30:52 at 清华大学, 30, 双清路, 东升镇, 海淀区, 北京市, 100084, 中国
- Duration: 0 days 00:15:56
- Distance: 2.80 km
- Average Speed: 10.49 km/h
- Average Bearing Change: 9.23°
- Max Speed: 15.05 km/h
- Min Speed: 5.24 km/h
- Speed Variability: 2.00 km/h
- Average Acceleration: 0.00 m/s²
- Max Acceleration: 0.56 m/s²
- Number of Turns: 14
- Turn Rate: 0.88 turns/min
- Average Turn Angle: 9.23°
- Turn Angle Variability: 8.68°
- Transport Mode: bike
    "
0.38491864063187065,5.9870162733568995,1.3475817060226039,1.1249310795349536,4.4338817424674835,-0.0014698681705007889,0.30906813738721645,0.08448117523584234,32,6.233766233766233,22.18080707562518,27.478383434401536,22.18080707562518,walk_cleaned.geojson,2008-10-13 11:57:23,2008-10-13 12:02:49,326.0,walk,152,1,0.6578947368421052,2,0,2.78,"
Trip Summary:
- Start: 2008-10-13 11:57:23 at 清华大学, 30, 双清路, 东升镇, 海淀区, 北京市, 100084, 中国
- End: 2008-10-13 12:02:49 at 清华大学, 30, 双清路, 东升镇, 海淀区, 北京市, 100084, 中国
- Duration: 0 days 00:05:26
- Distance: 0.38 km
- Average Speed: 4.43 km/h
- Average Bearing Change: 22.18°
- Max Speed: 5.99 km/h
- Min Speed: 1.35 km/h
- Speed Variability: 1.12 km/h
- Average Acceleration: -0.00 m/s²
- Max Acceleration: 0.31 m/s²
- Number of Turns: 32
- Turn Rate: 6.23 turns/min
- Average Turn Angle: 22.18°
- Turn Angle Variability: 27.48°
- Transport Mode: walk
    "
0.0831861908951635,4.324015362209958,0.830770929870773,1.0855607959055706,2.412469191867991,-0.0009651496019617905,0.2564176447782232,0.07375034805309771,15,7.5,69.15057707196853,62.97165082560913,69.15057707196853,bus_cleaned.geojson,2009-05-07 10:13:33,2009-05-07 10:15:33,120.0,bus,29,1,3.4482758620689653,0,0,11.11,"
Trip Summary:
- Start: 2009-05-07 10:13:33 at 中关村南四街, 知春东里社区, 中关村街道, 海淀区, 北京市, 100098, 中国
- End: 2009-05-07 10:15:33 at CNIC, 4, 中关村南四街, 知春东里社区, 中关村街道, 海淀区, 北京市, 100190, 中国
- Duration: 0 days 00:02:00
- Distance: 0.08 km
- Average Speed: 2.41 km/h
- Average Bearing Change: 69.15°
- Max Speed: 4.32 km/h
- Min Speed: 0.83 km/h
- Speed Variability: 1.09 km/h
- Average Acceleration: -0.00 m/s²
- Max Acceleration: 0.26 m/s²
- Number of Turns: 15
- Turn Rate: 7.50 turns/min
- Average Turn Angle: 69.15°
- Turn Angle Variability: 62.97°
- Transport Mode: bus
    "
0.24870534887736528,5.547526850106739,1.5387409351048875,0.9365077275595284,3.830850091259471,0.005781193909409599,0.10330795491252913,0.03714794131583894,16,4.363636363636364,29.86063011981729,33.69336433749608,29.86063011981729,walk_cleaned.geojson,2009-05-07 10:15:48,2009-05-07 10:19:28,220.0,walk,45,1,2.2222222222222223,1,0,2.78,"
Trip Summary:
- Start: 2009-05-07 10:15:48 at CNIC, 4, 中关村南四街, 知春东里社区, 中关村街道, 海淀区, 北京市, 100190, 中国
- End: 2009-05-07 10:19:28 at 中关村南三条, 中关村街道, 海淀区, 北京市, 100190, 中国
- Duration: 0 days 00:03:40
- Distance: 0.25 km
- Average Speed: 3.83 km/h
- Average Bearing Change: 29.86°
- Max Speed: 5.55 km/h
- Min Speed: 1.54 km/h
- Speed Variability: 0.94 km/h
- Average Acceleration: 0.01 m/s²
- Max Acceleration: 0.10 m/s²
- Number of Turns: 16
- Turn Rate: 4.36 turns/min
- Average Turn Angle: 29.86°
- Turn Angle Variability: 33.69°
- Transport Mode: walk
    "
4.182980065233518,24.984,8.286125609426435,2.638750368004287,15.881941410818428,-0.0005888518494255655,0.9339727186775624,0.18497096705373597,25,1.6375545851528384,11.596888141078562,14.871306946144832,11.596888141078562,bike_cleaned.geojson,2008-08-13 15:23:52,2008-08-13 15:39:28,936.0,bike,388,11,2.8350515463917527,11,10,6.94,"
Trip Summary:
- Start: 2008-08-13 15:23:52 at 希格玛大厦, 知春路, 中关村街道, 海淀区, 北京市, 100098, 中国
- End: 2008-08-13 15:39:28 at 清华大学, 30, 双清路, 东升镇, 海淀区, 北京市, 100084, 中国
- Duration: 0 days 00:15:36
- Distance: 4.18 km
- Average Speed: 15.88 km/h
- Average Bearing Change: 11.60°
- Max Speed: 24.98 km/h
- Min Speed: 8.29 km/h
- Speed Variability: 2.64 km/h
- Average Acceleration: -0.00 m/s²
- Max Acceleration: 0.93 m/s²
- Number of Turns: 25
- Turn Rate: 1.64 turns/min
- Average Turn Angle: 11.60°
- Turn Angle Variability: 14.87°
- Transport Mode: bike
    "
0.10363605045240663,8.939661327350702,0.5025387214239985,2.70096741584604,3.0618333651239413,-0.006765004662284031,0.4451008096776123,0.14829322880197127,14,9.333333333333334,33.11893659688021,42.97716475526876,33.11893659688021,walk_cleaned.geojson,2008-08-13 15:39:34,2008-08-13 15:41:06,92.0,walk,43,2,4.651162790697675,4,1,2.78,"
Trip Summary:
- Start: 2008-08-13 15:39:34 at 清华大学, 30, 双清路, 东升镇, 海淀区, 北京市, 100084, 中国
- End: 2008-08-13 15:41:06 at 清华大学, 30, 双清路, 东升镇, 海淀区, 北京市, 100084, 中国
- Duration: 0 days 00:01:32
- Distance: 0.10 km
- Average Speed: 3.06 km/h
- Average Bearing Change: 33.12°
- Max Speed: 8.94 km/h
- Min Speed: 0.50 km/h
- Speed Variability: 2.70 km/h
- Average Acceleration: -0.01 m/s²
- Max Acceleration: 0.45 m/s²
- Number of Turns: 14
- Turn Rate: 9.33 turns/min
- Average Turn Angle: 33.12°
- Turn Angle Variability: 42.98°
- Transport Mode: walk
    "
14.336427828001097,39.996,0.0,14.772123144130187,22.253894885657804,0.029586933670421478,2.7363988788151894,0.3410031958643655,100,2.72975432211101,27.603260317554028,44.19996630020817,27.603260317554028,bus_cleaned.geojson,2008-11-02 08:22:53,2008-11-02 08:59:30,2197.0,bus,435,1,0.22988505747126436,101,0,11.11,"
Trip Summary:
- Start: 2008-11-02 08:22:53 at 门头村路, 四季青镇, 海淀区, 北京市, 100094, 中国
- End: 2008-11-02 08:59:30 at 中国工商银行, 100, 中关村东路, 知春东里社区, 中关村街道, 海淀区, 北京市, 100190, 中国
- Duration: 0 days 00:36:37
- Distance: 14.34 km
- Average Speed: 22.25 km/h
- Average Bearing Change: 27.60°
- Max Speed: 40.00 km/h
- Min Speed: 0.00 km/h
- Speed Variability: 14.77 km/h
- Average Acceleration: 0.03 m/s²
- Max Acceleration: 2.74 m/s²
- Number of Turns: 100
- Turn Rate: 2.73 turns/min
- Average Turn Angle: 27.60°
- Turn Angle Variability: 44.20°
- Transport Mode: bus
    "
3.6841611778377916,50.004000000000005,0.07994450502162238,18.219730526386396,30.283742422109675,0.03664641984622537,2.1813884285448624,0.35507153940211883,19,2.6206896551724137,25.43845660805962,46.89667933634607,25.43845660805962,taxi_cleaned.geojson,2008-11-02 04:41:42,2008-11-02 04:49:04,442.0,taxi,80,2,2.5,15,1,13.89,"
Trip Summary:
- Start: 2008-11-02 04:41:42 at 北坞嘉园东小街, 四季青镇, 海淀区, 北京市, 100010, 中国
- End: 2008-11-02 04:49:04 at 北坞村路, 四季青镇, 海淀区, 北京市, 100010, 中国
- Duration: 0 days 00:07:22
- Distance: 3.68 km
- Average Speed: 30.28 km/h
- Average Bearing Change: 25.44°
- Max Speed: 50.00 km/h
- Min Speed: 0.08 km/h
- Speed Variability: 18.22 km/h
- Average Acceleration: 0.04 m/s²
- Max Acceleration: 2.18 m/s²
- Number of Turns: 19
- Turn Rate: 2.62 turns/min
- Average Turn Angle: 25.44°
- Turn Angle Variability: 46.90°
- Transport Mode: taxi
    "
1.0986889995300408,6.719583344088672,1.4158154430770657,1.049437432664725,4.352991849736147,-0.0016599365278522718,0.12551799685170514,0.03448588059960306,49,3.36,23.598309956503183,20.636293812801128,23.598309956503183,walk_cleaned.geojson,2008-11-02 13:13:06,2008-11-02 13:27:46,880.0,walk,167,2,1.1976047904191618,2,1,2.78,"
Trip Summary:
- Start: 2008-11-02 13:13:06 at 知春路, 花园路街道, 中关村街道, 海淀区, 北京市, 100081, 中国
- End: 2008-11-02 13:27:46 at 中关村东路, 知春东里社区, 中关村街道, 海淀区, 北京市, 100190, 中国
- Duration: 0 days 00:14:40
- Distance: 1.10 km
- Average Speed: 4.35 km/h
- Average Bearing Change: 23.60°
- Max Speed: 6.72 km/h
- Min Speed: 1.42 km/h
- Speed Variability: 1.05 km/h
- Average Acceleration: -0.00 m/s²
- Max Acceleration: 0.13 m/s²
- Number of Turns: 49
- Turn Rate: 3.36 turns/min
- Average Turn Angle: 23.60°
- Turn Angle Variability: 20.64°
- Transport Mode: walk
    "
11.177742719848775,39.996,0.25215799959281243,12.985017424688971,14.288661940906781,0.001251555617015713,2.2739042055700116,0.3150610871591486,165,4.024390243902439,37.696016083528626,47.39725600640146,37.696016083528626,bus_cleaned.geojson,2009-04-07 22:43:47,2009-04-07 23:25:41,2514.0,bus,447,13,2.9082774049217,23,12,11.11,"
Trip Summary:
- Start: 2009-04-07 22:43:47 at 中关村东路天桥, 中关村街道, 海淀区, 北京市, 100190, 中国
- End: 2009-04-07 23:25:41 at 三里河东路, 月坛街道, 首都功能核心区, 西城区, 北京市, 100032, 中国
- Duration: 0 days 00:41:54
- Distance: 11.18 km
- Average Speed: 14.29 km/h
- Average Bearing Change: 37.70°
- Max Speed: 40.00 km/h
- Min Speed: 0.25 km/h
- Speed Variability: 12.99 km/h
- Average Acceleration: 0.00 m/s²
- Max Acceleration: 2.27 m/s²
- Number of Turns: 165
- Turn Rate: 4.02 turns/min
- Average Turn Angle: 37.70°
- Turn Angle Variability: 47.40°
- Transport Mode: bus
    "
0.23491857335670266,10.008,0.5458088970043771,3.147697616868304,8.630266989650972,-0.02046847922386083,0.03504515223331712,0.07782389132892903,1,0.46153846153846156,14.413485863422515,10.484212856415574,14.413485863422515,walk_cleaned.geojson,2009-04-07 23:28:26,2009-04-07 23:30:31,125.0,walk,14,3,21.428571428571427,8,2,2.78,"
Trip Summary:
- Start: 2009-04-07 23:28:26 at 首都博物馆, 16, 复兴门外大街, 月坛街道, 首都功能核心区, 西城区, 北京市, 100032, 中国
- End: 2009-04-07 23:30:31 at Wei Ya Dental Clinic, 白云路, 月坛街道, 首都功能核心区, 西城区, 北京市, 100032, 中国
- Duration: 0 days 00:02:05
- Distance: 0.23 km
- Average Speed: 8.63 km/h
- Average Bearing Change: 14.41°
- Max Speed: 10.01 km/h
- Min Speed: 0.55 km/h
- Speed Variability: 3.15 km/h
- Average Acceleration: -0.02 m/s²
- Max Acceleration: 0.04 m/s²
- Number of Turns: 1
- Turn Rate: 0.46 turns/min
- Average Turn Angle: 14.41°
- Turn Angle Variability: 10.48°
- Transport Mode: walk
    "
10.378038825709512,39.996,0.2855278146298996,13.796657070230575,20.103148586605247,0.011779739179378773,2.9105804939813007,0.38084456617645984,64,2.3558282208588954,24.239347633889935,42.62275777611868,24.239347633889935,bus_cleaned.geojson,2009-07-29 22:46:18,2009-07-29 23:17:18,1860.0,bus,326,4,1.2269938650306749,53,3,11.11,"
Trip Summary:
- Start: 2009-07-29 22:46:18 at 中关村东路, 知春东里社区, 中关村街道, 海淀区, 北京市, 100098, 中国
- End: 2009-07-29 23:17:18 at 白云路, 月坛街道, 首都功能核心区, 西城区, 北京市, 100032, 中国
- Duration: 0 days 00:31:00
- Distance: 10.38 km
- Average Speed: 20.10 km/h
- Average Bearing Change: 24.24°
- Max Speed: 40.00 km/h
- Min Speed: 0.29 km/h
- Speed Variability: 13.80 km/h
- Average Acceleration: 0.01 m/s²
- Max Acceleration: 2.91 m/s²
- Number of Turns: 64
- Turn Rate: 2.36 turns/min
- Average Turn Angle: 24.24°
- Turn Angle Variability: 42.62°
- Transport Mode: bus
    "
8.377201022595573,8.162171548773559,1.7795489417150678,1.7198636144576536,4.773293034623288,-0.003943666564347185,0.17908499075989842,0.05791385078627959,26,0.7107061503416856,36.600440002376715,36.58649199374307,36.600440002376715,walk_cleaned.geojson,2009-07-29 22:45:48,2009-07-29 23:22:33,2205.0,walk,66,3,4.545454545454546,4,2,2.78,"
Trip Summary:
- Start: 2009-07-29 22:45:48 at 中国卫星通信大厦, 63, 知春路, 知春东里社区, 中关村街道, 海淀区, 北京市, 100098, 中国
- End: 2009-07-29 23:22:33 at 首都医科大学附属复兴医院, 复兴路, 木樨地小区, 月坛街道, 首都功能核心区, 西城区, 北京市, 100032, 中国
- Duration: 0 days 00:36:45
- Distance: 8.38 km
- Average Speed: 4.77 km/h
- Average Bearing Change: 36.60°
- Max Speed: 8.16 km/h
- Min Speed: 1.78 km/h
- Speed Variability: 1.72 km/h
- Average Acceleration: -0.00 m/s²
- Max Acceleration: 0.18 m/s²
- Number of Turns: 26
- Turn Rate: 0.71 turns/min
- Average Turn Angle: 36.60°
- Turn Angle Variability: 36.59°
- Transport Mode: walk
    "
4.039011680245201,20.123863321070573,5.740266268775566,3.026307457481304,14.4748880848696,0.0014404037473259512,0.2158919722189359,0.07544715365152038,21,1.2173913043478262,13.3373294007952,21.158525596117045,13.3373294007952,bike_cleaned.geojson,2008-08-21 03:52:20,2008-08-21 04:09:40,1040.0,bike,187,2,1.06951871657754,7,1,6.94,"
Trip Summary:
- Start: 2008-08-21 03:52:20 at 清华大学, 30, 双清路, 东升镇, 海淀区, 北京市, 100084, 中国
- End: 2008-08-21 04:09:40 at 中关村街道, 海淀区, 北京市, 100098, 中国
- Duration: 0 days 00:17:20
- Distance: 4.04 km
- Average Speed: 14.47 km/h
- Average Bearing Change: 13.34°
- Max Speed: 20.12 km/h
- Min Speed: 5.74 km/h
- Speed Variability: 3.03 km/h
- Average Acceleration: 0.00 m/s²
- Max Acceleration: 0.22 m/s²
- Number of Turns: 21
- Turn Rate: 1.22 turns/min
- Average Turn Angle: 13.34°
- Turn Angle Variability: 21.16°
- Transport Mode: bike
    "
11.060376127139357,39.996,0.10086657569376002,12.234808857339111,14.888921885588154,0.01261076563320373,2.5067303006006103,0.2880941393181574,151,3.5418295543393277,32.997047133845086,45.80254057610601,32.997047133845086,bus_cleaned.geojson,2009-04-22 22:40:17,2009-04-22 23:23:02,2565.0,bus,517,4,0.7736943907156674,16,3,11.11,"
Trip Summary:
- Start: 2009-04-22 22:40:17 at 中关村东路, 知春东里社区, 中关村街道, 海淀区, 北京市, 100190, 中国
- End: 2009-04-22 23:23:02 at 三里河东路, 月坛街道, 首都功能核心区, 西城区, 北京市, 100032, 中国
- Duration: 0 days 00:42:45
- Distance: 11.06 km
- Average Speed: 14.89 km/h
- Average Bearing Change: 33.00°
- Max Speed: 40.00 km/h
- Min Speed: 0.10 km/h
- Speed Variability: 12.23 km/h
- Average Acceleration: 0.01 m/s²
- Max Acceleration: 2.51 m/s²
- Number of Turns: 151
- Turn Rate: 3.54 turns/min
- Average Turn Angle: 33.00°
- Turn Angle Variability: 45.80°
- Transport Mode: bus
    "
0.951594671519644,10.008,0.5729272275611383,2.66272851092526,5.0372899110587035,0.004823327068524743,0.2901233817506744,0.09124767069726866,36,3.6302521008403366,34.03503116580478,38.73902743474832,34.03503116580478,walk_cleaned.geojson,2009-04-22 23:24:43,2009-04-22 23:34:53,610.0,walk,118,4,3.389830508474576,15,3,2.78,"
Trip Summary:
- Start: 2009-04-22 23:24:43 at 首都博物馆, 16, 复兴门外大街, 月坛街道, 首都功能核心区, 西城区, 北京市, 100032, 中国
- End: 2009-04-22 23:34:53 at 木樨地小区, 月坛街道, 首都功能核心区, 西城区, 北京市, 100032, 中国
- Duration: 0 days 00:10:10
- Distance: 0.95 km
- Average Speed: 5.04 km/h
- Average Bearing Change: 34.04°
- Max Speed: 10.01 km/h
- Min Speed: 0.57 km/h
- Speed Variability: 2.66 km/h
- Average Acceleration: 0.00 m/s²
- Max Acceleration: 0.29 m/s²
- Number of Turns: 36
- Turn Rate: 3.63 turns/min
- Average Turn Angle: 34.04°
- Turn Angle Variability: 38.74°
- Transport Mode: walk
    "
11.298702766407764,39.996,0.15613512576526223,14.066092660284964,15.906542415435752,-0.01023906805617075,1.7894874943835242,0.28651853042711883,132,3.4226447709593772,37.120611139083564,48.2206806376429,37.120611139083564,bus_cleaned.geojson,2009-04-20 22:56:40,2009-04-20 23:36:31,2391.0,bus,391,15,3.8363171355498724,35,14,11.11,"
Trip Summary:
- Start: 2009-04-20 22:56:40 at 智能化大厦, 95号, 中关村东路, 知春东里社区, 中关村街道, 海淀区, 北京市, 100098, 中国
- End: 2009-04-20 23:36:31 at 白云路北口, 白云路, 月坛街道, 首都功能核心区, 西城区, 北京市, 100032, 中国
- Duration: 0 days 00:39:51
- Distance: 11.30 km
- Average Speed: 15.91 km/h
- Average Bearing Change: 37.12°
- Max Speed: 40.00 km/h
- Min Speed: 0.16 km/h
- Speed Variability: 14.07 km/h
- Average Acceleration: -0.01 m/s²
- Max Acceleration: 1.79 m/s²
- Number of Turns: 132
- Turn Rate: 3.42 turns/min
- Average Turn Angle: 37.12°
- Turn Angle Variability: 48.22°
- Transport Mode: bus
    "
0.7295538714614102,10.008,1.1343306049444488,1.9811179429107117,4.361937042110415,-4.343231571185925e-06,0.2927674550844183,0.09194688269134182,45,5.625,60.54399434193084,59.87555697996969,60.54399434193084,walk_cleaned.geojson,2009-04-20 22:46:45,2009-04-20 22:55:05,500.0,walk,94,5,5.319148936170213,8,4,2.78,"
Trip Summary:
- Start: 2009-04-20 22:46:45 at 中关村南四街, 中关村街道, 海淀区, 北京市, 100190, 中国
- End: 2009-04-20 22:55:05 at 中关村东路天桥, 中关村街道, 海淀区, 北京市, 100190, 中国
- Duration: 0 days 00:08:20
- Distance: 0.73 km
- Average Speed: 4.36 km/h
- Average Bearing Change: 60.54°
- Max Speed: 10.01 km/h
- Min Speed: 1.13 km/h
- Speed Variability: 1.98 km/h
- Average Acceleration: -0.00 m/s²
- Max Acceleration: 0.29 m/s²
- Number of Turns: 45
- Turn Rate: 5.62 turns/min
- Average Turn Angle: 60.54°
- Turn Angle Variability: 59.88°
- Transport Mode: walk
    "
2.321616975824072,19.47968220500843,4.409654297863483,3.474730623642381,13.950470068644195,-0.004845742207635788,0.1700883823139086,0.06426699437937956,14,1.4,17.024301119301317,21.20949575409683,17.024301119301317,bike_cleaned.geojson,2011-11-09 04:34:40,2011-11-09 04:44:40,600.0,bike,120,1,0.8333333333333334,1,0,6.94,"
Trip Summary:
- Start: 2011-11-09 04:34:40 at 卫星桥, 知春东里社区, 中关村街道, 海淀区, 北京市, 100098, 中国
- End: 2011-11-09 04:44:40 at 中关村地下环廊, 中关村核心区, 海淀街道, 海淀区, 北京市, 100080, 中国
- Duration: 0 days 00:10:00
- Distance: 2.32 km
- Average Speed: 13.95 km/h
- Average Bearing Change: 17.02°
- Max Speed: 19.48 km/h
- Min Speed: 4.41 km/h
- Speed Variability: 3.47 km/h
- Average Acceleration: -0.00 m/s²
- Max Acceleration: 0.17 m/s²
- Number of Turns: 14
- Turn Rate: 1.40 turns/min
- Average Turn Angle: 17.02°
- Turn Angle Variability: 21.21°
- Transport Mode: bike
    "
1.7397302010864726,23.116059732392124,1.747668367937443,4.915003446929061,10.674338110001896,-0.002312874831979741,0.3750192733436961,0.09118472913153457,22,2.2758620689655173,31.326555002393242,41.59085247843442,31.326555002393242,bike_cleaned.geojson,2011-10-20 22:25:15,2011-10-20 22:35:15,600.0,bike,92,5,5.434782608695652,2,4,6.94,"
Trip Summary:
- Start: 2011-10-20 22:25:15 at 中关村912号楼, 912号, 科学院南路, 中关村, 中关村街道, 海淀区, 北京市, 100086, 中国
- End: 2011-10-20 22:35:15 at 中关村街道, 海淀区, 北京市, 100098, 中国
- Duration: 0 days 00:10:00
- Distance: 1.74 km
- Average Speed: 10.67 km/h
- Average Bearing Change: 31.33°
- Max Speed: 23.12 km/h
- Min Speed: 1.75 km/h
- Speed Variability: 4.92 km/h
- Average Acceleration: -0.00 m/s²
- Max Acceleration: 0.38 m/s²
- Number of Turns: 22
- Turn Rate: 2.28 turns/min
- Average Turn Angle: 31.33°
- Turn Angle Variability: 41.59°
- Transport Mode: bike
    "
0.46293018667476876,6.272179556740279,0.0,1.4735118758918102,3.668022251480586,-0.002268883308945008,0.23973974583457242,0.04411512859000852,27,4.05,31.739666962244954,37.275924901256055,31.739666962244954,walk_cleaned.geojson,2011-10-23 10:18:14,2011-10-23 10:24:59,405.0,walk,86,2,2.3255813953488373,0,1,2.78,"
Trip Summary:
- Start: 2011-10-23 10:18:14 at 建国门桥, 建国门内大街, 建国门街道, 首都功能核心区, 东城区, 北京市, 100010, 中国
- End: 2011-10-23 10:24:59 at 建国门外大街, 建外街道, 朝阳区, 北京市, 100721, 中国
- Duration: 0 days 00:06:45
- Distance: 0.46 km
- Average Speed: 3.67 km/h
- Average Bearing Change: 31.74°
- Max Speed: 6.27 km/h
- Min Speed: 0.00 km/h
- Speed Variability: 1.47 km/h
- Average Acceleration: -0.00 m/s²
- Max Acceleration: 0.24 m/s²
- Number of Turns: 27
- Turn Rate: 4.05 turns/min
- Average Turn Angle: 31.74°
- Turn Angle Variability: 37.28°
- Transport Mode: walk
    "
4.0833306188568725,23.995727885146046,0.3090196978935485,3.279175966838782,15.464248960961354,-0.0030419741731434725,1.0525332614557172,0.19763877021233955,38,1.7065868263473054,12.369002218165168,16.663792266756445,12.369002218165168,bike_cleaned.geojson,2008-07-27 23:34:00,2008-07-27 23:56:28,1348.0,bike,431,8,1.8561484918793503,14,7,6.94,"
Trip Summary:
- Start: 2008-07-27 23:34:00 at 中关村东路, 知春东里社区, 中关村街道, 海淀区, 北京市, 100190, 中国
- End: 2008-07-27 23:56:28 at 清华大学, 30, 双清路, 东升镇, 海淀区, 北京市, 100084, 中国
- Duration: 0 days 00:22:28
- Distance: 4.08 km
- Average Speed: 15.46 km/h
- Average Bearing Change: 12.37°
- Max Speed: 24.00 km/h
- Min Speed: 0.31 km/h
- Speed Variability: 3.28 km/h
- Average Acceleration: -0.00 m/s²
- Max Acceleration: 1.05 m/s²
- Number of Turns: 38
- Turn Rate: 1.71 turns/min
- Average Turn Angle: 12.37°
- Turn Angle Variability: 16.66°
- Transport Mode: bike
    "
22.916979571947845,24.984,0.13324316573935577,10.322191869243795,11.885970144219842,-0.015809495740658788,1.0904550461023117,0.22799973780764443,132,4.510250569476082,32.76509449230419,45.83208122222035,32.76509449230419,subway_cleaned.geojson,2009-08-23 23:50:57,2009-08-24 00:33:41,2564.0,subway,1204,782,64.95016611295681,107,781,6.94,"
Trip Summary:
- Start: 2009-08-23 23:50:57 at 中国联通（东小口营业厅）, 立汤路, 天通苑北街道, 东小口镇, 昌平区, 北京市, 102218, 中国
- End: 2009-08-24 00:33:41 at 希格玛大厦, 知春路, 中关村街道, 海淀区, 北京市, 100098, 中国
- Duration: 0 days 00:42:44
- Distance: 22.92 km
- Average Speed: 11.89 km/h
- Average Bearing Change: 32.77°
- Max Speed: 24.98 km/h
- Min Speed: 0.13 km/h
- Speed Variability: 10.32 km/h
- Average Acceleration: -0.02 m/s²
- Max Acceleration: 1.09 m/s²
- Number of Turns: 132
- Turn Rate: 4.51 turns/min
- Average Turn Angle: 32.77°
- Turn Angle Variability: 45.83°
- Transport Mode: subway
    "
3.650991663387579,24.984,9.604453036235702,2.1205020688486185,16.06370116315128,-0.007277637133238323,4.2720963788234165,0.35385055117176284,11,0.8098159509202454,7.541002373952315,8.116931790676496,7.541002373952315,bike_cleaned.geojson,2008-04-25 17:19:13,2008-04-25 17:33:00,827.0,bike,415,10,2.4096385542168677,60,9,6.94,"
Trip Summary:
- Start: 2008-04-25 17:19:13 at 中关村东路, 知春东里社区, 中关村街道, 海淀区, 北京市, 100190, 中国
- End: 2008-04-25 17:33:00 at 清华大学, 30, 双清路, 东升镇, 海淀区, 北京市, 100084, 中国
- Duration: 0 days 00:13:47
- Distance: 3.65 km
- Average Speed: 16.06 km/h
- Average Bearing Change: 7.54°
- Max Speed: 24.98 km/h
- Min Speed: 9.60 km/h
- Speed Variability: 2.12 km/h
- Average Acceleration: -0.01 m/s²
- Max Acceleration: 4.27 m/s²
- Number of Turns: 11
- Turn Rate: 0.81 turns/min
- Average Turn Angle: 7.54°
- Turn Angle Variability: 8.12°
- Transport Mode: bike
    "
10.865908715857756,9.012638958542174,0.0,2.328801422257506,3.7367978248141314,-0.0033028196409333878,0.11896871997788457,0.043345420183157166,21,0.6078147612156296,37.071632605576724,44.982685831442744,37.071632605576724,walk_cleaned.geojson,2009-09-22 00:57:03,2009-09-22 01:31:44,2081.0,walk,71,3,4.225352112676056,4,2,2.78,"
Trip Summary:
- Start: 2009-09-22 00:57:03 at 祥和珠宝古玩城, 来广营乡, 朝阳区, 北京市, 102218, 中国
- End: 2009-09-22 01:31:44 at 希格玛大厦, 知春路, 中关村街道, 海淀区, 北京市, 100098, 中国
- Duration: 0 days 00:34:41
- Distance: 10.87 km
- Average Speed: 3.74 km/h
- Average Bearing Change: 37.07°
- Max Speed: 9.01 km/h
- Min Speed: 0.00 km/h
- Speed Variability: 2.33 km/h
- Average Acceleration: -0.00 m/s²
- Max Acceleration: 0.12 m/s²
- Number of Turns: 21
- Turn Rate: 0.61 turns/min
- Average Turn Angle: 37.07°
- Turn Angle Variability: 44.98°
- Transport Mode: walk
    "
4.596339956565118,39.996,0.15396408701651967,11.856313879927383,17.804769212378414,-0.0018242735347851577,2.5409191905283968,0.4111203654775972,66,4.366041896361631,17.816701649727314,29.47751441094033,17.816701649727314,bus_cleaned.geojson,2008-10-28 09:04:02,2008-10-28 09:19:11,909.0,bus,448,2,0.4464285714285714,29,1,11.11,"
Trip Summary:
- Start: 2008-10-28 09:04:02 at 右安门西滨河路, 玉林里社区, 右安门街道, 西铁营村, 丰台区, 北京市, 100069, 中国
- End: 2008-10-28 09:19:11 at 广安门北滨河路, 月坛街道, 首都功能核心区, 西城区, 北京市, 100032, 中国
- Duration: 0 days 00:15:09
- Distance: 4.60 km
- Average Speed: 17.80 km/h
- Average Bearing Change: 17.82°
- Max Speed: 40.00 km/h
- Min Speed: 0.15 km/h
- Speed Variability: 11.86 km/h
- Average Acceleration: -0.00 m/s²
- Max Acceleration: 2.54 m/s²
- Number of Turns: 66
- Turn Rate: 4.37 turns/min
- Average Turn Angle: 17.82°
- Turn Angle Variability: 29.48°
- Transport Mode: bus
    "
0.9768106198993409,9.865550574500306,0.3997176960795206,1.903840910363497,3.687059877309866,-0.0029845991600136747,0.9391822255970326,0.11257851947853037,133,7.514124293785311,31.248922627065685,33.58691185717554,31.248922627065685,walk_cleaned.geojson,2008-10-28 09:38:54,2008-10-28 09:56:46,1072.0,walk,377,6,1.5915119363395225,8,5,2.78,"
Trip Summary:
- Start: 2008-10-28 09:38:54 at 西便门外大街, 月坛街道, 首都功能核心区, 西城区, 北京市, 100032, 中国
- End: 2008-10-28 09:56:46 at 月坛街道, 首都功能核心区, 西城区, 北京市, 100032, 中国
- Duration: 0 days 00:17:52
- Distance: 0.98 km
- Average Speed: 3.69 km/h
- Average Bearing Change: 31.25°
- Max Speed: 9.87 km/h
- Min Speed: 0.40 km/h
- Speed Variability: 1.90 km/h
- Average Acceleration: -0.00 m/s²
- Max Acceleration: 0.94 m/s²
- Number of Turns: 133
- Turn Rate: 7.51 turns/min
- Average Turn Angle: 31.25°
- Turn Angle Variability: 33.59°
- Transport Mode: walk
    "
7.276054470967936,39.996,0.06588814963275501,15.93325862434934,21.003779911391682,0.022947579928565918,2.3477559296789674,0.38917996237616176,50,2.744739249771272,27.462623680757527,44.2282550786574,27.462623680757527,bus_cleaned.geojson,2008-11-05 09:52:53,2008-11-05 10:11:08,1095.0,bus,221,4,1.809954751131222,51,3,11.11,"
Trip Summary:
- Start: 2008-11-05 09:52:53 at 北四环东路, 亚运村街道, 朝阳区, 北京市, 100012, 中国
- End: 2008-11-05 10:11:08 at 中国科学院理论物理研究所（南楼）, 55号, 中关村东路, 清华园, 中关村街道, 海淀区, 北京市, 100190, 中国
- Duration: 0 days 00:18:15
- Distance: 7.28 km
- Average Speed: 21.00 km/h
- Average Bearing Change: 27.46°
- Max Speed: 40.00 km/h
- Min Speed: 0.07 km/h
- Speed Variability: 15.93 km/h
- Average Acceleration: 0.02 m/s²
- Max Acceleration: 2.35 m/s²
- Number of Turns: 50
- Turn Rate: 2.74 turns/min
- Average Turn Angle: 27.46°
- Turn Angle Variability: 44.23°
- Transport Mode: bus
    "
0.19457417314038838,6.265663967272501,1.5189490391802452,1.1513956143076214,4.770743309466693,0.005195645002892809,0.1531588282030083,0.03874608274890669,7,2.896551724137931,20.41592025285077,22.70803324058973,20.41592025285077,walk_cleaned.geojson,2008-11-05 10:11:28,2008-11-05 10:13:53,145.0,walk,31,1,3.225806451612903,0,0,2.78,"
Trip Summary:
- Start: 2008-11-05 10:11:28 at 中国科学院理论物理研究所（南楼）, 55号, 中关村东路, 清华园, 中关村街道, 海淀区, 北京市, 100190, 中国
- End: 2008-11-05 10:13:53 at 中关村南四街, 知春东里社区, 中关村街道, 海淀区, 北京市, 100098, 中国
- Duration: 0 days 00:02:25
- Distance: 0.19 km
- Average Speed: 4.77 km/h
- Average Bearing Change: 20.42°
- Max Speed: 6.27 km/h
- Min Speed: 1.52 km/h
- Speed Variability: 1.15 km/h
- Average Acceleration: 0.01 m/s²
- Max Acceleration: 0.15 m/s²
- Number of Turns: 7
- Turn Rate: 2.90 turns/min
- Average Turn Angle: 20.42°
- Turn Angle Variability: 22.71°
- Transport Mode: walk
    "
0.6500336893573364,9.211642074296613,0.451664276130967,2.587459860981761,4.849924613653196,0.0013737209532550475,0.11135602599485933,0.02846044381317646,12,1.0762331838565022,44.286512961155175,41.33385267467647,44.286512961155175,bus_cleaned.geojson,2007-10-10 11:11:47,2007-10-10 11:22:37,650.0,bus,28,1,3.571428571428571,0,0,11.11,"
Trip Summary:
- Start: 2007-10-10 11:11:47 at 知春里路口南, 科学院南路, 知春东里社区, 中关村街道, 海淀区, 北京市, 100086, 中国
- End: 2007-10-10 11:22:37 at 华夏银行, 知春路, 中关村, 中关村街道, 海淀区, 北京市, 100086, 中国
- Duration: 0 days 00:10:50
- Distance: 0.65 km
- Average Speed: 4.85 km/h
- Average Bearing Change: 44.29°
- Max Speed: 9.21 km/h
- Min Speed: 0.45 km/h
- Speed Variability: 2.59 km/h
- Average Acceleration: 0.00 m/s²
- Max Acceleration: 0.11 m/s²
- Number of Turns: 12
- Turn Rate: 1.08 turns/min
- Average Turn Angle: 44.29°
- Turn Angle Variability: 41.33°
- Transport Mode: bus
    "
1.1291665933008428,5.196719033546077,0.3252191964086153,1.7168759682930481,3.091405084437626,-0.005204425904194525,0.011770439284211398,0.018214191797109647,4,0.44526901669758817,47.30318724128958,51.81447187921491,47.30318724128958,taxi_cleaned.geojson,2007-10-10 11:33:12,2007-10-10 11:41:20,488.0,taxi,12,1,8.333333333333332,0,0,13.89,"
Trip Summary:
- Start: 2007-10-10 11:33:12 at 1, 科学院南路, 知春东里社区, 中关村街道, 海淀区, 北京市, 100086, 中国
- End: 2007-10-10 11:41:20 at 中航科技大厦, 56, 知春路, 知春东里社区, 中关村街道, 海淀区, 北京市, 100098, 中国
- Duration: 0 days 00:08:08
- Distance: 1.13 km
- Average Speed: 3.09 km/h
- Average Bearing Change: 47.30°
- Max Speed: 5.20 km/h
- Min Speed: 0.33 km/h
- Speed Variability: 1.72 km/h
- Average Acceleration: -0.01 m/s²
- Max Acceleration: 0.01 m/s²
- Number of Turns: 4
- Turn Rate: 0.45 turns/min
- Average Turn Angle: 47.30°
- Turn Angle Variability: 51.81°
- Transport Mode: taxi
    "
16.045405055335358,39.996,0.061506225222693854,13.19908021428559,18.497399786689055,0.021890234111535827,3.561265864646377,0.35146912046497825,138,2.5834633385335413,27.990303041275425,40.35919318418809,27.990303041275425,bus_cleaned.geojson,2008-10-29 11:51:28,2008-10-29 12:45:23,3235.0,bus,532,7,1.3157894736842104,43,6,11.11,"
Trip Summary:
- Start: 2008-10-29 11:51:28 at 中国工商银行, 工人体育场北路, 东直门街道, 首都功能核心区, 东城区, 北京市, 100010, 中国
- End: 2008-10-29 12:45:23 at 中国科学院数学与系统科学研究院, 55号, 中关村东路, 清华园, 中关村街道, 海淀区, 北京市, 100190, 中国
- Duration: 0 days 00:53:55
- Distance: 16.05 km
- Average Speed: 18.50 km/h
- Average Bearing Change: 27.99°
- Max Speed: 40.00 km/h
- Min Speed: 0.06 km/h
- Speed Variability: 13.20 km/h
- Average Acceleration: 0.02 m/s²
- Max Acceleration: 3.56 m/s²
- Number of Turns: 138
- Turn Rate: 2.58 turns/min
- Average Turn Angle: 27.99°
- Turn Angle Variability: 40.36°
- Transport Mode: bus
    "
0.2448872289152319,3.5181033242077464,0.0,0.7361764524117617,0.7592728109750213,0.00253857367297518,0.2732428954748775,0.04837364950961579,106,7.553444180522566,74.1914231468645,66.1580531942707,74.1914231468645,walk_cleaned.geojson,2008-10-29 13:02:06,2008-10-29 13:15:51,825.0,walk,176,2,1.1363636363636365,0,1,2.78,"
Trip Summary:
- Start: 2008-10-29 13:02:06 at 中关村街道, 海淀区, 北京市, 100190, 中国
- End: 2008-10-29 13:15:51 at 中关村南四街, 知春东里社区, 中关村街道, 海淀区, 北京市, 100098, 中国
- Duration: 0 days 00:13:45
- Distance: 0.24 km
- Average Speed: 0.76 km/h
- Average Bearing Change: 74.19°
- Max Speed: 3.52 km/h
- Min Speed: 0.00 km/h
- Speed Variability: 0.74 km/h
- Average Acceleration: 0.00 m/s²
- Max Acceleration: 0.27 m/s²
- Number of Turns: 106
- Turn Rate: 7.55 turns/min
- Average Turn Angle: 74.19°
- Turn Angle Variability: 66.16°
- Transport Mode: walk
    "
2.4275756414644665,17.337782378073058,0.0,4.2287936586783665,10.851889733126965,0.0012172086876917146,0.3083555931909221,0.07002341721653572,30,2.214022140221402,22.3112762696072,33.29490689806691,22.3112762696072,bike_cleaned.geojson,2011-11-11 02:27:47,2011-11-11 02:41:25,818.0,bike,151,3,1.9867549668874174,4,2,6.94,"
Trip Summary:
- Start: 2011-11-11 02:27:47 at 中关村东路, 知春东里社区, 中关村街道, 海淀区, 北京市, 100190, 中国
- End: 2011-11-11 02:41:25 at 中关村地下环廊, 中关村核心区, 海淀街道, 海淀区, 北京市, 100080, 中国
- Duration: 0 days 00:13:38
- Distance: 2.43 km
- Average Speed: 10.85 km/h
- Average Bearing Change: 22.31°
- Max Speed: 17.34 km/h
- Min Speed: 0.00 km/h
- Speed Variability: 4.23 km/h
- Average Acceleration: 0.00 m/s²
- Max Acceleration: 0.31 m/s²
- Number of Turns: 30
- Turn Rate: 2.21 turns/min
- Average Turn Angle: 22.31°
- Turn Angle Variability: 33.29°
- Transport Mode: bike
    "
12.428927782171645,6.918218371328091,0.06143751953761215,2.3143186875102635,2.3889767879407358,0.0010036094407912598,0.17880768331969632,0.04260014310867193,54,1.3522537562604342,53.00193657804328,53.41871761044115,53.00193657804328,walk_cleaned.geojson,2009-09-24 00:31:59,2009-09-24 01:12:45,2446.0,walk,119,8,6.722689075630252,2,7,2.78,"
Trip Summary:
- Start: 2009-09-24 00:31:59 at 天通苑南, 立汤路, 天通苑北街道, 东小口镇, 昌平区, 北京市, 102218, 中国
- End: 2009-09-24 01:12:45 at 希格玛大厦, 知春路, 中关村街道, 海淀区, 北京市, 100098, 中国
- Duration: 0 days 00:40:46
- Distance: 12.43 km
- Average Speed: 2.39 km/h
- Average Bearing Change: 53.00°
- Max Speed: 6.92 km/h
- Min Speed: 0.06 km/h
- Speed Variability: 2.31 km/h
- Average Acceleration: 0.00 m/s²
- Max Acceleration: 0.18 m/s²
- Number of Turns: 54
- Turn Rate: 1.35 turns/min
- Average Turn Angle: 53.00°
- Turn Angle Variability: 53.42°
- Transport Mode: walk
    "
3.9089019245418575,24.899561644141826,9.131435907555435,2.632973849301429,16.697347220897544,-0.00134587698881588,1.6994217133641003,0.29444803971813577,21,1.5422276621787026,8.560369047684793,8.718246392318227,8.560369047684793,bike_cleaned.geojson,2008-05-21 14:44:58,2008-05-21 14:58:49,831.0,bike,752,15,1.9946808510638299,23,14,6.94,"
Trip Summary:
- Start: 2008-05-21 14:44:58 at 中国工商银行, 100, 中关村东路, 知春东里社区, 中关村街道, 海淀区, 北京市, 100190, 中国
- End: 2008-05-21 14:58:49 at 清华大学, 30, 双清路, 东升镇, 海淀区, 北京市, 100084, 中国
- Duration: 0 days 00:13:51
- Distance: 3.91 km
- Average Speed: 16.70 km/h
- Average Bearing Change: 8.56°
- Max Speed: 24.90 km/h
- Min Speed: 9.13 km/h
- Speed Variability: 2.63 km/h
- Average Acceleration: -0.00 m/s²
- Max Acceleration: 1.70 m/s²
- Number of Turns: 21
- Turn Rate: 1.54 turns/min
- Average Turn Angle: 8.56°
- Turn Angle Variability: 8.72°
- Transport Mode: bike
    "
0.9697995272829754,9.077724167295631,0.4436389774636847,1.6526656451677395,4.053890413922841,-0.0001299997899026593,1.9134459663748506,0.27437213564731017,265,16.95095948827292,40.807337582592574,40.1590985827952,40.807337582592574,walk_cleaned.geojson,2008-05-21 12:38:16,2008-05-21 12:54:07,951.0,walk,574,19,3.3101045296167246,30,18,2.78,"
Trip Summary:
- Start: 2008-05-21 12:38:16 at 中关村地下环廊, 中关村核心区, 海淀街道, 海淀区, 北京市, 100080, 中国
- End: 2008-05-21 12:54:07 at 丹棱街, 中关村核心区, 海淀街道, 海淀区, 北京市, 100872, 中国
- Duration: 0 days 00:15:51
- Distance: 0.97 km
- Average Speed: 4.05 km/h
- Average Bearing Change: 40.81°
- Max Speed: 9.08 km/h
- Min Speed: 0.44 km/h
- Speed Variability: 1.65 km/h
- Average Acceleration: -0.00 m/s²
- Max Acceleration: 1.91 m/s²
- Number of Turns: 265
- Turn Rate: 16.95 turns/min
- Average Turn Angle: 40.81°
- Turn Angle Variability: 40.16°
- Transport Mode: walk
    "
3.7880076889832477,5.2064812416333135,5.2064812416333135,0.0,5.2064812416333135,0.0,0.0,0.0,0,0.0,12.978503708883892,11.605593903937875,12.978503708883892,train_cleaned.geojson,2008-03-17 15:24:24,2008-03-17 15:29:32,308.0,train,10,6,60.0,1,5,6.94,"
Trip Summary:
- Start: 2008-03-17 15:24:24 at 清河北滨河路, 清河街道, 海淀区, 北京市, 100084, 中国
- End: 2008-03-17 15:29:32 at 五道口嘉园2号楼, 3号院2号楼, 展春园西路, 五道口, 学院路街道, 东升镇, 海淀区, 北京市, 100083, 中国
- Duration: 0 days 00:05:08
- Distance: 3.79 km
- Average Speed: 5.21 km/h
- Average Bearing Change: 12.98°
- Max Speed: 5.21 km/h
- Min Speed: 5.21 km/h
- Speed Variability: 0.00 km/h
- Average Acceleration: 0.00 m/s²
- Max Acceleration: 0.00 m/s²
- Number of Turns: 0
- Turn Rate: 0.00 turns/min
- Average Turn Angle: 12.98°
- Turn Angle Variability: 11.61°
- Transport Mode: train
    "
0.6820836465507286,4.198668706637519,1.6631415068368252,0.913157079030376,3.4865457632725443,0.0007570359658603798,0.012143329500961175,0.0048079493977442826,2,0.1762114537444934,20.41302485696176,21.843613009293904,20.41302485696176,walk_cleaned.geojson,2008-03-17 14:25:55,2008-03-17 14:36:12,617.0,walk,10,1,10.0,1,0,2.78,"
Trip Summary:
- Start: 2008-03-17 14:25:55 at 樱花小街, 和平街街道, 朝阳区, 北京市, 100029, 中国
- End: 2008-03-17 14:36:12 at 太阳宫桥, 北三环东路, 和平街街道, 朝阳区, 北京市, 100029, 中国
- Duration: 0 days 00:10:17
- Distance: 0.68 km
- Average Speed: 3.49 km/h
- Average Bearing Change: 20.41°
- Max Speed: 4.20 km/h
- Min Speed: 1.66 km/h
- Speed Variability: 0.91 km/h
- Average Acceleration: 0.00 m/s²
- Max Acceleration: 0.01 m/s²
- Number of Turns: 2
- Turn Rate: 0.18 turns/min
- Average Turn Angle: 20.41°
- Turn Angle Variability: 21.84°
- Transport Mode: walk
    "
6.096691569906887,24.984,0.19986113802080438,10.349300599383879,16.12755412737676,0.02905372580825504,1.690051752801973,0.3379929073535963,67,5.031289111389237,18.950596853067644,33.797344267595584,18.950596853067644,bike_cleaned.geojson,2008-11-02 03:13:37,2008-11-02 03:28:46,909.0,bike,429,56,13.053613053613052,172,55,6.94,"
Trip Summary:
- Start: 2008-11-02 03:13:37 at 中关村东路天桥, 中关村街道, 海淀区, 北京市, 100190, 中国
- End: 2008-11-02 03:28:46 at 西三环, 紫竹院街道, 海淀区, 北京市, 100048, 中国
- Duration: 0 days 00:15:09
- Distance: 6.10 km
- Average Speed: 16.13 km/h
- Average Bearing Change: 18.95°
- Max Speed: 24.98 km/h
- Min Speed: 0.20 km/h
- Speed Variability: 10.35 km/h
- Average Acceleration: 0.03 m/s²
- Max Acceleration: 1.69 m/s²
- Number of Turns: 67
- Turn Rate: 5.03 turns/min
- Average Turn Angle: 18.95°
- Turn Angle Variability: 33.80°
- Transport Mode: bike
    "
2.213091507086353,39.996,0.39972291286908795,13.835602407547848,14.189508950773808,-0.01121985474336605,1.6748772688906177,0.42060977247491693,52,4.285714285714286,30.406623618012457,49.432054761794774,30.406623618012457,bus_cleaned.geojson,2008-11-02 09:17:57,2008-11-02 09:30:09,732.0,bus,229,3,1.3100436681222707,24,2,11.11,"
Trip Summary:
- Start: 2008-11-02 09:17:57 at 30, 北三环西路, 北下关街道, 海淀区, 北京市, 100098, 中国
- End: 2008-11-02 09:30:09 at 中关村街道, 海淀区, 北京市, 100190, 中国
- Duration: 0 days 00:12:12
- Distance: 2.21 km
- Average Speed: 14.19 km/h
- Average Bearing Change: 30.41°
- Max Speed: 40.00 km/h
- Min Speed: 0.40 km/h
- Speed Variability: 13.84 km/h
- Average Acceleration: -0.01 m/s²
- Max Acceleration: 1.67 m/s²
- Number of Turns: 52
- Turn Rate: 4.29 turns/min
- Average Turn Angle: 30.41°
- Turn Angle Variability: 49.43°
- Transport Mode: bus
    "
0.48901479306082546,9.074717108653097,2.184629961557449,1.806678813363538,5.82718774873282,-0.002602260476614547,0.16263887313081934,0.06526384906075477,14,3.111111111111111,27.487848524239524,31.169992159108364,27.487848524239524,walk_cleaned.geojson,2009-08-11 11:28:02,2009-08-11 11:32:37,275.0,walk,52,2,3.8461538461538463,5,1,2.78,"
Trip Summary:
- Start: 2009-08-11 11:28:02 at 早阳包子, 中滩村北三街, 天通西苑一区, 天通苑南街道, 中滩村, 昌平区, 北京市, 102218, 中国
- End: 2009-08-11 11:32:37 at 太平庄中街, 天通苑南街道, 中滩村, 昌平区, 北京市, 102218, 中国
- Duration: 0 days 00:04:35
- Distance: 0.49 km
- Average Speed: 5.83 km/h
- Average Bearing Change: 27.49°
- Max Speed: 9.07 km/h
- Min Speed: 2.18 km/h
- Speed Variability: 1.81 km/h
- Average Acceleration: -0.00 m/s²
- Max Acceleration: 0.16 m/s²
- Number of Turns: 14
- Turn Rate: 3.11 turns/min
- Average Turn Angle: 27.49°
- Turn Angle Variability: 31.17°
- Transport Mode: walk
    "
8.188287976678634,39.996,0.5779388626610743,11.662974697213908,14.25732576755221,0.0036024116271507417,3.407676793685771,0.354135457594129,104,3.4098360655737703,36.11295603003907,46.55361959429786,36.11295603003907,bus_cleaned.geojson,2009-05-10 22:55:36,2009-05-10 23:26:26,1850.0,bus,325,10,3.076923076923077,18,9,11.11,"
Trip Summary:
- Start: 2009-05-10 22:55:36 at 北下关街道, 海淀区, 北京市, 100081, 中国
- End: 2009-05-10 23:26:26 at 月坛南街, 月坛街道, 首都功能核心区, 西城区, 北京市, 100032, 中国
- Duration: 0 days 00:30:50
- Distance: 8.19 km
- Average Speed: 14.26 km/h
- Average Bearing Change: 36.11°
- Max Speed: 40.00 km/h
- Min Speed: 0.58 km/h
- Speed Variability: 11.66 km/h
- Average Acceleration: 0.00 m/s²
- Max Acceleration: 3.41 m/s²
- Number of Turns: 104
- Turn Rate: 3.41 turns/min
- Average Turn Angle: 36.11°
- Turn Angle Variability: 46.55°
- Transport Mode: bus
    "
0.040322080969457205,5.5623500087051525,0.1998625554874614,1.6113323361409584,2.236729964320518,0.010386332973049374,0.4374782741715888,0.11751053940439633,9,9.642857142857142,36.81412065832389,48.810669468343114,36.81412065832389,walk_cleaned.geojson,2008-05-05 16:21:03,2008-05-05 16:21:59,56.0,walk,33,4,12.121212121212121,1,3,2.78,"
Trip Summary:
- Start: 2008-05-05 16:21:03 at 清华大学, 30, 双清路, 东升镇, 海淀区, 北京市, 100084, 中国
- End: 2008-05-05 16:21:59 at 清华大学, 30, 双清路, 东升镇, 海淀区, 北京市, 100084, 中国
- Duration: 0 days 00:00:56
- Distance: 0.04 km
- Average Speed: 2.24 km/h
- Average Bearing Change: 36.81°
- Max Speed: 5.56 km/h
- Min Speed: 0.20 km/h
- Speed Variability: 1.61 km/h
- Average Acceleration: 0.01 m/s²
- Max Acceleration: 0.44 m/s²
- Number of Turns: 9
- Turn Rate: 9.64 turns/min
- Average Turn Angle: 36.81°
- Turn Angle Variability: 48.81°
- Transport Mode: walk
    "
4.85561167263266,24.984,0.23983378624902066,4.933665719997113,14.520109246806772,-0.004358736508540052,3.136993855589683,0.3234800385605245,43,2.072289156626506,10.046714150498975,19.454974672068925,10.046714150498975,bike_cleaned.geojson,2008-05-22 06:25:40,2008-05-22 06:46:35,1255.0,bike,1011,13,1.2858555885262115,24,12,6.94,"
Trip Summary:
- Start: 2008-05-22 06:25:40 at 明德路, 清华园街道, 西洼村, 海淀区, 北京市, 100084, 中国
- End: 2008-05-22 06:46:35 at 中关村街道, 海淀区, 北京市, 100098, 中国
- Duration: 0 days 00:20:55
- Distance: 4.86 km
- Average Speed: 14.52 km/h
- Average Bearing Change: 10.05°
- Max Speed: 24.98 km/h
- Min Speed: 0.24 km/h
- Speed Variability: 4.93 km/h
- Average Acceleration: -0.00 m/s²
- Max Acceleration: 3.14 m/s²
- Number of Turns: 43
- Turn Rate: 2.07 turns/min
- Average Turn Angle: 10.05°
- Turn Angle Variability: 19.45°
- Transport Mode: bike
    "
9.01899669648114,39.996,0.44015662964559776,13.229850602379157,21.243087471999146,-0.0012612260727860685,7.728717173175351,0.678172880868742,116,4.943181818181818,13.398415014416157,24.875271506922914,13.398415014416157,bus_cleaned.geojson,2008-05-22 10:50:55,2008-05-22 11:14:56,1441.0,bus,1116,31,2.7777777777777777,160,30,11.11,"
Trip Summary:
- Start: 2008-05-22 10:50:55 at 知春路, 知春东里社区, 北太平庄街道, 中关村街道, 海淀区, 北京市, 100081, 中国
- End: 2008-05-22 11:14:56 at 和平街街道, 朝阳区, 北京市, 100013, 中国
- Duration: 0 days 00:24:01
- Distance: 9.02 km
- Average Speed: 21.24 km/h
- Average Bearing Change: 13.40°
- Max Speed: 40.00 km/h
- Min Speed: 0.44 km/h
- Speed Variability: 13.23 km/h
- Average Acceleration: -0.00 m/s²
- Max Acceleration: 7.73 m/s²
- Number of Turns: 116
- Turn Rate: 4.94 turns/min
- Average Turn Angle: 13.40°
- Turn Angle Variability: 24.88°
- Transport Mode: bus
    "
8.812180623734697,50.004000000000005,0.0,17.958559556645213,35.49961507895638,0.014505766131922108,4.30270702557491,0.39025370441565305,65,3.627906976744186,8.738327818106901,19.496506061697453,8.738327818106901,taxi_cleaned.geojson,2008-05-22 15:41:53,2008-05-22 15:59:58,1085.0,taxi,764,11,1.4397905759162304,318,10,13.89,"
Trip Summary:
- Start: 2008-05-22 15:41:53 at 樱花园东街, 和平街街道, 朝阳区, 北京市, 100029, 中国
- End: 2008-05-22 15:59:58 at 星规路, 知春东里社区, 中关村街道, 海淀区, 北京市, 100098, 中国
- Duration: 0 days 00:18:05
- Distance: 8.81 km
- Average Speed: 35.50 km/h
- Average Bearing Change: 8.74°
- Max Speed: 50.00 km/h
- Min Speed: 0.00 km/h
- Speed Variability: 17.96 km/h
- Average Acceleration: 0.01 m/s²
- Max Acceleration: 4.30 m/s²
- Number of Turns: 65
- Turn Rate: 3.63 turns/min
- Average Turn Angle: 8.74°
- Turn Angle Variability: 19.50°
- Transport Mode: taxi
    "
0.7154387264631356,10.008,0.6151068595219424,1.307326052344557,5.049651465215905,0.00025253946198760505,1.1630808492344302,0.21350224738518084,103,12.535496957403652,26.364470214969803,30.464901680066347,26.364470214969803,walk_cleaned.geojson,2008-05-22 15:33:24,2008-05-22 15:41:35,491.0,walk,379,9,2.3746701846965697,16,8,2.78,"
Trip Summary:
- Start: 2008-05-22 15:33:24 at 北京中医药大学（西校区）, 11号, 北三环东路, 和平街街道, 朝阳区, 北京市, 100029, 中国
- End: 2008-05-22 15:41:35 at 樱花园东街, 和平街街道, 朝阳区, 北京市, 100029, 中国
- Duration: 0 days 00:08:11
- Distance: 0.72 km
- Average Speed: 5.05 km/h
- Average Bearing Change: 26.36°
- Max Speed: 10.01 km/h
- Min Speed: 0.62 km/h
- Speed Variability: 1.31 km/h
- Average Acceleration: 0.00 m/s²
- Max Acceleration: 1.16 m/s²
- Number of Turns: 103
- Turn Rate: 12.54 turns/min
- Average Turn Angle: 26.36°
- Turn Angle Variability: 30.46°
- Transport Mode: walk
    "
15.471521103860361,24.984,0.1023973114582067,10.608944706239962,11.9945637998244,0.024365090218284466,1.1036422002313684,0.21492455137435867,27,1.8881118881118881,41.255094952134364,48.99354426884865,41.255094952134364,subway_cleaned.geojson,2009-08-13 00:13:02,2009-08-13 00:36:47,1425.0,subway,225,159,70.66666666666667,12,158,6.94,"
Trip Summary:
- Start: 2009-08-13 00:13:02 at G4, 同成南街, 龙泽园街道, 兰各庄村, 昌平区, 北京市, 100096, 中国
- End: 2009-08-13 00:36:47 at 中关村街道, 海淀区, 北京市, 100098, 中国
- Duration: 0 days 00:23:45
- Distance: 15.47 km
- Average Speed: 11.99 km/h
- Average Bearing Change: 41.26°
- Max Speed: 24.98 km/h
- Min Speed: 0.10 km/h
- Speed Variability: 10.61 km/h
- Average Acceleration: 0.02 m/s²
- Max Acceleration: 1.10 m/s²
- Number of Turns: 27
- Turn Rate: 1.89 turns/min
- Average Turn Angle: 41.26°
- Turn Angle Variability: 48.99°
- Transport Mode: subway
    "
0.22305611403209458,6.896049129821258,3.611492460896563,0.8302902014352088,5.7914204809091,-0.005367904567585501,0.04261355577781543,0.029779918280445846,7,3.111111111111111,23.856687524091964,18.443968046848493,23.856687524091964,walk_cleaned.geojson,2009-08-13 00:39:17,2009-08-13 00:41:32,135.0,walk,29,1,3.4482758620689653,0,0,2.78,"
Trip Summary:
- Start: 2009-08-13 00:39:17 at 知春路, 花园路街道, 中关村街道, 海淀区, 北京市, 100081, 中国
- End: 2009-08-13 00:41:32 at 希格玛大厦, 知春路, 中关村街道, 海淀区, 北京市, 100098, 中国
- Duration: 0 days 00:02:15
- Distance: 0.22 km
- Average Speed: 5.79 km/h
- Average Bearing Change: 23.86°
- Max Speed: 6.90 km/h
- Min Speed: 3.61 km/h
- Speed Variability: 0.83 km/h
- Average Acceleration: -0.01 m/s²
- Max Acceleration: 0.04 m/s²
- Number of Turns: 7
- Turn Rate: 3.11 turns/min
- Average Turn Angle: 23.86°
- Turn Angle Variability: 18.44°
- Transport Mode: walk
    "
1.8970314557950132,19.153177313272725,4.732738301763898,3.198526115786739,14.606363217757819,-0.0012501449375690828,0.30881722298313025,0.05765499217761013,5,0.631578947368421,12.809302024957232,14.429033526010446,12.809302024957232,bike_cleaned.geojson,2011-11-04 19:40:30,2011-11-04 19:48:15,465.0,bike,91,2,2.197802197802198,1,1,6.94,"
Trip Summary:
- Start: 2011-11-04 19:40:30 at 知春路, 中关村, 中关村街道, 海淀区, 北京市, 100086, 中国
- End: 2011-11-04 19:48:15 at 7-Eleven, 星规路, 知春东里社区, 中关村街道, 海淀区, 北京市, 100098, 中国
- Duration: 0 days 00:07:45
- Distance: 1.90 km
- Average Speed: 14.61 km/h
- Average Bearing Change: 12.81°
- Max Speed: 19.15 km/h
- Min Speed: 4.73 km/h
- Speed Variability: 3.20 km/h
- Average Acceleration: -0.00 m/s²
- Max Acceleration: 0.31 m/s²
- Number of Turns: 5
- Turn Rate: 0.63 turns/min
- Average Turn Angle: 12.81°
- Turn Angle Variability: 14.43°
- Transport Mode: bike
    "
12.420778023927888,6.2756577045028825,0.0,2.001822412935963,2.437954028273203,-0.0018911157861179664,0.11021899078211563,0.03403597030683298,56,1.2839128773404662,52.33695003762124,50.510628233710825,52.33695003762124,walk_cleaned.geojson,2009-09-13 23:33:52,2009-09-14 00:17:57,2645.0,walk,114,8,7.017543859649122,3,7,2.78,"
Trip Summary:
- Start: 2009-09-13 23:33:52 at 中滩村北三街, 天通西苑一区, 天通苑南街道, 中滩村, 昌平区, 北京市, 102218, 中国
- End: 2009-09-14 00:17:57 at 希格玛大厦, 知春路, 中关村街道, 海淀区, 北京市, 100098, 中国
- Duration: 0 days 00:44:05
- Distance: 12.42 km
- Average Speed: 2.44 km/h
- Average Bearing Change: 52.34°
- Max Speed: 6.28 km/h
- Min Speed: 0.00 km/h
- Speed Variability: 2.00 km/h
- Average Acceleration: -0.00 m/s²
- Max Acceleration: 0.11 m/s²
- Number of Turns: 56
- Turn Rate: 1.28 turns/min
- Average Turn Angle: 52.34°
- Turn Angle Variability: 50.51°
- Transport Mode: walk
    "
2.566151874081937,10.008,0.6951447116038846,2.0519261473665917,4.053317734771688,0.00040786358661551816,0.3016678408035983,0.06740096160208824,58,2.6666666666666665,50.811996778138244,49.78497204035651,50.811996778138244,walk_cleaned.geojson,2008-11-04 13:41:18,2008-11-04 14:05:08,1430.0,walk,124,10,8.064516129032258,5,9,2.78,"
Trip Summary:
- Start: 2008-11-04 13:41:18 at 中关村东路, 知春东里社区, 中关村街道, 海淀区, 北京市, 100190, 中国
- End: 2008-11-04 14:05:08 at 中关村南四街, 知春东里社区, 中关村街道, 海淀区, 北京市, 100098, 中国
- Duration: 0 days 00:23:50
- Distance: 2.57 km
- Average Speed: 4.05 km/h
- Average Bearing Change: 50.81°
- Max Speed: 10.01 km/h
- Min Speed: 0.70 km/h
- Speed Variability: 2.05 km/h
- Average Acceleration: 0.00 m/s²
- Max Acceleration: 0.30 m/s²
- Number of Turns: 58
- Turn Rate: 2.67 turns/min
- Average Turn Angle: 50.81°
- Turn Angle Variability: 49.78°
- Transport Mode: walk
    "
3.3226410832517423,21.99272612255581,0.0,4.732816855033689,10.584318668211145,0.0011116299064429186,0.9186130978161531,0.18408819630186776,78,1.796545105566219,13.971728234869863,28.135266558831074,13.971728234869863,bike_cleaned.geojson,2008-06-08 03:23:03,2008-06-08 04:06:58,2635.0,bike,864,10,1.1574074074074074,14,9,6.94,"
Trip Summary:
- Start: 2008-06-08 03:23:03 at 中海滩路, 东山街道, 北戴河区, 秦皇岛市, 河北省, 中国
- End: 2008-06-08 04:06:58 at 中海滩路, 东山街道, 北戴河区, 秦皇岛市, 河北省, 中国
- Duration: 0 days 00:43:55
- Distance: 3.32 km
- Average Speed: 10.58 km/h
- Average Bearing Change: 13.97°
- Max Speed: 21.99 km/h
- Min Speed: 0.00 km/h
- Speed Variability: 4.73 km/h
- Average Acceleration: 0.00 m/s²
- Max Acceleration: 0.92 m/s²
- Number of Turns: 78
- Turn Rate: 1.80 turns/min
- Average Turn Angle: 13.97°
- Turn Angle Variability: 28.14°
- Transport Mode: bike
    "
0.5485104064492029,9.550939143472233,0.0,2.154325221560726,2.271437976645244,-0.0004867401188354363,0.9862312236347441,0.16032257298397382,178,7.688984881209504,41.672629999229876,51.32475102607766,41.672629999229876,walk_cleaned.geojson,2008-06-08 10:53:29,2008-06-08 11:16:51,1402.0,walk,491,10,2.0366598778004072,16,9,2.78,"
Trip Summary:
- Start: 2008-06-08 10:53:29 at 草厂西路, 海滨镇, 北戴河区, 秦皇岛市, 河北省, 中国
- End: 2008-06-08 11:16:51 at 海滨镇, 北戴河区, 秦皇岛市, 河北省, 中国
- Duration: 0 days 00:23:22
- Distance: 0.55 km
- Average Speed: 2.27 km/h
- Average Bearing Change: 41.67°
- Max Speed: 9.55 km/h
- Min Speed: 0.00 km/h
- Speed Variability: 2.15 km/h
- Average Acceleration: -0.00 m/s²
- Max Acceleration: 0.99 m/s²
- Number of Turns: 178
- Turn Rate: 7.69 turns/min
- Average Turn Angle: 41.67°
- Turn Angle Variability: 51.32°
- Transport Mode: walk
    "
8.767439274741854,39.996,0.15376432152465838,13.920137700633408,18.202479003440494,0.009287877803825562,1.3314068541191983,0.3254394693638029,128,4.682926829268293,19.106016016567555,34.42800337674531,19.106016016567555,bus_cleaned.geojson,2008-07-31 10:23:37,2008-07-31 10:51:21,1664.0,bus,777,13,1.673101673101673,43,12,11.11,"
Trip Summary:
- Start: 2008-07-31 10:23:37 at 白塔庵东, 知春路, 知春东里社区, 中关村街道, 海淀区, 北京市, 100081, 中国
- End: 2008-07-31 10:51:21 at 和平东桥, 北三环东路, 和平街街道, 朝阳区, 北京市, 100029, 中国
- Duration: 0 days 00:27:44
- Distance: 8.77 km
- Average Speed: 18.20 km/h
- Average Bearing Change: 19.11°
- Max Speed: 40.00 km/h
- Min Speed: 0.15 km/h
- Speed Variability: 13.92 km/h
- Average Acceleration: 0.01 m/s²
- Max Acceleration: 1.33 m/s²
- Number of Turns: 128
- Turn Rate: 4.68 turns/min
- Average Turn Angle: 19.11°
- Turn Angle Variability: 34.43°
- Transport Mode: bus
    "
10.416938244617409,50.004000000000005,0.1537634676268944,16.282380791865855,40.8592895767548,0.004476497830705187,5.254667592217601,0.48938098262762064,33,2.2758620689655173,10.025400629725485,24.245998114092743,10.025400629725485,taxi_cleaned.geojson,2008-07-31 14:39:08,2008-07-31 14:53:38,870.0,taxi,365,6,1.643835616438356,232,5,13.89,"
Trip Summary:
- Start: 2008-07-31 14:39:08 at 樱花园东街, 和平街街道, 朝阳区, 北京市, 100029, 中国
- End: 2008-07-31 14:53:38 at 星规路, 知春东里社区, 中关村街道, 海淀区, 北京市, 100098, 中国
- Duration: 0 days 00:14:30
- Distance: 10.42 km
- Average Speed: 40.86 km/h
- Average Bearing Change: 10.03°
- Max Speed: 50.00 km/h
- Min Speed: 0.15 km/h
- Speed Variability: 16.28 km/h
- Average Acceleration: 0.00 m/s²
- Max Acceleration: 5.25 m/s²
- Number of Turns: 33
- Turn Rate: 2.28 turns/min
- Average Turn Angle: 10.03°
- Turn Angle Variability: 24.25°
- Transport Mode: taxi
    "
8.015760575254884,8.213314532949399,0.3667612320134725,1.7348413356345107,4.239170169444292,-0.003530667601372046,0.5961231887030454,0.1405307412913118,61,2.6198997852541157,35.31401349613978,37.104819317207266,35.31401349613978,walk_cleaned.geojson,2008-07-31 14:32:59,2008-07-31 14:57:48,1489.0,walk,154,8,5.194805194805195,5,7,2.78,"
Trip Summary:
- Start: 2008-07-31 14:32:59 at 樱花园东街, 和平街街道, 朝阳区, 北京市, 100029, 中国
- End: 2008-07-31 14:57:48 at 知春路, 中关村街道, 海淀区, 北京市, 100098, 中国
- Duration: 0 days 00:24:49
- Distance: 8.02 km
- Average Speed: 4.24 km/h
- Average Bearing Change: 35.31°
- Max Speed: 8.21 km/h
- Min Speed: 0.37 km/h
- Speed Variability: 1.73 km/h
- Average Acceleration: -0.00 m/s²
- Max Acceleration: 0.60 m/s²
- Number of Turns: 61
- Turn Rate: 2.62 turns/min
- Average Turn Angle: 35.31°
- Turn Angle Variability: 37.10°
- Transport Mode: walk
    "
4.029767673881935,20.999544590870713,11.71491688945984,1.8724348416014338,16.89908027415393,-0.006069558719948329,0.6020006943302554,0.07786973474361454,6,0.32667876588021777,5.938566717753178,10.273320545924054,5.938566717753178,bike_cleaned.geojson,2008-05-09 14:13:47,2008-05-09 14:32:21,1114.0,bike,404,7,1.7326732673267329,4,6,6.94,"
Trip Summary:
- Start: 2008-05-09 14:13:47 at 星规路, 知春东里社区, 中关村街道, 海淀区, 北京市, 100098, 中国
- End: 2008-05-09 14:32:21 at 清华大学, 30, 双清路, 东升镇, 海淀区, 北京市, 100084, 中国
- Duration: 0 days 00:18:34
- Distance: 4.03 km
- Average Speed: 16.90 km/h
- Average Bearing Change: 5.94°
- Max Speed: 21.00 km/h
- Min Speed: 11.71 km/h
- Speed Variability: 1.87 km/h
- Average Acceleration: -0.01 m/s²
- Max Acceleration: 0.60 m/s²
- Number of Turns: 6
- Turn Rate: 0.33 turns/min
- Average Turn Angle: 5.94°
- Turn Angle Variability: 10.27°
- Transport Mode: bike
    "
3.560748913210607,9.13027697040443,0.3073903167972818,2.4053294708379864,3.076554269843723,-0.01847689748815845,0.4848761041010103,0.14870841670193824,39,1.7999999999999998,50.73483435059067,48.42803765799541,50.73483435059067,walk_cleaned.geojson,2008-05-09 14:11:35,2008-05-09 14:33:25,1310.0,walk,81,6,7.4074074074074066,3,5,2.78,"
Trip Summary:
- Start: 2008-05-09 14:11:35 at 希格玛大厦, 知春路, 中关村街道, 海淀区, 北京市, 100098, 中国
- End: 2008-05-09 14:33:25 at 清华大学, 30, 双清路, 东升镇, 海淀区, 北京市, 100084, 中国
- Duration: 0 days 00:21:50
- Distance: 3.56 km
- Average Speed: 3.08 km/h
- Average Bearing Change: 50.73°
- Max Speed: 9.13 km/h
- Min Speed: 0.31 km/h
- Speed Variability: 2.41 km/h
- Average Acceleration: -0.02 m/s²
- Max Acceleration: 0.48 m/s²
- Number of Turns: 39
- Turn Rate: 1.80 turns/min
- Average Turn Angle: 50.73°
- Turn Angle Variability: 48.43°
- Transport Mode: walk
    "
4.840651992352078,30.03799628186355,0.6718192037601634,13.14483881817189,12.058972797139427,-0.010590846492543413,0.037128788589011405,0.03368444817905055,2,0.16150740242261105,31.88879221983387,47.82528328005991,31.88879221983387,taxi_cleaned.geojson,2007-04-13 14:51:14,2007-04-13 15:02:38,684.0,taxi,18,3,16.666666666666664,2,2,13.89,"
Trip Summary:
- Start: 2007-04-13 14:51:14 at 北三环西路, 中关村街道, 海淀区, 北京市, 100086, 中国
- End: 2007-04-13 15:02:38 at 增光路, 甘家口街道, 海淀区, 北京市, 100835, 中国
- Duration: 0 days 00:11:24
- Distance: 4.84 km
- Average Speed: 12.06 km/h
- Average Bearing Change: 31.89°
- Max Speed: 30.04 km/h
- Min Speed: 0.67 km/h
- Speed Variability: 13.14 km/h
- Average Acceleration: -0.01 m/s²
- Max Acceleration: 0.04 m/s²
- Number of Turns: 2
- Turn Rate: 0.16 turns/min
- Average Turn Angle: 31.89°
- Turn Angle Variability: 47.83°
- Transport Mode: taxi
    "
4.84865205599273,24.406084759195462,0.07994472960795218,6.1026298003820525,12.668244974446763,-0.0007060107270791928,4.4503088351414,0.3611294754477179,159,4.69488188976378,17.713515350268835,31.93573828342253,17.713515350268835,bike_cleaned.geojson,2008-05-28 01:11:37,2008-05-28 01:47:06,2129.0,bike,1190,22,1.8487394957983194,16,21,6.94,"
Trip Summary:
- Start: 2008-05-28 01:11:37 at 清华大学, 30, 双清路, 东升镇, 海淀区, 北京市, 100084, 中国
- End: 2008-05-28 01:47:06 at 中关村街道, 海淀区, 北京市, 100098, 中国
- Duration: 0 days 00:35:29
- Distance: 4.85 km
- Average Speed: 12.67 km/h
- Average Bearing Change: 17.71°
- Max Speed: 24.41 km/h
- Min Speed: 0.08 km/h
- Speed Variability: 6.10 km/h
- Average Acceleration: -0.00 m/s²
- Max Acceleration: 4.45 m/s²
- Number of Turns: 159
- Turn Rate: 4.69 turns/min
- Average Turn Angle: 17.71°
- Turn Angle Variability: 31.94°
- Transport Mode: bike
    "
0.6106074018196793,12.079405981179274,0.15369496330125024,2.3979625169644536,3.4343750287034314,-0.011400266095210054,1.2613362324735902,0.22416587639089983,49,7.0,37.72416246829683,42.42359730674425,37.72416246829683,bike_cleaned.geojson,2008-04-29 15:17:21,2008-04-29 15:24:27,426.0,bike,125,6,4.8,2,5,6.94,"
Trip Summary:
- Start: 2008-04-29 15:17:21 at 清华大学, 30, 双清路, 东升镇, 海淀区, 北京市, 100084, 中国
- End: 2008-04-29 15:24:27 at 清华大学, 30, 双清路, 东升镇, 海淀区, 北京市, 100084, 中国
- Duration: 0 days 00:07:06
- Distance: 0.61 km
- Average Speed: 3.43 km/h
- Average Bearing Change: 37.72°
- Max Speed: 12.08 km/h
- Min Speed: 0.15 km/h
- Speed Variability: 2.40 km/h
- Average Acceleration: -0.01 m/s²
- Max Acceleration: 1.26 m/s²
- Number of Turns: 49
- Turn Rate: 7.00 turns/min
- Average Turn Angle: 37.72°
- Turn Angle Variability: 42.42°
- Transport Mode: bike
    "
0.11810590415253136,5.474556976233881,0.4302527608439242,1.3346094948361176,3.806654292515893,0.009270300227905261,0.2717094375814798,0.0812376311513133,8,4.067796610169491,23.741480072896245,31.405269439806013,23.741480072896245,walk_cleaned.geojson,2008-04-29 14:32:49,2008-04-29 14:34:25,96.0,walk,44,2,4.545454545454546,2,1,2.78,"
Trip Summary:
- Start: 2008-04-29 14:32:49 at 中关村街道, 海淀区, 北京市, 100098, 中国
- End: 2008-04-29 14:34:25 at 燕港石化, 中关村南四街, 知春东里社区, 中关村街道, 海淀区, 北京市, 100098, 中国
- Duration: 0 days 00:01:36
- Distance: 0.12 km
- Average Speed: 3.81 km/h
- Average Bearing Change: 23.74°
- Max Speed: 5.47 km/h
- Min Speed: 0.43 km/h
- Speed Variability: 1.33 km/h
- Average Acceleration: 0.01 m/s²
- Max Acceleration: 0.27 m/s²
- Number of Turns: 8
- Turn Rate: 4.07 turns/min
- Average Turn Angle: 23.74°
- Turn Angle Variability: 31.41°
- Transport Mode: walk
    "
4.2742848686766335,20.605899554608524,0.0,6.2407372742270635,13.338653871974795,0.00784578849263653,0.9663177033096891,0.11548170861970256,38,1.5648592999313657,21.989394603169867,38.729029402565956,21.989394603169867,bike_cleaned.geojson,2008-08-18 01:04:15,2008-08-18 01:28:36,1461.0,bike,222,2,0.9009009009009009,7,1,6.94,"
Trip Summary:
- Start: 2008-08-18 01:04:15 at 清华大学, 30, 双清路, 东升镇, 海淀区, 北京市, 100084, 中国
- End: 2008-08-18 01:28:36 at 中关村街道, 海淀区, 北京市, 100098, 中国
- Duration: 0 days 00:24:21
- Distance: 4.27 km
- Average Speed: 13.34 km/h
- Average Bearing Change: 21.99°
- Max Speed: 20.61 km/h
- Min Speed: 0.00 km/h
- Speed Variability: 6.24 km/h
- Average Acceleration: 0.01 m/s²
- Max Acceleration: 0.97 m/s²
- Number of Turns: 38
- Turn Rate: 1.56 turns/min
- Average Turn Angle: 21.99°
- Turn Angle Variability: 38.73°
- Transport Mode: bike
    "
4.210820982734193,23.039677315087,0.1008579306436362,4.893454203362161,13.38248388292451,-0.0002643447206366945,1.958690397571617,0.28419813184427145,71,3.256880733944954,11.138007257321641,17.78027751376694,11.138007257321641,bike_cleaned.geojson,2008-06-04 01:53:51,2008-06-04 02:15:49,1318.0,bike,1014,12,1.183431952662722,25,11,6.94,"
Trip Summary:
- Start: 2008-06-04 01:53:51 at 清华大学, 30, 双清路, 东升镇, 海淀区, 北京市, 100084, 中国
- End: 2008-06-04 02:15:49 at 中关村街道, 海淀区, 北京市, 100098, 中国
- Duration: 0 days 00:21:58
- Distance: 4.21 km
- Average Speed: 13.38 km/h
- Average Bearing Change: 11.14°
- Max Speed: 23.04 km/h
- Min Speed: 0.10 km/h
- Speed Variability: 4.89 km/h
- Average Acceleration: -0.00 m/s²
- Max Acceleration: 1.96 m/s²
- Number of Turns: 71
- Turn Rate: 3.26 turns/min
- Average Turn Angle: 11.14°
- Turn Angle Variability: 17.78°
- Transport Mode: bike
    "
0.039468483109663804,5.064404760018704,2.2182725052730285,1.144607088882284,3.985816345443152,-0.022527867040767823,0.12684343537748455,0.1032246568117898,5,9.375,20.797301200245265,18.20309523223034,20.797301200245265,walk_cleaned.geojson,2008-06-04 02:16:44,2008-06-04 02:17:16,32.0,walk,25,1,4.0,3,0,2.78,"
Trip Summary:
- Start: 2008-06-04 02:16:44 at 希格玛大厦, 知春路, 中关村街道, 海淀区, 北京市, 100098, 中国
- End: 2008-06-04 02:17:16 at 希格玛大厦, 知春路, 中关村街道, 海淀区, 北京市, 100098, 中国
- Duration: 0 days 00:00:32
- Distance: 0.04 km
- Average Speed: 3.99 km/h
- Average Bearing Change: 20.80°
- Max Speed: 5.06 km/h
- Min Speed: 2.22 km/h
- Speed Variability: 1.14 km/h
- Average Acceleration: -0.02 m/s²
- Max Acceleration: 0.13 m/s²
- Number of Turns: 5
- Turn Rate: 9.38 turns/min
- Average Turn Angle: 20.80°
- Turn Angle Variability: 18.20°
- Transport Mode: walk
    "
19.637141790780493,21.810716591645008,0.30647844948904507,6.692838574445991,7.438196879851235,0.0002755571162962342,0.11231097289501941,0.018415994068543072,43,0.5088757396449705,36.36195198380862,37.92629746949178,36.36195198380862,car_cleaned.geojson,2007-10-09 09:00:38,2007-10-09 10:26:46,5168.0,car,99,8,8.080808080808081,3,7,13.89,"
Trip Summary:
- Start: 2007-10-09 09:00:38 at 东升镇, 海淀区, 北京市, 100190, 中国
- End: 2007-10-09 10:26:46 at 中华人民共和国商务部, 2, 东长安街, 东华门街道, 首都功能核心区, 东城区, 北京市, 100731, 中国
- Duration: 0 days 01:26:08
- Distance: 19.64 km
- Average Speed: 7.44 km/h
- Average Bearing Change: 36.36°
- Max Speed: 21.81 km/h
- Min Speed: 0.31 km/h
- Speed Variability: 6.69 km/h
- Average Acceleration: 0.00 m/s²
- Max Acceleration: 0.11 m/s²
- Number of Turns: 43
- Turn Rate: 0.51 turns/min
- Average Turn Angle: 36.36°
- Turn Angle Variability: 37.93°
- Transport Mode: car
    "
1.031323193192938,10.008,2.2486447263534144,2.369230146024665,5.085969348246037,0.004452345928403351,0.13564044034379852,0.02832404324683276,18,1.2857142857142858,54.49656103666067,43.6716822739668,54.49656103666067,walk_cleaned.geojson,2007-10-09 11:01:41,2007-10-09 11:15:41,840.0,walk,33,2,6.0606060606060606,4,1,2.78,"
Trip Summary:
- Start: 2007-10-09 11:01:41 at 朝阳门外大街, 呼家楼街道, 朝阳区, 北京市, 100004, 中国
- End: 2007-10-09 11:15:41 at 化石营东巷, 呼家楼街道, 朝阳区, 北京市, 100026, 中国
- Duration: 0 days 00:14:00
- Distance: 1.03 km
- Average Speed: 5.09 km/h
- Average Bearing Change: 54.50°
- Max Speed: 10.01 km/h
- Min Speed: 2.25 km/h
- Speed Variability: 2.37 km/h
- Average Acceleration: 0.00 m/s²
- Max Acceleration: 0.14 m/s²
- Number of Turns: 18
- Turn Rate: 1.29 turns/min
- Average Turn Angle: 54.50°
- Turn Angle Variability: 43.67°
- Transport Mode: walk
    "
20.855895108993654,39.996,0.5726730051567951,14.08651206428927,29.28700916241573,-0.004605979182605752,1.0538280071074826,0.1941007392494345,54,1.3064516129032258,15.945397617267883,33.40185686100763,15.945397617267883,bus_cleaned.geojson,2009-04-18 02:49:14,2009-04-18 03:31:24,2530.0,bus,417,11,2.6378896882494005,194,10,11.11,"
Trip Summary:
- Start: 2009-04-18 02:49:14 at 北三环, 北下关街道, 海淀区, 北京市, 100081, 中国
- End: 2009-04-18 03:31:24 at 东三环南路, 十八里店乡, 朝阳区, 北京市, 100122, 中国
- Duration: 0 days 00:42:10
- Distance: 20.86 km
- Average Speed: 29.29 km/h
- Average Bearing Change: 15.95°
- Max Speed: 40.00 km/h
- Min Speed: 0.57 km/h
- Speed Variability: 14.09 km/h
- Average Acceleration: -0.00 m/s²
- Max Acceleration: 1.05 m/s²
- Number of Turns: 54
- Turn Rate: 1.31 turns/min
- Average Turn Angle: 15.95°
- Turn Angle Variability: 33.40°
- Transport Mode: bus
    "
18.744933682494153,9.018813480842011,0.39972236379163945,1.9814478794064394,4.2462172504966755,-0.0004993023131641474,0.35213072305117515,0.060978241206802765,63,0.9393638170974156,33.61040299201062,41.107998603389674,33.61040299201062,walk_cleaned.geojson,2009-04-18 02:32:54,2009-04-18 03:40:50,4076.0,walk,209,6,2.8708133971291865,8,5,2.78,"
Trip Summary:
- Start: 2009-04-18 02:32:54 at 中关村东路, 知春东里社区, 中关村街道, 海淀区, 北京市, 100190, 中国
- End: 2009-04-18 03:40:50 at 弘燕南一路, 饮马井, 十八里店乡, 朝阳区, 北京市, 100122, 中国
- Duration: 0 days 01:07:56
- Distance: 18.74 km
- Average Speed: 4.25 km/h
- Average Bearing Change: 33.61°
- Max Speed: 9.02 km/h
- Min Speed: 0.40 km/h
- Speed Variability: 1.98 km/h
- Average Acceleration: -0.00 m/s²
- Max Acceleration: 0.35 m/s²
- Number of Turns: 63
- Turn Rate: 0.94 turns/min
- Average Turn Angle: 33.61°
- Turn Angle Variability: 41.11°
- Transport Mode: walk
    "
3.3176913126062053,39.996,0.19986184241107677,13.606042806006586,18.45563046021826,-0.021719377011015107,2.0937275986447887,0.45140937668843545,47,3.9058171745152355,18.297916149081757,29.60340407841354,18.297916149081757,bus_cleaned.geojson,2008-09-01 23:29:33,2008-09-01 23:41:33,720.0,bus,300,3,1.0,26,2,11.11,"
Trip Summary:
- Start: 2008-09-01 23:29:33 at 北四环中路, 学院路街道, 东升镇, 海淀区, 北京市, 100083, 中国
- End: 2008-09-01 23:41:33 at 北四环中路, 亚运村街道, 朝阳区, 北京市, 100000, 中国
- Duration: 0 days 00:12:00
- Distance: 3.32 km
- Average Speed: 18.46 km/h
- Average Bearing Change: 18.30°
- Max Speed: 40.00 km/h
- Min Speed: 0.20 km/h
- Speed Variability: 13.61 km/h
- Average Acceleration: -0.02 m/s²
- Max Acceleration: 2.09 m/s²
- Number of Turns: 47
- Turn Rate: 3.91 turns/min
- Average Turn Angle: 18.30°
- Turn Angle Variability: 29.60°
- Transport Mode: bus
    "
5.660594168972986,22.157476598564717,0.0,6.100833911816372,6.285889657399689,0.010650368586631128,1.4750817809732868,0.1532746469920366,159,4.943005181347151,45.00166022310447,49.664819576877505,45.00166022310447,bus_cleaned.geojson,2008-12-09 00:10:06,2008-12-09 00:43:29,2003.0,bus,362,8,2.209944751381215,7,7,11.11,"
Trip Summary:
- Start: 2008-12-09 00:10:06 at 和平东桥, 北三环东路, 和平街街道, 朝阳区, 北京市, 100029, 中国
- End: 2008-12-09 00:43:29 at 工人体育场北路, 东直门, 东直门街道, 首都功能核心区, 东城区, 北京市, 100010, 中国
- Duration: 0 days 00:33:23
- Distance: 5.66 km
- Average Speed: 6.29 km/h
- Average Bearing Change: 45.00°
- Max Speed: 22.16 km/h
- Min Speed: 0.00 km/h
- Speed Variability: 6.10 km/h
- Average Acceleration: 0.01 m/s²
- Max Acceleration: 1.48 m/s²
- Number of Turns: 159
- Turn Rate: 4.94 turns/min
- Average Turn Angle: 45.00°
- Turn Angle Variability: 49.66°
- Transport Mode: bus
    "
0.9854447577079104,7.289309873083428,0.0,1.139177982410314,1.9663706097039761,0.009544839412043989,0.37642358790860314,0.06625298420480064,54,5.724381625441696,68.35855915198991,53.71199969133073,68.35855915198991,walk_cleaned.geojson,2008-12-09 03:27:21,2008-12-09 03:41:11,830.0,walk,85,5,5.88235294117647,0,4,2.78,"
Trip Summary:
- Start: 2008-12-09 03:27:21 at 东中街, 东直门, 东直门街道, 首都功能核心区, 东城区, 北京市, 100010, 中国
- End: 2008-12-09 03:41:11 at 工人体育场北路, 东直门, 东直门街道, 首都功能核心区, 东城区, 北京市, 100010, 中国
- Duration: 0 days 00:13:50
- Distance: 0.99 km
- Average Speed: 1.97 km/h
- Average Bearing Change: 68.36°
- Max Speed: 7.29 km/h
- Min Speed: 0.00 km/h
- Speed Variability: 1.14 km/h
- Average Acceleration: 0.01 m/s²
- Max Acceleration: 0.38 m/s²
- Number of Turns: 54
- Turn Rate: 5.72 turns/min
- Average Turn Angle: 68.36°
- Turn Angle Variability: 53.71°
- Transport Mode: walk
    "
7.80840961673594,39.996,0.5043153580041632,12.7147673640631,19.008352880206612,-0.0032672473161186534,2.0307192566507197,0.30067174378318534,102,4.168937329700273,18.192548059756678,32.350922195782154,18.192548059756678,bus_cleaned.geojson,2008-09-16 10:18:40,2008-09-16 10:43:10,1470.0,bus,682,4,0.5865102639296188,51,3,11.11,"
Trip Summary:
- Start: 2008-09-16 10:18:40 at 北四环东路, 大屯街道, 朝阳区, 北京市, 100012, 中国
- End: 2008-09-16 10:43:10 at 中关村东路天桥, 中关村街道, 海淀区, 北京市, 100190, 中国
- Duration: 0 days 00:24:30
- Distance: 7.81 km
- Average Speed: 19.01 km/h
- Average Bearing Change: 18.19°
- Max Speed: 40.00 km/h
- Min Speed: 0.50 km/h
- Speed Variability: 12.71 km/h
- Average Acceleration: -0.00 m/s²
- Max Acceleration: 2.03 m/s²
- Number of Turns: 102
- Turn Rate: 4.17 turns/min
- Average Turn Angle: 18.19°
- Turn Angle Variability: 32.35°
- Transport Mode: bus
    "
0.5857488920277648,10.008,0.18337257521294748,3.144468155853132,4.778631337947091,-0.00930287812584914,0.729993632876442,0.15483240191344294,38,2.645011600928074,41.04149677059168,45.58811968857236,41.04149677059168,walk_cleaned.geojson,2008-09-16 12:59:50,2008-09-16 13:14:20,870.0,walk,106,7,6.60377358490566,19,6,2.78,"
Trip Summary:
- Start: 2008-09-16 12:59:50 at 中关村南四街, 知春东里社区, 中关村街道, 海淀区, 北京市, 100098, 中国
- End: 2008-09-16 13:14:20 at 中关村南四街, 知春东里社区, 中关村街道, 海淀区, 北京市, 100098, 中国
- Duration: 0 days 00:14:30
- Distance: 0.59 km
- Average Speed: 4.78 km/h
- Average Bearing Change: 41.04°
- Max Speed: 10.01 km/h
- Min Speed: 0.18 km/h
- Speed Variability: 3.14 km/h
- Average Acceleration: -0.01 m/s²
- Max Acceleration: 0.73 m/s²
- Number of Turns: 38
- Turn Rate: 2.65 turns/min
- Average Turn Angle: 41.04°
- Turn Angle Variability: 45.59°
- Transport Mode: walk
    "
4.072363006151383,24.03173457028862,9.378395102560075,2.230081038978687,14.838927694868604,-0.0014266836111139912,0.4512046869768591,0.09734813653323757,16,1.021276595744681,12.32243536341525,13.544948471402476,12.32243536341525,bike_cleaned.geojson,2008-09-15 20:23:21,2008-09-15 20:39:06,945.0,bike,181,2,1.1049723756906076,6,1,6.94,"
Trip Summary:
- Start: 2008-09-15 20:23:21 at 白塔庵东, 知春路, 中关村街道, 海淀区, 北京市, 100098, 中国
- End: 2008-09-15 20:39:06 at 清华大学, 30, 双清路, 东升镇, 海淀区, 北京市, 100084, 中国
- Duration: 0 days 00:15:45
- Distance: 4.07 km
- Average Speed: 14.84 km/h
- Average Bearing Change: 12.32°
- Max Speed: 24.03 km/h
- Min Speed: 9.38 km/h
- Speed Variability: 2.23 km/h
- Average Acceleration: -0.00 m/s²
- Max Acceleration: 0.45 m/s²
- Number of Turns: 16
- Turn Rate: 1.02 turns/min
- Average Turn Angle: 12.32°
- Turn Angle Variability: 13.54°
- Transport Mode: bike
    "
0.11131365030149952,4.799143817159575,0.30750350151915107,0.9618464963360723,1.7096733004460019,0.0018448101646429875,0.2224106910564535,0.060937456579579115,55,15.0,54.891596106419605,51.27802979706159,54.891596106419605,walk_cleaned.geojson,2008-11-02 15:25:02,2008-11-02 15:28:42,220.0,walk,107,1,0.9345794392523363,0,0,2.78,"
Trip Summary:
- Start: 2008-11-02 15:25:02 at 中关村南三条, 中关村街道, 海淀区, 北京市, 100190, 中国
- End: 2008-11-02 15:28:42 at 中关村南三条, 中关村街道, 海淀区, 北京市, 100190, 中国
- Duration: 0 days 00:03:40
- Distance: 0.11 km
- Average Speed: 1.71 km/h
- Average Bearing Change: 54.89°
- Max Speed: 4.80 km/h
- Min Speed: 0.31 km/h
- Speed Variability: 0.96 km/h
- Average Acceleration: 0.00 m/s²
- Max Acceleration: 0.22 m/s²
- Number of Turns: 55
- Turn Rate: 15.00 turns/min
- Average Turn Angle: 54.89°
- Turn Angle Variability: 51.28°
- Transport Mode: walk
    "
4.124498328547526,21.29441197682497,1.3306593474161934,2.9022085761208194,13.420683012083249,0.00010745534262403035,3.758654246792474,0.2806644447896842,50,2.6455026455026456,10.57391677853083,14.425428527979397,10.57391677853083,bike_cleaned.geojson,2008-05-31 15:20:35,2008-05-31 15:39:41,1146.0,bike,975,14,1.435897435897436,22,13,6.94,"
Trip Summary:
- Start: 2008-05-31 15:20:35 at 知春路, 中关村街道, 海淀区, 北京市, 100098, 中国
- End: 2008-05-31 15:39:41 at 清华大学, 30, 双清路, 东升镇, 海淀区, 北京市, 100084, 中国
- Duration: 0 days 00:19:06
- Distance: 4.12 km
- Average Speed: 13.42 km/h
- Average Bearing Change: 10.57°
- Max Speed: 21.29 km/h
- Min Speed: 1.33 km/h
- Speed Variability: 2.90 km/h
- Average Acceleration: 0.00 m/s²
- Max Acceleration: 3.76 m/s²
- Number of Turns: 50
- Turn Rate: 2.65 turns/min
- Average Turn Angle: 10.57°
- Turn Angle Variability: 14.43°
- Transport Mode: bike
    "
6.777811305316282,39.996,0.09949802710687852,14.837202369757225,18.712236162468745,0.004341105264907508,2.64319103345305,0.4837833792131953,225,7.936507936507936,21.253223762713628,33.55654294781917,21.253223762713628,bus_cleaned.geojson,2008-05-31 05:23:36,2008-05-31 05:52:18,1722.0,bus,1082,22,2.033271719038817,184,21,11.11,"
Trip Summary:
- Start: 2008-05-31 05:23:36 at 京客隆, 樱花园南街, 樱花园小区, 和平街街道, 朝阳区, 北京市, 100029, 中国
- End: 2008-05-31 05:52:18 at 南湖南路, 望京街道, 朝阳区, 北京市, 101102, 中国
- Duration: 0 days 00:28:42
- Distance: 6.78 km
- Average Speed: 18.71 km/h
- Average Bearing Change: 21.25°
- Max Speed: 40.00 km/h
- Min Speed: 0.10 km/h
- Speed Variability: 14.84 km/h
- Average Acceleration: 0.00 m/s²
- Max Acceleration: 2.64 m/s²
- Number of Turns: 225
- Turn Rate: 7.94 turns/min
- Average Turn Angle: 21.25°
- Turn Angle Variability: 33.56°
- Transport Mode: bus
    "
6.745764757669227,50.004000000000005,0.0,16.55245520646725,31.73821849978179,0.010100424192418423,6.559887370500327,0.6105317617090691,50,3.7593984962406015,10.034542036246593,21.29830541850412,10.034542036246593,car_cleaned.geojson,2008-05-31 13:13:44,2008-05-31 13:27:05,801.0,car,635,11,1.7322834645669292,160,10,13.89,"
Trip Summary:
- Start: 2008-05-31 13:13:44 at 望花路西里, 望京街道, 朝阳区, 北京市, 100102, 中国
- End: 2008-05-31 13:27:05 at 樱花园东街, 和平街街道, 朝阳区, 北京市, 100029, 中国
- Duration: 0 days 00:13:21
- Distance: 6.75 km
- Average Speed: 31.74 km/h
- Average Bearing Change: 10.03°
- Max Speed: 50.00 km/h
- Min Speed: 0.00 km/h
- Speed Variability: 16.55 km/h
- Average Acceleration: 0.01 m/s²
- Max Acceleration: 6.56 m/s²
- Number of Turns: 50
- Turn Rate: 3.76 turns/min
- Average Turn Angle: 10.03°
- Turn Angle Variability: 21.30°
- Transport Mode: car
    "
0.6240738461193016,10.008,1.0055319508990586,1.5951776847632122,4.240086629504938,-0.004847390971560062,1.1386364236232183,0.26537503347896313,171,20.89613034623218,38.18580143064351,35.53421715777599,38.18580143064351,walk_cleaned.geojson,2008-05-31 13:27:08,2008-05-31 13:35:28,500.0,walk,398,11,2.763819095477387,20,10,2.78,"
Trip Summary:
- Start: 2008-05-31 13:27:08 at 樱花园东街, 和平街街道, 朝阳区, 北京市, 100029, 中国
- End: 2008-05-31 13:35:28 at 和平东桥, 北三环东路, 和平街街道, 朝阳区, 北京市, 100029, 中国
- Duration: 0 days 00:08:20
- Distance: 0.62 km
- Average Speed: 4.24 km/h
- Average Bearing Change: 38.19°
- Max Speed: 10.01 km/h
- Min Speed: 1.01 km/h
- Speed Variability: 1.60 km/h
- Average Acceleration: -0.00 m/s²
- Max Acceleration: 1.14 m/s²
- Number of Turns: 171
- Turn Rate: 20.90 turns/min
- Average Turn Angle: 38.19°
- Turn Angle Variability: 35.53°
- Transport Mode: walk
    "
4.994415502726962,22.649545258790464,0.13324138463401347,5.828364536862102,10.606299476266294,0.013149485443448208,1.392067281314836,0.15206352026632963,84,3.088235294117647,29.151989762224414,43.34421381598322,29.151989762224414,bike_cleaned.geojson,2008-09-14 09:59:58,2008-09-14 10:27:16,1638.0,bike,323,3,0.9287925696594427,4,2,6.94,"
Trip Summary:
- Start: 2008-09-14 09:59:58 at 桃李园餐厅, 紫荆路, 清华园街道, 西洼村, 海淀区, 北京市, 100084, 中国
- End: 2008-09-14 10:27:16 at 知春路, 知春东里社区, 中关村街道, 海淀区, 北京市, 100098, 中国
- Duration: 0 days 00:27:18
- Distance: 4.99 km
- Average Speed: 10.61 km/h
- Average Bearing Change: 29.15°
- Max Speed: 22.65 km/h
- Min Speed: 0.13 km/h
- Speed Variability: 5.83 km/h
- Average Acceleration: 0.01 m/s²
- Max Acceleration: 1.39 m/s²
- Number of Turns: 84
- Turn Rate: 3.09 turns/min
- Average Turn Angle: 29.15°
- Turn Angle Variability: 43.34°
- Transport Mode: bike
    "
1.5934517169554392,10.008,0.3692860332971194,2.4357525630096295,4.331393371650094,0.002818594708428789,0.6682687917177872,0.14772822919610668,122,6.944971537001898,32.82225882012106,37.46899118608534,32.82225882012106,walk_cleaned.geojson,2008-10-07 09:41:42,2008-10-07 09:59:48,1086.0,walk,363,17,4.683195592286501,17,16,2.78,"
Trip Summary:
- Start: 2008-10-07 09:41:42 at 中关村南四街, 知春东里社区, 中关村街道, 海淀区, 北京市, 100098, 中国
- End: 2008-10-07 09:59:48 at 中关村南三条, 中关村街道, 海淀区, 北京市, 100190, 中国
- Duration: 0 days 00:18:06
- Distance: 1.59 km
- Average Speed: 4.33 km/h
- Average Bearing Change: 32.82°
- Max Speed: 10.01 km/h
- Min Speed: 0.37 km/h
- Speed Variability: 2.44 km/h
- Average Acceleration: 0.00 m/s²
- Max Acceleration: 0.67 m/s²
- Number of Turns: 122
- Turn Rate: 6.94 turns/min
- Average Turn Angle: 32.82°
- Turn Angle Variability: 37.47°
- Transport Mode: walk
    "
4.954662920982177,39.996,1.2335151677505258,11.595036817388355,21.904883390805143,0.012606245169929791,1.484003550606188,0.4396682809002588,62,5.723076923076923,25.376466155976612,37.536895010589014,25.376466155976612,bus_cleaned.geojson,2008-10-23 23:34:01,2008-10-23 23:45:09,668.0,bus,268,10,3.731343283582089,23,9,11.11,"
Trip Summary:
- Start: 2008-10-23 23:34:01 at 莲花池东路, 月坛街道, 首都功能核心区, 西城区, 北京市, 100032, 中国
- End: 2008-10-23 23:45:09 at 菜户营南路, 天伦北里社区, 太平桥街道, 丰台区, 北京市, 100069, 中国
- Duration: 0 days 00:11:08
- Distance: 4.95 km
- Average Speed: 21.90 km/h
- Average Bearing Change: 25.38°
- Max Speed: 40.00 km/h
- Min Speed: 1.23 km/h
- Speed Variability: 11.60 km/h
- Average Acceleration: 0.01 m/s²
- Max Acceleration: 1.48 m/s²
- Number of Turns: 62
- Turn Rate: 5.72 turns/min
- Average Turn Angle: 25.38°
- Turn Angle Variability: 37.54°
- Transport Mode: bus
    "
4.866479978754515,7.816221377840134,0.4618105967720923,1.6084723688041305,4.407189662252056,-0.0027331706170082085,0.8503468582188982,0.11547767795418468,101,3.7922403003754694,25.72627421438205,29.51264053040489,25.72627421438205,walk_cleaned.geojson,2008-10-23 23:28:39,2008-10-23 23:55:37,1618.0,walk,372,10,2.6881720430107525,12,9,2.78,"
Trip Summary:
- Start: 2008-10-23 23:28:39 at 月坛街道, 首都功能核心区, 西城区, 北京市, 100032, 中国
- End: 2008-10-23 23:55:37 at 首都医科大学, 右安门西滨河路, 玉林里社区, 右安门街道, 西铁营村, 丰台区, 北京市, 100069, 中国
- Duration: 0 days 00:26:58
- Distance: 4.87 km
- Average Speed: 4.41 km/h
- Average Bearing Change: 25.73°
- Max Speed: 7.82 km/h
- Min Speed: 0.46 km/h
- Speed Variability: 1.61 km/h
- Average Acceleration: -0.00 m/s²
- Max Acceleration: 0.85 m/s²
- Number of Turns: 101
- Turn Rate: 3.79 turns/min
- Average Turn Angle: 25.73°
- Turn Angle Variability: 29.51°
- Transport Mode: walk
    "
2.843654105343847,7.7540211490325195,0.5185343652249633,1.377365249187074,2.356479975698035,-0.0004919570365957388,0.0369610951931791,0.00921128251852899,57,0.5628703094140882,44.951694889262505,45.43364020440228,44.951694889262505,walk_cleaned.geojson,2007-10-03 10:35:26,2007-10-03 12:16:49,6083.0,walk,128,2,1.5625,4,1,2.78,"
Trip Summary:
- Start: 2007-10-03 10:35:26 at 中关村, 中关村街道, 海淀区, 北京市, 100086, 中国
- End: 2007-10-03 12:16:49 at 知春路, 知春东里社区, 中关村街道, 海淀区, 北京市, 100098, 中国
- Duration: 0 days 01:41:23
- Distance: 2.84 km
- Average Speed: 2.36 km/h
- Average Bearing Change: 44.95°
- Max Speed: 7.75 km/h
- Min Speed: 0.52 km/h
- Speed Variability: 1.38 km/h
- Average Acceleration: -0.00 m/s²
- Max Acceleration: 0.04 m/s²
- Number of Turns: 57
- Turn Rate: 0.56 turns/min
- Average Turn Angle: 44.95°
- Turn Angle Variability: 45.43°
- Transport Mode: walk
    "
13.653863513435851,6.638062130501287,0.16804316754008075,1.5043158691743843,3.5054373518899364,0.0013149114290066934,0.16937878626187935,0.032690434180793454,82,1.4805898284682515,39.84267091789525,40.138459934885134,39.84267091789525,walk_cleaned.geojson,2009-08-15 06:20:18,2009-08-15 07:16:01,3343.0,walk,186,5,2.6881720430107525,3,4,2.78,"
Trip Summary:
- Start: 2009-08-15 06:20:18 at 早阳包子, 中滩村北三街, 天通西苑一区, 天通苑南街道, 中滩村, 昌平区, 北京市, 102218, 中国
- End: 2009-08-15 07:16:01 at 北京大学生体育馆, 北三环西路, 北太平庄街道, 海淀区, 北京市, 100081, 中国
- Duration: 0 days 00:55:43
- Distance: 13.65 km
- Average Speed: 3.51 km/h
- Average Bearing Change: 39.84°
- Max Speed: 6.64 km/h
- Min Speed: 0.17 km/h
- Speed Variability: 1.50 km/h
- Average Acceleration: 0.00 m/s²
- Max Acceleration: 0.17 m/s²
- Number of Turns: 82
- Turn Rate: 1.48 turns/min
- Average Turn Angle: 39.84°
- Turn Angle Variability: 40.14°
- Transport Mode: walk
    "
3.5256828296923897,22.582133584089885,0.12795829924034577,3.039469419543985,14.615041957747806,0.0013869951978843081,1.4750017280184549,0.15931298944186706,16,0.8727272727272728,8.288634329958322,13.401231561910846,8.288634329958322,bike_cleaned.geojson,2008-12-03 02:14:35,2008-12-03 02:33:01,1106.0,bike,391,8,2.0460358056265986,7,7,6.94,"
Trip Summary:
- Start: 2008-12-03 02:14:35 at 清华大学, 30, 双清路, 东升镇, 海淀区, 北京市, 100084, 中国
- End: 2008-12-03 02:33:01 at 希格玛大厦, 知春路, 中关村街道, 海淀区, 北京市, 100098, 中国
- Duration: 0 days 00:18:26
- Distance: 3.53 km
- Average Speed: 14.62 km/h
- Average Bearing Change: 8.29°
- Max Speed: 22.58 km/h
- Min Speed: 0.13 km/h
- Speed Variability: 3.04 km/h
- Average Acceleration: 0.00 m/s²
- Max Acceleration: 1.48 m/s²
- Number of Turns: 16
- Turn Rate: 0.87 turns/min
- Average Turn Angle: 8.29°
- Turn Angle Variability: 13.40°
- Transport Mode: bike
    "
2.3314470030777565,23.213780385984627,0.2017161414829495,5.899446203504836,9.895063982258208,0.0003616140092444405,5.6174880663695355,0.41787506257093254,64,3.4594594594594597,17.236391655216686,30.55894068482551,17.236391655216686,bike_cleaned.geojson,2008-06-19 22:32:31,2008-06-19 22:51:04,1113.0,bike,427,9,2.107728337236534,5,8,6.94,"
Trip Summary:
- Start: 2008-06-19 22:32:31 at Paradiso Coffee, 30, 双清路, 东升镇, 海淀区, 北京市, 100084, 中国
- End: 2008-06-19 22:51:04 at 一品三笑, 成府路, 清华园, 中关村街道, 海淀区, 北京市, 100190, 中国
- Duration: 0 days 00:18:33
- Distance: 2.33 km
- Average Speed: 9.90 km/h
- Average Bearing Change: 17.24°
- Max Speed: 23.21 km/h
- Min Speed: 0.20 km/h
- Speed Variability: 5.90 km/h
- Average Acceleration: 0.00 m/s²
- Max Acceleration: 5.62 m/s²
- Number of Turns: 64
- Turn Rate: 3.46 turns/min
- Average Turn Angle: 17.24°
- Turn Angle Variability: 30.56°
- Transport Mode: bike
    "
126.99548117677338,50.004000000000005,0.768826865034632,11.08444142638357,42.67233150790066,0.007739477786189366,3.621620526372391,0.2841258219413274,204,1.1488642763281396,7.88408937799169,13.883418943395544,7.88408937799169,car_cleaned.geojson,2008-09-14 07:56:11,2008-09-14 10:54:41,10710.0,car,4643,28,0.6030583674348482,2241,27,13.89,"
Trip Summary:
- Start: 2008-09-14 07:56:11 at 灵山路, 涿鹿县, 门头沟区, 北京市, 中国
- End: 2008-09-14 10:54:41 at 希格玛大厦, 知春路, 中关村街道, 海淀区, 北京市, 100098, 中国
- Duration: 0 days 02:58:30
- Distance: 127.00 km
- Average Speed: 42.67 km/h
- Average Bearing Change: 7.88°
- Max Speed: 50.00 km/h
- Min Speed: 0.77 km/h
- Speed Variability: 11.08 km/h
- Average Acceleration: 0.01 m/s²
- Max Acceleration: 3.62 m/s²
- Number of Turns: 204
- Turn Rate: 1.15 turns/min
- Average Turn Angle: 7.88°
- Turn Angle Variability: 13.88°
- Transport Mode: car
    "
1.1849658201128936,15.819944937655842,0.3148354970243001,2.9269822584574077,5.71299245968355,0.0023577748266764903,0.9555858501653605,0.16424650799404678,68,6.688524590163935,30.527377364607162,37.055599146642585,30.527377364607162,run_cleaned.geojson,2008-09-14 12:53:50,2008-09-14 13:04:10,620.0,run,234,6,2.564102564102564,1,5,6.94,"
Trip Summary:
- Start: 2008-09-14 12:53:50 at 希格玛大厦, 知春路, 中关村街道, 海淀区, 北京市, 100098, 中国
- End: 2008-09-14 13:04:10 at 中关村南四街, 中关村街道, 海淀区, 北京市, 100190, 中国
- Duration: 0 days 00:10:20
- Distance: 1.18 km
- Average Speed: 5.71 km/h
- Average Bearing Change: 30.53°
- Max Speed: 15.82 km/h
- Min Speed: 0.31 km/h
- Speed Variability: 2.93 km/h
- Average Acceleration: 0.00 m/s²
- Max Acceleration: 0.96 m/s²
- Number of Turns: 68
- Turn Rate: 6.69 turns/min
- Average Turn Angle: 30.53°
- Turn Angle Variability: 37.06°
- Transport Mode: run
    "
0.9142191306201001,10.008,0.0476884120341995,1.8807183901805957,3.5412586316169556,-0.00024382474439968874,0.7301556057558813,0.09445494130529648,118,7.797356828193833,34.35765095852542,37.333867864762624,34.35765095852542,walk_cleaned.geojson,2008-09-14 12:40:32,2008-09-14 12:53:44,792.0,walk,337,11,3.2640949554896146,6,10,2.78,"
Trip Summary:
- Start: 2008-09-14 12:40:32 at 大运村路, 花园路街道, 东升镇, 海淀区, 北京市, 100081, 中国
- End: 2008-09-14 12:53:44 at 希格玛大厦, 知春路, 中关村街道, 海淀区, 北京市, 100098, 中国
- Duration: 0 days 00:13:12
- Distance: 0.91 km
- Average Speed: 3.54 km/h
- Average Bearing Change: 34.36°
- Max Speed: 10.01 km/h
- Min Speed: 0.05 km/h
- Speed Variability: 1.88 km/h
- Average Acceleration: -0.00 m/s²
- Max Acceleration: 0.73 m/s²
- Number of Turns: 118
- Turn Rate: 7.80 turns/min
- Average Turn Angle: 34.36°
- Turn Angle Variability: 37.33°
- Transport Mode: walk
    "
2.492889909824388,21.94235318804798,6.081089394890675,3.0236642033693792,16.01743211955613,0.0027367296205905254,0.6412623735718457,0.16175145602674354,3,0.2843601895734597,11.293743413219131,13.385557859880132,11.293743413219131,bike_cleaned.geojson,2008-03-24 09:48:15,2008-03-24 09:58:53,638.0,bike,54,2,3.7037037037037033,2,1,6.94,"
Trip Summary:
- Start: 2008-03-24 09:48:15 at 清华大学, 30, 双清路, 东升镇, 海淀区, 北京市, 100084, 中国
- End: 2008-03-24 09:58:53 at 中关村南路, 科育社区, 中关村街道, 海淀区, 北京市, 100086, 中国
- Duration: 0 days 00:10:38
- Distance: 2.49 km
- Average Speed: 16.02 km/h
- Average Bearing Change: 11.29°
- Max Speed: 21.94 km/h
- Min Speed: 6.08 km/h
- Speed Variability: 3.02 km/h
- Average Acceleration: 0.00 m/s²
- Max Acceleration: 0.64 m/s²
- Number of Turns: 3
- Turn Rate: 0.28 turns/min
- Average Turn Angle: 11.29°
- Turn Angle Variability: 13.39°
- Transport Mode: bike
    "
16.66527278488889,50.004000000000005,0.0,21.665322129704016,28.49263821943891,-0.0031374829577900105,1.5228854051299145,0.25430760290729765,72,2.6584615384615384,24.920131408115278,40.94492155705595,24.920131408115278,car_cleaned.geojson,2008-12-08 14:27:06,2008-12-08 14:54:46,1660.0,car,304,8,2.631578947368421,121,7,13.89,"
Trip Summary:
- Start: 2008-12-08 14:27:06 at 东中街, 东直门, 东直门街道, 首都功能核心区, 东城区, 北京市, 100010, 中国
- End: 2008-12-08 14:54:46 at 星规路, 知春东里社区, 中关村街道, 海淀区, 北京市, 100098, 中国
- Duration: 0 days 00:27:40
- Distance: 16.67 km
- Average Speed: 28.49 km/h
- Average Bearing Change: 24.92°
- Max Speed: 50.00 km/h
- Min Speed: 0.00 km/h
- Speed Variability: 21.67 km/h
- Average Acceleration: -0.00 m/s²
- Max Acceleration: 1.52 m/s²
- Number of Turns: 72
- Turn Rate: 2.66 turns/min
- Average Turn Angle: 24.92°
- Turn Angle Variability: 40.94°
- Transport Mode: car
    "
0.38824980187443986,1.855848478430405,0.0,0.7524851590789854,1.060911779686812,-0.0020614620182140566,0.086705729944275,0.05454202952281681,9,2.1774193548387095,110.86411925219453,62.211766516774475,110.86411925219453,walk_cleaned.geojson,2008-12-08 15:13:26,2008-12-08 15:16:16,170.0,walk,15,4,26.666666666666668,0,3,2.78,"
Trip Summary:
- Start: 2008-12-08 15:13:26 at 中关村南四街, 知春东里社区, 中关村街道, 海淀区, 北京市, 100098, 中国
- End: 2008-12-08 15:16:16 at 世纪科贸大厦C座, 66号, 中关村东路, 知春东里社区, 中关村街道, 海淀区, 北京市, 100190, 中国
- Duration: 0 days 00:02:50
- Distance: 0.39 km
- Average Speed: 1.06 km/h
- Average Bearing Change: 110.86°
- Max Speed: 1.86 km/h
- Min Speed: 0.00 km/h
- Speed Variability: 0.75 km/h
- Average Acceleration: -0.00 m/s²
- Max Acceleration: 0.09 m/s²
- Number of Turns: 9
- Turn Rate: 2.18 turns/min
- Average Turn Angle: 110.86°
- Turn Angle Variability: 62.21°
- Transport Mode: walk
    "
12.706857822720853,39.996,0.0,15.185048729499957,18.52735954318987,0.02131480941036643,1.9272837827556253,0.42556225620477584,193,4.066011235955056,20.96879842905801,37.544545398323145,20.96879842905801,bus_cleaned.geojson,2008-09-20 07:49:04,2008-09-20 08:36:36,2852.0,bus,1086,15,1.3812154696132597,165,14,11.11,"
Trip Summary:
- Start: 2008-09-20 07:49:04 at 东四十条桥, 东二环, 东直门, 东直门街道, 首都功能核心区, 东城区, 北京市, 100010, 中国
- End: 2008-09-20 08:36:36 at 大运村路, 花园路街道, 东升镇, 海淀区, 北京市, 100081, 中国
- Duration: 0 days 00:47:32
- Distance: 12.71 km
- Average Speed: 18.53 km/h
- Average Bearing Change: 20.97°
- Max Speed: 40.00 km/h
- Min Speed: 0.00 km/h
- Speed Variability: 15.19 km/h
- Average Acceleration: 0.02 m/s²
- Max Acceleration: 1.93 m/s²
- Number of Turns: 193
- Turn Rate: 4.07 turns/min
- Average Turn Angle: 20.97°
- Turn Angle Variability: 37.54°
- Transport Mode: bus
    "
0.7405351976244429,9.440333013419709,0.32534323256556547,1.6294020245436194,3.5753530577262147,-0.0021571975388338257,0.7052344315917052,0.13650450693992164,76,6.725663716814159,32.1510312308957,37.27865333264246,32.1510312308957,walk_cleaned.geojson,2008-09-20 09:21:56,2008-09-20 09:35:32,816.0,walk,236,9,3.8135593220338984,11,8,2.78,"
Trip Summary:
- Start: 2008-09-20 09:21:56 at 中关村南四街, 知春东里社区, 中关村街道, 海淀区, 北京市, 100098, 中国
- End: 2008-09-20 09:35:32 at 中关村南四街, 知春东里社区, 中关村街道, 海淀区, 北京市, 100098, 中国
- Duration: 0 days 00:13:36
- Distance: 0.74 km
- Average Speed: 3.58 km/h
- Average Bearing Change: 32.15°
- Max Speed: 9.44 km/h
- Min Speed: 0.33 km/h
- Speed Variability: 1.63 km/h
- Average Acceleration: -0.00 m/s²
- Max Acceleration: 0.71 m/s²
- Number of Turns: 76
- Turn Rate: 6.73 turns/min
- Average Turn Angle: 32.15°
- Turn Angle Variability: 37.28°
- Transport Mode: walk
    "
5.659900574302222,23.115696271313812,0.15524960030278057,4.204010718439374,10.884156309797369,0.0014675218514413214,2.51983533086326,0.3806404152355041,221,4.647739221871714,16.7961433098157,25.951460116630454,16.7961433098157,bike_cleaned.geojson,2008-06-03 00:45:47,2008-06-03 01:32:29,2802.0,bike,1597,20,1.2523481527864746,32,19,6.94,"
Trip Summary:
- Start: 2008-06-03 00:45:47 at 清华大学, 30, 双清路, 东升镇, 海淀区, 北京市, 100084, 中国
- End: 2008-06-03 01:32:29 at 中关村街道, 海淀区, 北京市, 100098, 中国
- Duration: 0 days 00:46:42
- Distance: 5.66 km
- Average Speed: 10.88 km/h
- Average Bearing Change: 16.80°
- Max Speed: 23.12 km/h
- Min Speed: 0.16 km/h
- Speed Variability: 4.20 km/h
- Average Acceleration: 0.00 m/s²
- Max Acceleration: 2.52 m/s²
- Number of Turns: 221
- Turn Rate: 4.65 turns/min
- Average Turn Angle: 16.80°
- Turn Angle Variability: 25.95°
- Transport Mode: bike
    "
0.050981011522730726,4.879720538322935,0.6293152812099707,1.3295861426208375,3.01001553476954,0.00364281616281406,0.5333204645038414,0.16741535971379146,11,14.347826086956522,38.394043701091626,44.943736650800986,38.394043701091626,walk_cleaned.geojson,2008-06-03 01:33:56,2008-06-03 01:34:43,47.0,walk,30,2,6.666666666666667,0,1,2.78,"
Trip Summary:
- Start: 2008-06-03 01:33:56 at 希格玛大厦, 知春路, 中关村街道, 海淀区, 北京市, 100098, 中国
- End: 2008-06-03 01:34:43 at 希格玛大厦, 知春路, 中关村街道, 海淀区, 北京市, 100098, 中国
- Duration: 0 days 00:00:47
- Distance: 0.05 km
- Average Speed: 3.01 km/h
- Average Bearing Change: 38.39°
- Max Speed: 4.88 km/h
- Min Speed: 0.63 km/h
- Speed Variability: 1.33 km/h
- Average Acceleration: 0.00 m/s²
- Max Acceleration: 0.53 m/s²
- Number of Turns: 11
- Turn Rate: 14.35 turns/min
- Average Turn Angle: 38.39°
- Turn Angle Variability: 44.94°
- Transport Mode: walk
    "
0.9110346631387733,13.463626143462058,3.810371132564488,3.0399127932288366,9.07084974314011,-0.003929390621190347,0.027557303543231552,0.026862555850267728,1,0.17094017094017094,9.4601384824953,12.369987124082318,9.4601384824953,bus_cleaned.geojson,2008-03-15 08:00:49,2008-03-15 08:06:21,332.0,bus,10,1,10.0,0,0,11.11,"
Trip Summary:
- Start: 2008-03-15 08:00:49 at 清华大学, 30, 双清路, 东升镇, 海淀区, 北京市, 100084, 中国
- End: 2008-03-15 08:06:21 at 中关村东路, 东升镇, 海淀区, 北京市, 100190, 中国
- Duration: 0 days 00:05:32
- Distance: 0.91 km
- Average Speed: 9.07 km/h
- Average Bearing Change: 9.46°
- Max Speed: 13.46 km/h
- Min Speed: 3.81 km/h
- Speed Variability: 3.04 km/h
- Average Acceleration: -0.00 m/s²
- Max Acceleration: 0.03 m/s²
- Number of Turns: 1
- Turn Rate: 0.17 turns/min
- Average Turn Angle: 9.46°
- Turn Angle Variability: 12.37°
- Transport Mode: bus
    "
0.08965157748133439,2.2952552419990675,0.0,0.7667778814160059,1.1612624336208703,0.00594518267664363,0.16017273273526364,0.0336915771735009,22,5.739130434782608,51.97271742284369,50.03070879583371,51.97271742284369,walk_cleaned.geojson,2008-09-12 09:32:52,2008-09-12 09:36:40,228.0,walk,50,1,2.0,1,0,2.78,"
Trip Summary:
- Start: 2008-09-12 09:32:52 at 清华大学, 30, 双清路, 东升镇, 海淀区, 北京市, 100084, 中国
- End: 2008-09-12 09:36:40 at 清华大学, 30, 双清路, 东升镇, 海淀区, 北京市, 100084, 中国
- Duration: 0 days 00:03:48
- Distance: 0.09 km
- Average Speed: 1.16 km/h
- Average Bearing Change: 51.97°
- Max Speed: 2.30 km/h
- Min Speed: 0.00 km/h
- Speed Variability: 0.77 km/h
- Average Acceleration: 0.01 m/s²
- Max Acceleration: 0.16 m/s²
- Number of Turns: 22
- Turn Rate: 5.74 turns/min
- Average Turn Angle: 51.97°
- Turn Angle Variability: 50.03°
- Transport Mode: walk
    "
1.3900075304018937,24.984,10.803987983253789,4.184420447146291,22.813109441247935,-0.04486664266563869,0.11477880539020938,0.12035835789740858,1,0.48,10.685643606681001,12.301254138194649,10.685643606681001,subway_cleaned.geojson,2008-10-25 09:57:27,2008-10-25 10:00:07,160.0,subway,27,11,40.74074074074074,8,10,6.94,"
Trip Summary:
- Start: 2008-10-25 09:57:27 at 明光西路, 北太平庄街道, 海淀区, 北京市, 100081, 中国
- End: 2008-10-25 10:00:07 at 大运村公交场站, 知春路, 花园路街道, 中关村街道, 海淀区, 北京市, 100081, 中国
- Duration: 0 days 00:02:40
- Distance: 1.39 km
- Average Speed: 22.81 km/h
- Average Bearing Change: 10.69°
- Max Speed: 24.98 km/h
- Min Speed: 10.80 km/h
- Speed Variability: 4.18 km/h
- Average Acceleration: -0.04 m/s²
- Max Acceleration: 0.11 m/s²
- Number of Turns: 1
- Turn Rate: 0.48 turns/min
- Average Turn Angle: 10.69°
- Turn Angle Variability: 12.30°
- Transport Mode: subway
    "
2.451018688300108,10.008,0.31772244681825196,1.9513007488878422,3.469491439610895,0.004384344276931533,0.541573760653168,0.07212921021551094,146,4.1813842482100245,46.28570600364945,45.73281073981319,46.28570600364945,walk_cleaned.geojson,2008-10-25 14:59:35,2008-10-25 15:35:20,2145.0,walk,315,11,3.492063492063492,9,10,2.78,"
Trip Summary:
- Start: 2008-10-25 14:59:35 at 中关村南四街, 知春东里社区, 中关村街道, 海淀区, 北京市, 100098, 中国
- End: 2008-10-25 15:35:20 at 中国科学院大学（中关村校区）, 中关村南四街, 知春东里社区, 中关村街道, 海淀区, 北京市, 100098, 中国
- Duration: 0 days 00:35:45
- Distance: 2.45 km
- Average Speed: 3.47 km/h
- Average Bearing Change: 46.29°
- Max Speed: 10.01 km/h
- Min Speed: 0.32 km/h
- Speed Variability: 1.95 km/h
- Average Acceleration: 0.00 m/s²
- Max Acceleration: 0.54 m/s²
- Number of Turns: 146
- Turn Rate: 4.18 turns/min
- Average Turn Angle: 46.29°
- Turn Angle Variability: 45.73°
- Transport Mode: walk
    "
13.949597391304069,39.996,0.07994399743951755,13.455890776400635,12.428193115592599,0.026417214150544193,2.63627377678008,0.290389042134551,227,3.913793103448276,38.01159185904382,46.55857820518891,38.01159185904382,bus_cleaned.geojson,2008-11-05 23:55:36,2008-11-06 00:51:22,3346.0,bus,627,13,2.073365231259968,58,12,11.11,"
Trip Summary:
- Start: 2008-11-05 23:55:36 at 北京航空航天大学(学院路校区), 37, 学院路, 花园路街道, 东升镇, 海淀区, 北京市, 100083, 中国
- End: 2008-11-06 00:51:22 at 66, 工人体育场北路, 东直门街道, 首都功能核心区, 东城区, 北京市, 100010, 中国
- Duration: 0 days 00:55:46
- Distance: 13.95 km
- Average Speed: 12.43 km/h
- Average Bearing Change: 38.01°
- Max Speed: 40.00 km/h
- Min Speed: 0.08 km/h
- Speed Variability: 13.46 km/h
- Average Acceleration: 0.03 m/s²
- Max Acceleration: 2.64 m/s²
- Number of Turns: 227
- Turn Rate: 3.91 turns/min
- Average Turn Angle: 38.01°
- Turn Angle Variability: 46.56°
- Transport Mode: bus
    "
2.2230832822585374,9.045667965555094,0.5876755334975892,2.047962209419372,3.3458264655801657,0.0005192007087996097,0.36804015261887174,0.05417931967115462,153,4.1500904159132,54.92458996870737,50.99270378261172,54.92458996870737,walk_cleaned.geojson,2008-11-06 02:44:06,2008-11-06 03:21:42,2256.0,walk,292,11,3.767123287671233,16,10,2.78,"
Trip Summary:
- Start: 2008-11-06 02:44:06 at 东中街, 东直门, 东直门街道, 首都功能核心区, 东城区, 北京市, 100010, 中国
- End: 2008-11-06 03:21:42 at 巫山烤全鱼, 东中街, 东直门, 东直门街道, 首都功能核心区, 东城区, 北京市, 100010, 中国
- Duration: 0 days 00:37:36
- Distance: 2.22 km
- Average Speed: 3.35 km/h
- Average Bearing Change: 54.92°
- Max Speed: 9.05 km/h
- Min Speed: 0.59 km/h
- Speed Variability: 2.05 km/h
- Average Acceleration: 0.00 m/s²
- Max Acceleration: 0.37 m/s²
- Number of Turns: 153
- Turn Rate: 4.15 turns/min
- Average Turn Angle: 54.92°
- Turn Angle Variability: 50.99°
- Transport Mode: walk
    "
3.7621801877534615,18.667537007131212,6.042468908439861,3.3389450598218304,14.141740549762227,-0.0073907684932990984,0.034146988691500776,0.02413434985258479,4,0.24590163934426232,16.253001847625946,26.802917329848825,16.253001847625946,bike_cleaned.geojson,2008-04-04 08:02:08,2008-04-04 08:18:40,992.0,bike,20,1,5.0,3,0,6.94,"
Trip Summary:
- Start: 2008-04-04 08:02:08 at 清华大学, 30, 双清路, 东升镇, 海淀区, 北京市, 100084, 中国
- End: 2008-04-04 08:18:40 at 燕港石化, 中关村南四街, 知春东里社区, 中关村街道, 海淀区, 北京市, 100098, 中国
- Duration: 0 days 00:16:32
- Distance: 3.76 km
- Average Speed: 14.14 km/h
- Average Bearing Change: 16.25°
- Max Speed: 18.67 km/h
- Min Speed: 6.04 km/h
- Speed Variability: 3.34 km/h
- Average Acceleration: -0.01 m/s²
- Max Acceleration: 0.03 m/s²
- Number of Turns: 4
- Turn Rate: 0.25 turns/min
- Average Turn Angle: 16.25°
- Turn Angle Variability: 26.80°
- Transport Mode: bike
    "
13.172586302630455,39.522249801080584,0.10258464280642948,11.611108537059124,15.603066933710775,0.012483229574913437,3.3664320102080065,0.37748549861101116,116,2.5108225108225106,30.546734219495505,44.92254787044939,30.546734219495505,bus_cleaned.geojson,2009-03-18 08:34:17,2009-03-18 09:21:19,2822.0,bus,439,11,2.5056947608200453,7,10,11.11,"
Trip Summary:
- Start: 2009-03-18 08:34:17 at 北京第二实验小学（白云路分校）, 白云路, 月坛街道, 首都功能核心区, 西城区, 北京市, 100032, 中国
- End: 2009-03-18 09:21:19 at 中国科学院物理研究所B楼, 8号, 中关村南三街, 科育社区, 中关村街道, 海淀区, 北京市, 100190, 中国
- Duration: 0 days 00:47:02
- Distance: 13.17 km
- Average Speed: 15.60 km/h
- Average Bearing Change: 30.55°
- Max Speed: 39.52 km/h
- Min Speed: 0.10 km/h
- Speed Variability: 11.61 km/h
- Average Acceleration: 0.01 m/s²
- Max Acceleration: 3.37 m/s²
- Number of Turns: 116
- Turn Rate: 2.51 turns/min
- Average Turn Angle: 30.55°
- Turn Angle Variability: 44.92°
- Transport Mode: bus
    "
0.06856481910746554,5.865603417481499,2.4694700659480757,1.0283970365326687,4.290327826373903,-0.008541552850102434,0.06047371183414398,0.0530739848975856,4,5.333333333333333,40.194476757490094,30.065473013585322,40.194476757490094,walk_cleaned.geojson,2009-03-18 09:22:04,2009-03-18 09:22:49,45.0,walk,11,1,9.090909090909092,0,0,2.78,"
Trip Summary:
- Start: 2009-03-18 09:22:04 at 中关村南四街, 中关村街道, 海淀区, 北京市, 100190, 中国
- End: 2009-03-18 09:22:49 at 中关村街道, 海淀区, 北京市, 100190, 中国
- Duration: 0 days 00:00:45
- Distance: 0.07 km
- Average Speed: 4.29 km/h
- Average Bearing Change: 40.19°
- Max Speed: 5.87 km/h
- Min Speed: 2.47 km/h
- Speed Variability: 1.03 km/h
- Average Acceleration: -0.01 m/s²
- Max Acceleration: 0.06 m/s²
- Number of Turns: 4
- Turn Rate: 5.33 turns/min
- Average Turn Angle: 40.19°
- Turn Angle Variability: 30.07°
- Transport Mode: walk
    "
9.962250879319727,39.996,0.544057358740477,13.513044874526194,18.652535986813437,-0.00738642382400504,1.3490644817050215,0.337728005403414,82,2.5426356589147288,33.631084512916736,50.83241787140386,33.631084512916736,bus_cleaned.geojson,2009-07-05 22:50:11,2009-07-05 23:22:51,1960.0,bus,279,7,2.5089605734767026,31,6,11.11,"
Trip Summary:
- Start: 2009-07-05 22:50:11 at 中关村东路, 知春东里社区, 中关村街道, 海淀区, 北京市, 100190, 中国
- End: 2009-07-05 23:22:51 at 月坛南街, 月坛街道, 首都功能核心区, 西城区, 北京市, 100032, 中国
- Duration: 0 days 00:32:40
- Distance: 9.96 km
- Average Speed: 18.65 km/h
- Average Bearing Change: 33.63°
- Max Speed: 40.00 km/h
- Min Speed: 0.54 km/h
- Speed Variability: 13.51 km/h
- Average Acceleration: -0.01 m/s²
- Max Acceleration: 1.35 m/s²
- Number of Turns: 82
- Turn Rate: 2.54 turns/min
- Average Turn Angle: 33.63°
- Turn Angle Variability: 50.83°
- Transport Mode: bus
    "
9.577644175343567,10.008,0.6931683496649479,2.8427247628678494,4.776336345597472,-0.0030660376169379055,0.3767425052793755,0.08308182024801276,47,1.0463821892393321,46.99641498835099,44.699633095798184,46.99641498835099,walk_cleaned.geojson,2009-07-05 22:44:16,2009-07-05 23:29:56,2740.0,walk,103,6,5.825242718446602,9,5,2.78,"
Trip Summary:
- Start: 2009-07-05 22:44:16 at 中国科学院理论物理研究所（南楼）, 55号, 中关村东路, 清华园, 中关村街道, 海淀区, 北京市, 100190, 中国
- End: 2009-07-05 23:29:56 at 首都医科大学附属复兴医院, 复兴路, 木樨地小区, 月坛街道, 首都功能核心区, 西城区, 北京市, 100032, 中国
- Duration: 0 days 00:45:40
- Distance: 9.58 km
- Average Speed: 4.78 km/h
- Average Bearing Change: 47.00°
- Max Speed: 10.01 km/h
- Min Speed: 0.69 km/h
- Speed Variability: 2.84 km/h
- Average Acceleration: -0.00 m/s²
- Max Acceleration: 0.38 m/s²
- Number of Turns: 47
- Turn Rate: 1.05 turns/min
- Average Turn Angle: 47.00°
- Turn Angle Variability: 44.70°
- Transport Mode: walk
    "
0.6658005470202799,10.008,0.366784061159058,1.983745120426524,4.059520544199632,0.0032136003701046857,0.5648766369782511,0.15793646997328903,104,13.928571428571429,43.17015633181865,36.447641646264366,43.17015633181865,walk_cleaned.geojson,2008-09-23 11:33:06,2008-09-23 11:43:44,638.0,walk,205,10,4.878048780487805,9,9,2.78,"
Trip Summary:
- Start: 2008-09-23 11:33:06 at 北京中医药大学（西校区）, 11号, 北三环东路, 和平街街道, 朝阳区, 北京市, 100029, 中国
- End: 2008-09-23 11:43:44 at 肯德基, 樱花园东街, 和平街街道, 朝阳区, 北京市, 100029, 中国
- Duration: 0 days 00:10:38
- Distance: 0.67 km
- Average Speed: 4.06 km/h
- Average Bearing Change: 43.17°
- Max Speed: 10.01 km/h
- Min Speed: 0.37 km/h
- Speed Variability: 1.98 km/h
- Average Acceleration: 0.00 m/s²
- Max Acceleration: 0.56 m/s²
- Number of Turns: 104
- Turn Rate: 13.93 turns/min
- Average Turn Angle: 43.17°
- Turn Angle Variability: 36.45°
- Transport Mode: walk
    "
0.9621754108277971,10.008,0.28018304600088917,2.1043321101073915,5.12047039340481,-0.008589896470475816,0.5052903995516466,0.16755733240362047,60,6.75422138836773,62.89569219631303,50.583055907831195,62.89569219631303,walk_cleaned.geojson,2011-11-09 11:15:47,2011-11-09 11:24:57,550.0,walk,98,5,5.1020408163265305,17,4,2.78,"
Trip Summary:
- Start: 2011-11-09 11:15:47 at 海淀东三街, 中关村核心区, 海淀街道, 东升镇, 海淀区, 北京市, 100872, 中国
- End: 2011-11-09 11:24:57 at 极氪, 丹棱街, 中关村核心区, 海淀街道, 六郎庄村, 海淀区, 北京市, 100872, 中国
- Duration: 0 days 00:09:10
- Distance: 0.96 km
- Average Speed: 5.12 km/h
- Average Bearing Change: 62.90°
- Max Speed: 10.01 km/h
- Min Speed: 0.28 km/h
- Speed Variability: 2.10 km/h
- Average Acceleration: -0.01 m/s²
- Max Acceleration: 0.51 m/s²
- Number of Turns: 60
- Turn Rate: 6.75 turns/min
- Average Turn Angle: 62.90°
- Turn Angle Variability: 50.58°
- Transport Mode: walk
    "
4.059223413284041,21.492764873851364,4.82920143635935,2.407052386714271,15.38387961763682,0.0008899326410995584,1.5516132388006114,0.14820708858497947,7,0.38961038961038963,6.447429456259847,7.018251426611026,6.447429456259847,bike_cleaned.geojson,2008-10-23 02:44:40,2008-10-23 03:02:46,1086.0,bike,413,7,1.694915254237288,11,6,6.94,"
Trip Summary:
- Start: 2008-10-23 02:44:40 at 听涛园餐厅, 至善路, 清华园街道, 八家村总支委员会, 海淀区, 北京市, 100084, 中国
- End: 2008-10-23 03:02:46 at 知春路, 中关村街道, 海淀区, 北京市, 100098, 中国
- Duration: 0 days 00:18:06
- Distance: 4.06 km
- Average Speed: 15.38 km/h
- Average Bearing Change: 6.45°
- Max Speed: 21.49 km/h
- Min Speed: 4.83 km/h
- Speed Variability: 2.41 km/h
- Average Acceleration: 0.00 m/s²
- Max Acceleration: 1.55 m/s²
- Number of Turns: 7
- Turn Rate: 0.39 turns/min
- Average Turn Angle: 6.45°
- Turn Angle Variability: 7.02°
- Transport Mode: bike
    "
3.7956673667878946,19.74033032656854,7.324607304217688,2.6722039756224163,15.301640507642416,-0.0017807266095558128,1.1599935876229392,0.1882824555214791,26,1.4620431115276475,7.089595350968946,8.193982006457839,7.089595350968946,bike_cleaned.geojson,2008-06-22 01:28:41,2008-06-22 01:46:36,1075.0,bike,824,9,1.0922330097087378,23,8,6.94,"
Trip Summary:
- Start: 2008-06-22 01:28:41 at 清华大学, 30, 双清路, 东升镇, 海淀区, 北京市, 100084, 中国
- End: 2008-06-22 01:46:36 at 中关村街道, 海淀区, 北京市, 100098, 中国
- Duration: 0 days 00:17:55
- Distance: 3.80 km
- Average Speed: 15.30 km/h
- Average Bearing Change: 7.09°
- Max Speed: 19.74 km/h
- Min Speed: 7.32 km/h
- Speed Variability: 2.67 km/h
- Average Acceleration: -0.00 m/s²
- Max Acceleration: 1.16 m/s²
- Number of Turns: 26
- Turn Rate: 1.46 turns/min
- Average Turn Angle: 7.09°
- Turn Angle Variability: 8.19°
- Transport Mode: bike
    "
0.15687020831934897,8.712584152857756,0.5043303610932364,1.4301556277707361,3.0747062663843434,0.014056343116882208,1.6784941071897141,0.3034456575902429,21,8.456375838926174,38.157613890804136,42.818669305565315,38.157613890804136,walk_cleaned.geojson,2008-06-22 01:47:42,2008-06-22 01:50:15,153.0,walk,63,5,7.936507936507936,2,4,2.78,"
Trip Summary:
- Start: 2008-06-22 01:47:42 at 中关村街道, 海淀区, 北京市, 100098, 中国
- End: 2008-06-22 01:50:15 at 希格玛大厦, 知春路, 中关村街道, 海淀区, 北京市, 100098, 中国
- Duration: 0 days 00:02:33
- Distance: 0.16 km
- Average Speed: 3.07 km/h
- Average Bearing Change: 38.16°
- Max Speed: 8.71 km/h
- Min Speed: 0.50 km/h
- Speed Variability: 1.43 km/h
- Average Acceleration: 0.01 m/s²
- Max Acceleration: 1.68 m/s²
- Number of Turns: 21
- Turn Rate: 8.46 turns/min
- Average Turn Angle: 38.16°
- Turn Angle Variability: 42.82°
- Transport Mode: walk
    "
3.796434104541253,24.936954381005002,7.851531833911059,2.8964283054177558,14.888925657740806,-0.00351530787757022,3.0369675437749155,0.4328881169267179,42,2.978723404255319,10.278264478736881,15.756374613680341,10.278264478736881,bike_cleaned.geojson,2008-06-04 17:17:11,2008-06-04 17:32:00,889.0,bike,717,14,1.9525801952580195,35,13,6.94,"
Trip Summary:
- Start: 2008-06-04 17:17:11 at 海淀交通支队中关村大队, 中关村东路, 知春东里社区, 中关村街道, 海淀区, 北京市, 100190, 中国
- End: 2008-06-04 17:32:00 at 清华大学, 30, 双清路, 东升镇, 海淀区, 北京市, 100084, 中国
- Duration: 0 days 00:14:49
- Distance: 3.80 km
- Average Speed: 14.89 km/h
- Average Bearing Change: 10.28°
- Max Speed: 24.94 km/h
- Min Speed: 7.85 km/h
- Speed Variability: 2.90 km/h
- Average Acceleration: -0.00 m/s²
- Max Acceleration: 3.04 m/s²
- Number of Turns: 42
- Turn Rate: 2.98 turns/min
- Average Turn Angle: 10.28°
- Turn Angle Variability: 15.76°
- Transport Mode: bike
    "
3.7277031414427406,21.50919942261538,2.561583662614867,1.7692584866286005,17.829725419049044,-0.0013860508105208922,2.408800351745882,0.17907927777570892,3,0.2452316076294278,6.626214496464134,6.350799253061989,6.626214496464134,bike_cleaned.geojson,2008-11-24 15:45:10,2008-11-24 15:57:46,756.0,bike,334,12,3.592814371257485,8,11,6.94,"
Trip Summary:
- Start: 2008-11-24 15:45:10 at 中关村东路, 知春东里社区, 中关村街道, 海淀区, 北京市, 100098, 中国
- End: 2008-11-24 15:57:46 at 清华大学, 30, 双清路, 东升镇, 海淀区, 北京市, 100084, 中国
- Duration: 0 days 00:12:36
- Distance: 3.73 km
- Average Speed: 17.83 km/h
- Average Bearing Change: 6.63°
- Max Speed: 21.51 km/h
- Min Speed: 2.56 km/h
- Speed Variability: 1.77 km/h
- Average Acceleration: -0.00 m/s²
- Max Acceleration: 2.41 m/s²
- Number of Turns: 3
- Turn Rate: 0.25 turns/min
- Average Turn Angle: 6.63°
- Turn Angle Variability: 6.35°
- Transport Mode: bike
    "
2.917873059558082,24.984,9.225849766469036,2.6082381267424504,17.81475971672618,0.002457338359085642,1.6096600926145737,0.20902198138077055,9,0.8333333333333333,6.350592950815108,7.246220503329311,6.350592950815108,bike_cleaned.geojson,2008-07-03 04:25:07,2008-07-03 04:36:01,654.0,bike,540,6,1.1111111111111112,13,5,6.94,"
Trip Summary:
- Start: 2008-07-03 04:25:07 at 30, 双清路, 东升镇, 海淀区, 北京市, 100084, 中国
- End: 2008-07-03 04:36:01 at 中关村街道, 海淀区, 北京市, 100098, 中国
- Duration: 0 days 00:10:54
- Distance: 2.92 km
- Average Speed: 17.81 km/h
- Average Bearing Change: 6.35°
- Max Speed: 24.98 km/h
- Min Speed: 9.23 km/h
- Speed Variability: 2.61 km/h
- Average Acceleration: 0.00 m/s²
- Max Acceleration: 1.61 m/s²
- Number of Turns: 9
- Turn Rate: 0.83 turns/min
- Average Turn Angle: 6.35°
- Turn Angle Variability: 7.25°
- Transport Mode: bike
    "
7.807888832205709,39.996,0.3074815332582857,15.401664103077819,19.856359990025542,-0.010399673332899928,4.362904017922775,0.5281010870913998,62,2.715328467153285,23.275393999748598,38.95278837605237,23.275393999748598,bus_cleaned.geojson,2008-09-22 10:45:44,2008-09-22 11:08:52,1388.0,bus,290,12,4.137931034482759,46,11,11.11,"
Trip Summary:
- Start: 2008-09-22 10:45:44 at 北四环东路, 大屯街道, 朝阳区, 北京市, 100012, 中国
- End: 2008-09-22 11:08:52 at 中关村东路, 清华园, 中关村街道, 海淀区, 北京市, 100190, 中国
- Duration: 0 days 00:23:08
- Distance: 7.81 km
- Average Speed: 19.86 km/h
- Average Bearing Change: 23.28°
- Max Speed: 40.00 km/h
- Min Speed: 0.31 km/h
- Speed Variability: 15.40 km/h
- Average Acceleration: -0.01 m/s²
- Max Acceleration: 4.36 m/s²
- Number of Turns: 62
- Turn Rate: 2.72 turns/min
- Average Turn Angle: 23.28°
- Turn Angle Variability: 38.95°
- Transport Mode: bus
    "
0.17211003081405454,2.801605015816112,0.0,0.5512500915480841,0.8099462703998253,-0.00343951490950587,0.1605592472717977,0.05381197855829504,51,7.463414634146342,59.60786425102554,49.51960693460967,59.60786425102554,walk_cleaned.geojson,2008-09-22 12:04:56,2008-09-22 12:10:02,306.0,walk,87,1,1.1494252873563218,1,0,2.78,"
Trip Summary:
- Start: 2008-09-22 12:04:56 at 中国科学院大学（中关村校区）, 中关村南四街, 知春东里社区, 中关村街道, 海淀区, 北京市, 100098, 中国
- End: 2008-09-22 12:10:02 at 中关村街道, 海淀区, 北京市, 100190, 中国
- Duration: 0 days 00:05:06
- Distance: 0.17 km
- Average Speed: 0.81 km/h
- Average Bearing Change: 59.61°
- Max Speed: 2.80 km/h
- Min Speed: 0.00 km/h
- Speed Variability: 0.55 km/h
- Average Acceleration: -0.00 m/s²
- Max Acceleration: 0.16 m/s²
- Number of Turns: 51
- Turn Rate: 7.46 turns/min
- Average Turn Angle: 59.61°
- Turn Angle Variability: 49.52°
- Transport Mode: walk
    "
4.193392977415473,16.330461603215237,0.8039563628419047,4.732019351211405,5.374366360811027,0.01050502044008492,0.2657629441628138,0.08167386563186016,29,6.2142857142857135,50.38193385063253,45.74550345330841,50.38193385063253,subway_cleaned.geojson,2008-10-27 10:17:44,2008-10-27 10:27:39,595.0,subway,54,3,5.555555555555555,1,2,6.94,"
Trip Summary:
- Start: 2008-10-27 10:17:44 at 西直门, 西直门站换乘通道, 展览路街道, 首都功能核心区, 西城区, 北京市, 100032, 中国
- End: 2008-10-27 10:27:39 at 知春路, 知春东里社区, 北太平庄街道, 中关村街道, 海淀区, 北京市, 100081, 中国
- Duration: 0 days 00:09:55
- Distance: 4.19 km
- Average Speed: 5.37 km/h
- Average Bearing Change: 50.38°
- Max Speed: 16.33 km/h
- Min Speed: 0.80 km/h
- Speed Variability: 4.73 km/h
- Average Acceleration: 0.01 m/s²
- Max Acceleration: 0.27 m/s²
- Number of Turns: 29
- Turn Rate: 6.21 turns/min
- Average Turn Angle: 50.38°
- Turn Angle Variability: 45.75°
- Transport Mode: subway
    "
0.3081229533840044,10.008,0.0,2.6387408120507096,3.9821839943291297,0.005421667794155605,0.4393442598466475,0.08588939238646384,22,4.551724137931035,48.01154179084161,46.09912189011418,48.01154179084161,walk_cleaned.geojson,2008-10-27 11:21:11,2008-10-27 11:25:39,268.0,walk,45,2,4.444444444444445,5,1,2.78,"
Trip Summary:
- Start: 2008-10-27 11:21:11 at 中关村南四街, 知春东里社区, 中关村街道, 海淀区, 北京市, 100098, 中国
- End: 2008-10-27 11:25:39 at 中关村南四街, 知春东里社区, 中关村街道, 海淀区, 北京市, 100098, 中国
- Duration: 0 days 00:04:28
- Distance: 0.31 km
- Average Speed: 3.98 km/h
- Average Bearing Change: 48.01°
- Max Speed: 10.01 km/h
- Min Speed: 0.00 km/h
- Speed Variability: 2.64 km/h
- Average Acceleration: 0.01 m/s²
- Max Acceleration: 0.44 m/s²
- Number of Turns: 22
- Turn Rate: 4.55 turns/min
- Average Turn Angle: 48.01°
- Turn Angle Variability: 46.10°
- Transport Mode: walk
    "
19.903192489307422,24.508139837351255,0.0,7.9781035481386775,6.870043519241242,0.03236344897789683,1.1684802487379202,0.24580814066561424,60,3.5363457760314345,52.70580364178845,49.726902173292885,52.70580364178845,subway_cleaned.geojson,2009-06-24 08:59:29,2009-06-24 09:31:19,1910.0,subway,297,184,61.95286195286195,3,183,6.94,"
Trip Summary:
- Start: 2009-06-24 08:59:29 at 来广营乡, 朝阳区, 北京市, 102218, 中国
- End: 2009-06-24 09:31:19 at 清华园, 中关村街道, 海淀区, 北京市, 100190, 中国
- Duration: 0 days 00:31:50
- Distance: 19.90 km
- Average Speed: 6.87 km/h
- Average Bearing Change: 52.71°
- Max Speed: 24.51 km/h
- Min Speed: 0.00 km/h
- Speed Variability: 7.98 km/h
- Average Acceleration: 0.03 m/s²
- Max Acceleration: 1.17 m/s²
- Number of Turns: 60
- Turn Rate: 3.54 turns/min
- Average Turn Angle: 52.71°
- Turn Angle Variability: 49.73°
- Transport Mode: subway
    "
0.047061766643360016,1.1975595346799899,0.0,0.314108033980555,0.3406563161679366,-0.005241473481477793,0.02646569977622784,0.024847717216866228,10,2.608695652173913,86.99119489192101,67.28295841172465,86.99119489192101,walk_cleaned.geojson,2009-07-02 01:47:03,2009-07-02 01:50:06,183.0,walk,17,1,5.88235294117647,0,0,2.78,"
Trip Summary:
- Start: 2009-07-02 01:47:03 at 中关村街道, 海淀区, 北京市, 100098, 中国
- End: 2009-07-02 01:50:06 at 中关村街道, 海淀区, 北京市, 100098, 中国
- Duration: 0 days 00:03:03
- Distance: 0.05 km
- Average Speed: 0.34 km/h
- Average Bearing Change: 86.99°
- Max Speed: 1.20 km/h
- Min Speed: 0.00 km/h
- Speed Variability: 0.31 km/h
- Average Acceleration: -0.01 m/s²
- Max Acceleration: 0.03 m/s²
- Number of Turns: 10
- Turn Rate: 2.61 turns/min
- Average Turn Angle: 86.99°
- Turn Angle Variability: 67.28°
- Transport Mode: walk
    "
2.638162714297699,24.984,0.153727133862145,4.851681486224293,8.042734264223183,-0.0007396438419784161,2.4579687338367417,0.27846167658118864,120,5.911330049261084,29.276065650998838,40.01176398059833,29.276065650998838,bike_cleaned.geojson,2008-09-29 12:20:28,2008-09-29 12:40:54,1226.0,bike,432,9,2.083333333333333,13,8,6.94,"
Trip Summary:
- Start: 2008-09-29 12:20:28 at 成府路, 清华园, 海淀街道, 中关村街道, 海淀区, 北京市, 100190, 中国
- End: 2008-09-29 12:40:54 at 知春路, 知春东里社区, 中关村街道, 海淀区, 北京市, 100098, 中国
- Duration: 0 days 00:20:26
- Distance: 2.64 km
- Average Speed: 8.04 km/h
- Average Bearing Change: 29.28°
- Max Speed: 24.98 km/h
- Min Speed: 0.15 km/h
- Speed Variability: 4.85 km/h
- Average Acceleration: -0.00 m/s²
- Max Acceleration: 2.46 m/s²
- Number of Turns: 120
- Turn Rate: 5.91 turns/min
- Average Turn Angle: 29.28°
- Turn Angle Variability: 40.01°
- Transport Mode: bike
    "
8.831797865262539,39.996,0.15376388003775063,14.705994484560055,25.783197277400706,0.02374509814246302,1.7387954904397098,0.35044848152764824,83,3.7219730941704037,16.980691983710912,32.79136234296331,16.980691983710912,bus_cleaned.geojson,2008-09-29 12:44:49,2008-09-29 13:07:13,1344.0,bus,577,4,0.6932409012131715,146,3,11.11,"
Trip Summary:
- Start: 2008-09-29 12:44:49 at 中关村街道, 海淀区, 北京市, 100098, 中国
- End: 2008-09-29 13:07:13 at 和平东桥, 北三环东路, 和平街街道, 朝阳区, 北京市, 100029, 中国
- Duration: 0 days 00:22:24
- Distance: 8.83 km
- Average Speed: 25.78 km/h
- Average Bearing Change: 16.98°
- Max Speed: 40.00 km/h
- Min Speed: 0.15 km/h
- Speed Variability: 14.71 km/h
- Average Acceleration: 0.02 m/s²
- Max Acceleration: 1.74 m/s²
- Number of Turns: 83
- Turn Rate: 3.72 turns/min
- Average Turn Angle: 16.98°
- Turn Angle Variability: 32.79°
- Transport Mode: bus
    "
1.0723062230972304,9.434072528935651,0.19986122346655072,1.65960834824854,4.662853290102353,-0.003745976010967511,0.45369802014818406,0.11342281975047519,108,8.0,29.70961013329974,33.13684001572635,29.70961013329974,walk_cleaned.geojson,2008-09-29 13:07:23,2008-09-29 13:21:07,824.0,walk,332,10,3.0120481927710845,11,9,2.78,"
Trip Summary:
- Start: 2008-09-29 13:07:23 at 酥翁, 北三环东路, 和平街街道, 朝阳区, 北京市, 100029, 中国
- End: 2008-09-29 13:21:07 at 北京中医药大学（西校区）, 11号, 北三环东路, 和平街街道, 朝阳区, 北京市, 100029, 中国
- Duration: 0 days 00:13:44
- Distance: 1.07 km
- Average Speed: 4.66 km/h
- Average Bearing Change: 29.71°
- Max Speed: 9.43 km/h
- Min Speed: 0.20 km/h
- Speed Variability: 1.66 km/h
- Average Acceleration: -0.00 m/s²
- Max Acceleration: 0.45 m/s²
- Number of Turns: 108
- Turn Rate: 8.00 turns/min
- Average Turn Angle: 29.71°
- Turn Angle Variability: 33.14°
- Transport Mode: walk
    "
6.582618384262235,50.004000000000005,0.5972247552068201,17.759338330670236,20.380873675206608,-0.019521466096843864,0.15957030673432382,0.10537918178132628,5,0.38461538461538464,25.167984423658968,31.425664038564566,25.167984423658968,taxi_cleaned.geojson,2007-04-19 15:09:41,2007-04-19 15:23:28,827.0,taxi,20,4,20.0,3,3,13.89,"
Trip Summary:
- Start: 2007-04-19 15:09:41 at 中关村东路, 知春东里社区, 中关村街道, 海淀区, 北京市, 100098, 中国
- End: 2007-04-19 15:23:28 at 增光路, 甘家口街道, 海淀区, 北京市, 100835, 中国
- Duration: 0 days 00:13:47
- Distance: 6.58 km
- Average Speed: 20.38 km/h
- Average Bearing Change: 25.17°
- Max Speed: 50.00 km/h
- Min Speed: 0.60 km/h
- Speed Variability: 17.76 km/h
- Average Acceleration: -0.02 m/s²
- Max Acceleration: 0.16 m/s²
- Number of Turns: 5
- Turn Rate: 0.38 turns/min
- Average Turn Angle: 25.17°
- Turn Angle Variability: 31.43°
- Transport Mode: taxi
    "
0.6407601314023297,7.400942469593076,1.4784465768722483,1.8058712894841074,3.733132655675651,0.004523856795975218,0.07304661834833677,0.030835548123221042,12,1.186161449752883,62.98639265018241,55.19151294481635,62.98639265018241,walk_cleaned.geojson,2007-04-19 13:17:01,2007-04-19 13:26:30,569.0,walk,25,2,8.0,2,1,2.78,"
Trip Summary:
- Start: 2007-04-19 13:17:01 at 中关村东路, 知春东里社区, 中关村街道, 海淀区, 北京市, 100098, 中国
- End: 2007-04-19 13:26:30 at 中关村街道, 海淀区, 北京市, 100098, 中国
- Duration: 0 days 00:09:29
- Distance: 0.64 km
- Average Speed: 3.73 km/h
- Average Bearing Change: 62.99°
- Max Speed: 7.40 km/h
- Min Speed: 1.48 km/h
- Speed Variability: 1.81 km/h
- Average Acceleration: 0.00 m/s²
- Max Acceleration: 0.07 m/s²
- Number of Turns: 12
- Turn Rate: 1.19 turns/min
- Average Turn Angle: 62.99°
- Turn Angle Variability: 55.19°
- Transport Mode: walk
    "
1.6752682096396316,10.193313332520212,0.15375208465781634,2.1479732354113525,2.987818180751926,0.004607450556207594,0.9311694766016422,0.11157058031092594,196,6.228813559322035,34.735182712659615,39.78907557855337,34.735182712659615,bus_cleaned.geojson,2008-12-01 05:07:51,2008-12-01 05:39:27,1896.0,bus,542,5,0.9225092250922509,6,4,11.11,"
Trip Summary:
- Start: 2008-12-01 05:07:51 at 中关村南四街, 知春东里社区, 中关村街道, 海淀区, 北京市, 100098, 中国
- End: 2008-12-01 05:39:27 at 中关村南三条, 中关村街道, 海淀区, 北京市, 100190, 中国
- Duration: 0 days 00:31:36
- Distance: 1.68 km
- Average Speed: 2.99 km/h
- Average Bearing Change: 34.74°
- Max Speed: 10.19 km/h
- Min Speed: 0.15 km/h
- Speed Variability: 2.15 km/h
- Average Acceleration: 0.00 m/s²
- Max Acceleration: 0.93 m/s²
- Number of Turns: 196
- Turn Rate: 6.23 turns/min
- Average Turn Angle: 34.74°
- Turn Angle Variability: 39.79°
- Transport Mode: bus
    "
0.1421239034401794,1.3063624147784996,0.09626294240917703,0.2493238165320795,0.4847253790306588,0.0003618519798981514,0.04892063070490217,0.015625326788523162,135,11.671469740634006,46.28543946226337,49.38079698263799,46.28543946226337,walk_cleaned.geojson,2008-12-01 05:51:13,2008-12-01 06:05:59,886.0,walk,297,1,0.33670033670033667,2,0,2.78,"
Trip Summary:
- Start: 2008-12-01 05:51:13 at 中关村南三条, 中关村街道, 海淀区, 北京市, 100190, 中国
- End: 2008-12-01 06:05:59 at 中关村南三条, 中关村街道, 海淀区, 北京市, 100190, 中国
- Duration: 0 days 00:14:46
- Distance: 0.14 km
- Average Speed: 0.48 km/h
- Average Bearing Change: 46.29°
- Max Speed: 1.31 km/h
- Min Speed: 0.10 km/h
- Speed Variability: 0.25 km/h
- Average Acceleration: 0.00 m/s²
- Max Acceleration: 0.05 m/s²
- Number of Turns: 135
- Turn Rate: 11.67 turns/min
- Average Turn Angle: 46.29°
- Turn Angle Variability: 49.38°
- Transport Mode: walk
    "
10.884837822645753,39.996,0.17131463746000664,11.927751054690289,9.943062030489205,0.005879731242896057,1.5436478512461647,0.24245615913738594,206,4.238683127572016,44.44317006565361,52.11784379481712,44.44317006565361,bus_cleaned.geojson,2009-04-03 09:16:08,2009-04-03 10:06:08,3000.0,bus,521,20,3.8387715930902107,28,19,11.11,"
Trip Summary:
- Start: 2009-04-03 09:16:08 at 中华全国总工会, 真武庙路, 月坛街道, 首都功能核心区, 西城区, 北京市, 100032, 中国
- End: 2009-04-03 10:06:08 at 中关村东路, 知春东里社区, 中关村街道, 海淀区, 北京市, 100190, 中国
- Duration: 0 days 00:50:00
- Distance: 10.88 km
- Average Speed: 9.94 km/h
- Average Bearing Change: 44.44°
- Max Speed: 40.00 km/h
- Min Speed: 0.17 km/h
- Speed Variability: 11.93 km/h
- Average Acceleration: 0.01 m/s²
- Max Acceleration: 1.54 m/s²
- Number of Turns: 206
- Turn Rate: 4.24 turns/min
- Average Turn Angle: 44.44°
- Turn Angle Variability: 52.12°
- Transport Mode: bus
    "
0.12287783245677013,8.825929708091465,1.95383369633522,2.394490214325475,6.19632547307848,-0.009558432390625668,0.09350593412931922,0.06461728477343937,5,4.285714285714286,37.61411978316506,44.5009774947583,37.61411978316506,walk_cleaned.geojson,2009-04-03 10:09:43,2009-04-03 10:10:53,70.0,walk,16,1,6.25,1,0,2.78,"
Trip Summary:
- Start: 2009-04-03 10:09:43 at 中关村东路, 知春东里社区, 中关村街道, 海淀区, 北京市, 100190, 中国
- End: 2009-04-03 10:10:53 at 中关村南四街, 知春东里社区, 中关村街道, 海淀区, 北京市, 100098, 中国
- Duration: 0 days 00:01:10
- Distance: 0.12 km
- Average Speed: 6.20 km/h
- Average Bearing Change: 37.61°
- Max Speed: 8.83 km/h
- Min Speed: 1.95 km/h
- Speed Variability: 2.39 km/h
- Average Acceleration: -0.01 m/s²
- Max Acceleration: 0.09 m/s²
- Number of Turns: 5
- Turn Rate: 4.29 turns/min
- Average Turn Angle: 37.61°
- Turn Angle Variability: 44.50°
- Transport Mode: walk
    "
8.244627402617974,39.996,0.4402633841433085,15.133019094779957,20.801425899477877,0.03460121686721837,2.4566773639977053,0.3374835378942127,84,3.6788321167883216,30.860291842800372,42.80324510658434,30.860291842800372,bus_cleaned.geojson,2008-08-31 11:58:26,2008-08-31 12:21:16,1370.0,bus,269,1,0.37174721189591076,55,0,11.11,"
Trip Summary:
- Start: 2008-08-31 11:58:26 at 北三环东路, 和平街街道, 朝阳区, 北京市, 100029, 中国
- End: 2008-08-31 12:21:16 at 知春路, 花园路街道, 中关村街道, 海淀区, 北京市, 100081, 中国
- Duration: 0 days 00:22:50
- Distance: 8.24 km
- Average Speed: 20.80 km/h
- Average Bearing Change: 30.86°
- Max Speed: 40.00 km/h
- Min Speed: 0.44 km/h
- Speed Variability: 15.13 km/h
- Average Acceleration: 0.03 m/s²
- Max Acceleration: 2.46 m/s²
- Number of Turns: 84
- Turn Rate: 3.68 turns/min
- Average Turn Angle: 30.86°
- Turn Angle Variability: 42.80°
- Transport Mode: bus
    "
6.720442358349517,50.004000000000005,0.0,21.029899010265012,16.403090651491432,0.006905053902325104,1.0486451227013964,0.25593149690649863,64,3.316062176165803,42.526562425396634,57.17586919364843,42.526562425396634,taxi_cleaned.geojson,2008-08-31 03:56:41,2008-08-31 04:16:31,1190.0,taxi,184,12,6.521739130434782,29,11,13.89,"
Trip Summary:
- Start: 2008-08-31 03:56:41 at 知春路, 北太平庄街道, 东升镇, 海淀区, 北京市, 100081, 中国
- End: 2008-08-31 04:16:31 at 樱花小街, 和平街街道, 朝阳区, 北京市, 100029, 中国
- Duration: 0 days 00:19:50
- Distance: 6.72 km
- Average Speed: 16.40 km/h
- Average Bearing Change: 42.53°
- Max Speed: 50.00 km/h
- Min Speed: 0.00 km/h
- Speed Variability: 21.03 km/h
- Average Acceleration: 0.01 m/s²
- Max Acceleration: 1.05 m/s²
- Number of Turns: 64
- Turn Rate: 3.32 turns/min
- Average Turn Angle: 42.53°
- Turn Angle Variability: 57.18°
- Transport Mode: taxi
    "
8.369749549681801,6.877705281404212,0.3351525367411466,1.4641776553165406,3.509866135752512,0.003232140124119825,0.4259560554700694,0.058076610027325,106,2.5059101654846336,42.88012411279967,42.69930201573897,42.88012411279967,walk_cleaned.geojson,2008-08-31 11:43:46,2008-08-31 12:26:26,2560.0,walk,236,6,2.5423728813559325,3,5,2.78,"
Trip Summary:
- Start: 2008-08-31 11:43:46 at 中日友好医院国际部, 樱花小街, 和平街街道, 朝阳区, 北京市, 100029, 中国
- End: 2008-08-31 12:26:26 at 知春路, 中关村街道, 海淀区, 北京市, 100098, 中国
- Duration: 0 days 00:42:40
- Distance: 8.37 km
- Average Speed: 3.51 km/h
- Average Bearing Change: 42.88°
- Max Speed: 6.88 km/h
- Min Speed: 0.34 km/h
- Speed Variability: 1.46 km/h
- Average Acceleration: 0.00 m/s²
- Max Acceleration: 0.43 m/s²
- Number of Turns: 106
- Turn Rate: 2.51 turns/min
- Average Turn Angle: 42.88°
- Turn Angle Variability: 42.70°
- Transport Mode: walk
    "
0.6021670466224426,9.150130774196734,0.0,1.9649798932242568,4.955566126020562,0.004159064387065019,0.522522421878957,0.08924440997843683,27,4.080604534005038,30.59745561354226,35.83261680137198,30.59745561354226,walk_cleaned.geojson,2009-09-08 12:07:25,2009-09-08 12:14:12,407.0,walk,84,3,3.571428571428571,1,2,2.78,"
Trip Summary:
- Start: 2009-09-08 12:07:25 at 天通苑南, 立汤路, 天通苑北街道, 东小口镇, 昌平区, 北京市, 102218, 中国
- End: 2009-09-08 12:14:12 at 太平庄中街, 天通苑南街道, 中滩村, 昌平区, 北京市, 102218, 中国
- Duration: 0 days 00:06:47
- Distance: 0.60 km
- Average Speed: 4.96 km/h
- Average Bearing Change: 30.60°
- Max Speed: 9.15 km/h
- Min Speed: 0.00 km/h
- Speed Variability: 1.96 km/h
- Average Acceleration: 0.00 m/s²
- Max Acceleration: 0.52 m/s²
- Number of Turns: 27
- Turn Rate: 4.08 turns/min
- Average Turn Angle: 30.60°
- Turn Angle Variability: 35.83°
- Transport Mode: walk
    "
0.5468316692209347,7.849999734450748,2.689739313934917,1.1778941995379744,5.593630072927965,-0.0021361470874361366,0.12812808547239257,0.044888398436857976,17,2.9142857142857146,26.679269215529423,28.823026979246077,26.679269215529423,walk_cleaned.geojson,2011-12-26 02:55:58,2011-12-26 03:01:48,350.0,walk,60,1,1.6666666666666667,3,0,2.78,"
Trip Summary:
- Start: 2011-12-26 02:55:58 at 通惠寺街, 中关村核心区, 海淀街道, 海淀区, 北京市, 100872, 中国
- End: 2011-12-26 03:01:48 at 中关村地下环廊, 中关村核心区, 海淀街道, 海淀区, 北京市, 100080, 中国
- Duration: 0 days 00:05:50
- Distance: 0.55 km
- Average Speed: 5.59 km/h
- Average Bearing Change: 26.68°
- Max Speed: 7.85 km/h
- Min Speed: 2.69 km/h
- Speed Variability: 1.18 km/h
- Average Acceleration: -0.00 m/s²
- Max Acceleration: 0.13 m/s²
- Number of Turns: 17
- Turn Rate: 2.91 turns/min
- Average Turn Angle: 26.68°
- Turn Angle Variability: 28.82°
- Transport Mode: walk
    "
12.50856762699272,39.996,0.03362222099530256,14.111863936297603,18.57298455805703,0.026076735344486096,3.7014200934131014,0.41490503699459735,125,3.250975292587776,28.81184590214977,41.453808590707766,28.81184590214977,bus_cleaned.geojson,2008-10-30 11:29:35,2008-10-30 12:08:27,2332.0,bus,458,6,1.3100436681222707,40,5,11.11,"
Trip Summary:
- Start: 2008-10-30 11:29:35 at 北门仓胡同, 中汇广场, 北新桥街道, 首都功能核心区, 东城区, 北京市, 100010, 中国
- End: 2008-10-30 12:08:27 at 肯德基, 29, 知春路, 花园路街道, 东升镇, 海淀区, 北京市, 100081, 中国
- Duration: 0 days 00:38:52
- Distance: 12.51 km
- Average Speed: 18.57 km/h
- Average Bearing Change: 28.81°
- Max Speed: 40.00 km/h
- Min Speed: 0.03 km/h
- Speed Variability: 14.11 km/h
- Average Acceleration: 0.03 m/s²
- Max Acceleration: 3.70 m/s²
- Number of Turns: 125
- Turn Rate: 3.25 turns/min
- Average Turn Angle: 28.81°
- Turn Angle Variability: 41.45°
- Transport Mode: bus
    "
0.3739429328490356,10.008,1.6086146431306212,2.436783623809857,6.180585472793415,0.0008471905101453046,0.2006367262655134,0.05337097406793381,11,3.771428571428572,35.21661510710512,39.25062906790398,35.21661510710512,walk_cleaned.geojson,2008-10-30 12:40:07,2008-10-30 12:43:07,180.0,walk,39,3,7.6923076923076925,10,2,2.78,"
Trip Summary:
- Start: 2008-10-30 12:40:07 at 中关村街道, 海淀区, 北京市, 100190, 中国
- End: 2008-10-30 12:43:07 at 世纪科贸大厦C座, 66号, 中关村东路, 知春东里社区, 中关村街道, 海淀区, 北京市, 100190, 中国
- Duration: 0 days 00:03:00
- Distance: 0.37 km
- Average Speed: 6.18 km/h
- Average Bearing Change: 35.22°
- Max Speed: 10.01 km/h
- Min Speed: 1.61 km/h
- Speed Variability: 2.44 km/h
- Average Acceleration: 0.00 m/s²
- Max Acceleration: 0.20 m/s²
- Number of Turns: 11
- Turn Rate: 3.77 turns/min
- Average Turn Angle: 35.22°
- Turn Angle Variability: 39.25°
- Transport Mode: walk
    "
14.6785780187885,50.004000000000005,0.0,18.254554861677516,37.785880961845706,-0.02138535384808056,0.7739704434521955,0.22746687557131692,22,1.0509554140127388,12.546869515627339,31.283602511013736,12.546869515627339,car_cleaned.geojson,2008-12-07 04:24:45,2008-12-07 04:45:51,1266.0,car,245,3,1.2244897959183674,118,2,13.89,"
Trip Summary:
- Start: 2008-12-07 04:24:45 at 十字坡街北口, 东直门外大街, 东直门, 东直门街道, 首都功能核心区, 东城区, 北京市, 100010, 中国
- End: 2008-12-07 04:45:51 at 元大都城垣遗址公园, 北土城西路, 花园路街道, 东升镇, 海淀区, 北京市, 100191, 中国
- Duration: 0 days 00:21:06
- Distance: 14.68 km
- Average Speed: 37.79 km/h
- Average Bearing Change: 12.55°
- Max Speed: 50.00 km/h
- Min Speed: 0.00 km/h
- Speed Variability: 18.25 km/h
- Average Acceleration: -0.02 m/s²
- Max Acceleration: 0.77 m/s²
- Number of Turns: 22
- Turn Rate: 1.05 turns/min
- Average Turn Angle: 12.55°
- Turn Angle Variability: 31.28°
- Transport Mode: car
    "
0.9997762982235167,5.3832751155544845,0.13324005259777674,1.2765651734765522,1.602155035013497,0.0037598755243119083,0.358402228621193,0.05035326391115206,175,4.389632107023411,63.10597037603856,57.53546916398899,63.10597037603856,walk_cleaned.geojson,2008-12-07 03:19:43,2008-12-07 03:59:58,2415.0,walk,302,7,2.3178807947019866,7,6,2.78,"
Trip Summary:
- Start: 2008-12-07 03:19:43 at 东中街, 东直门, 东直门街道, 首都功能核心区, 东城区, 北京市, 100010, 中国
- End: 2008-12-07 03:59:58 at 东中街, 东直门, 东直门街道, 首都功能核心区, 东城区, 北京市, 100010, 中国
- Duration: 0 days 00:40:15
- Distance: 1.00 km
- Average Speed: 1.60 km/h
- Average Bearing Change: 63.11°
- Max Speed: 5.38 km/h
- Min Speed: 0.13 km/h
- Speed Variability: 1.28 km/h
- Average Acceleration: 0.00 m/s²
- Max Acceleration: 0.36 m/s²
- Number of Turns: 175
- Turn Rate: 4.39 turns/min
- Average Turn Angle: 63.11°
- Turn Angle Variability: 57.54°
- Transport Mode: walk
    "
1.5919428630194055,10.008,1.9447093566489653,2.652330776629465,8.03909050399909,0.008114598667179736,0.10794686876869006,0.04758059788885834,9,1.4794520547945207,63.61565507687026,75.21941636604697,63.61565507687026,walk_cleaned.geojson,2009-04-21 22:45:42,2009-04-21 22:53:37,475.0,walk,44,20,45.45454545454545,6,19,2.78,"
Trip Summary:
- Start: 2009-04-21 22:45:42 at 中关村南四街, 中关村街道, 海淀区, 北京市, 100190, 中国
- End: 2009-04-21 22:53:37 at 中国科学院大学（中关村校区）, 中关村南四街, 知春东里社区, 中关村街道, 海淀区, 北京市, 100098, 中国
- Duration: 0 days 00:07:55
- Distance: 1.59 km
- Average Speed: 8.04 km/h
- Average Bearing Change: 63.62°
- Max Speed: 10.01 km/h
- Min Speed: 1.94 km/h
- Speed Variability: 2.65 km/h
- Average Acceleration: 0.01 m/s²
- Max Acceleration: 0.11 m/s²
- Number of Turns: 9
- Turn Rate: 1.48 turns/min
- Average Turn Angle: 63.62°
- Turn Angle Variability: 75.22°
- Transport Mode: walk
    "
1.8440488479884303,36.44161144105491,2.3653901535874673,9.485843332545588,22.556976240674523,0.004699600778907182,1.5830425481777557,0.40298133770000594,7,1.4189189189189189,9.219904146355002,15.256633044873944,9.219904146355002,car_cleaned.geojson,2009-01-02 09:20:06,2009-01-02 09:25:02,296.0,car,145,1,0.6896551724137931,3,0,13.89,"
Trip Summary:
- Start: 2009-01-02 09:20:06 at 来广营乡, 昌平区, 北京市, 102218, 中国
- End: 2009-01-02 09:25:02 at 安立路, 奥运村街道, 来广营乡, 朝阳区, 北京市, 102218, 中国
- Duration: 0 days 00:04:56
- Distance: 1.84 km
- Average Speed: 22.56 km/h
- Average Bearing Change: 9.22°
- Max Speed: 36.44 km/h
- Min Speed: 2.37 km/h
- Speed Variability: 9.49 km/h
- Average Acceleration: 0.00 m/s²
- Max Acceleration: 1.58 m/s²
- Number of Turns: 7
- Turn Rate: 1.42 turns/min
- Average Turn Angle: 9.22°
- Turn Angle Variability: 15.26°
- Transport Mode: car
    "
1.306264261861021,10.008,1.5886578455022464,1.5919322218543688,5.140697280117372,0.0010935684028973477,0.44550449343043563,0.09805085632757735,78,6.125654450261781,24.35130401046907,29.70222334311689,24.35130401046907,walk_cleaned.geojson,2009-01-02 11:20:25,2009-01-02 11:33:27,782.0,walk,340,10,2.941176470588235,11,9,2.78,"
Trip Summary:
- Start: 2009-01-02 11:20:25 at 中关村街道, 海淀区, 北京市, 100098, 中国
- End: 2009-01-02 11:33:27 at 中关村街道, 海淀区, 北京市, 100098, 中国
- Duration: 0 days 00:13:02
- Distance: 1.31 km
- Average Speed: 5.14 km/h
- Average Bearing Change: 24.35°
- Max Speed: 10.01 km/h
- Min Speed: 1.59 km/h
- Speed Variability: 1.59 km/h
- Average Acceleration: 0.00 m/s²
- Max Acceleration: 0.45 m/s²
- Number of Turns: 78
- Turn Rate: 6.13 turns/min
- Average Turn Angle: 24.35°
- Turn Angle Variability: 29.70°
- Transport Mode: walk
    "
2.131252345085114,24.984,3.465397507271876,6.333852200328351,20.06310588734666,0.0061744052985248194,0.86900093808159,0.28112397121362714,5,0.9090909090909091,7.231395413334133,8.896824782581493,7.231395413334133,motorcycle_cleaned.geojson,2008-08-09 11:12:15,2008-08-09 11:17:47,332.0,motorcycle,154,2,1.2987012987012987,79,1,6.94,"
Trip Summary:
- Start: 2008-08-09 11:12:15 at 西山街道, 北戴河区, 秦皇岛市, 河北省, 中国
- End: 2008-08-09 11:17:47 at 东山街道, 北戴河区, 秦皇岛市, 河北省, 中国
- Duration: 0 days 00:05:32
- Distance: 2.13 km
- Average Speed: 20.06 km/h
- Average Bearing Change: 7.23°
- Max Speed: 24.98 km/h
- Min Speed: 3.47 km/h
- Speed Variability: 6.33 km/h
- Average Acceleration: 0.01 m/s²
- Max Acceleration: 0.87 m/s²
- Number of Turns: 5
- Turn Rate: 0.91 turns/min
- Average Turn Angle: 7.23°
- Turn Angle Variability: 8.90°
- Transport Mode: motorcycle
    "
9.599914430017169,50.004000000000005,0.0,16.84101397303769,39.48601189313664,-0.017702863705027556,1.0234174321229657,0.3084717139934294,19,1.716867469879518,8.710355465893967,23.808586773957373,8.710355465893967,taxi_cleaned.geojson,2008-08-09 10:49:31,2008-08-09 11:00:59,688.0,taxi,308,13,4.220779220779221,157,12,13.89,"
Trip Summary:
- Start: 2008-08-09 10:49:31 at 戴河镇, 北戴河区, 秦皇岛市, 河北省, 中国
- End: 2008-08-09 11:00:59 at 联峰路, 西山街道, 北戴河区, 秦皇岛市, 河北省, 中国
- Duration: 0 days 00:11:28
- Distance: 9.60 km
- Average Speed: 39.49 km/h
- Average Bearing Change: 8.71°
- Max Speed: 50.00 km/h
- Min Speed: 0.00 km/h
- Speed Variability: 16.84 km/h
- Average Acceleration: -0.02 m/s²
- Max Acceleration: 1.02 m/s²
- Number of Turns: 19
- Turn Rate: 1.72 turns/min
- Average Turn Angle: 8.71°
- Turn Angle Variability: 23.81°
- Transport Mode: taxi
    "
0.43146351088429596,8.212452555006058,0.0,1.81238028300474,2.502695116375509,0.00029729133009706533,0.5654037244904556,0.10326329531880107,91,9.927272727272728,43.63469929440025,47.750262911679975,43.63469929440025,walk_cleaned.geojson,2008-08-09 11:42:27,2008-08-09 11:51:47,560.0,walk,214,5,2.336448598130841,4,4,2.78,"
Trip Summary:
- Start: 2008-08-09 11:42:27 at 东山街道, 北戴河区, 秦皇岛市, 河北省, 中国
- End: 2008-08-09 11:51:47 at 海滨镇, 北戴河区, 秦皇岛市, 河北省, 中国
- Duration: 0 days 00:09:20
- Distance: 0.43 km
- Average Speed: 2.50 km/h
- Average Bearing Change: 43.63°
- Max Speed: 8.21 km/h
- Min Speed: 0.00 km/h
- Speed Variability: 1.81 km/h
- Average Acceleration: 0.00 m/s²
- Max Acceleration: 0.57 m/s²
- Number of Turns: 91
- Turn Rate: 9.93 turns/min
- Average Turn Angle: 43.63°
- Turn Angle Variability: 47.75°
- Transport Mode: walk
    "
5.568667341250289,20.986647543353754,7.748829417514835,2.2653704221242656,13.548482299101858,-0.005992682542792744,2.2754883601784686,0.3015496773199513,80,3.2854209445585214,11.265271229315415,12.595976489737899,11.265271229315415,bike_cleaned.geojson,2008-06-01 13:07:24,2008-06-01 13:32:05,1481.0,bike,1309,20,1.5278838808250574,30,19,6.94,"
Trip Summary:
- Start: 2008-06-01 13:07:24 at 北太平庄街道, 东升镇, 海淀区, 北京市, 100081, 中国
- End: 2008-06-01 13:32:05 at 清华大学, 30, 双清路, 东升镇, 海淀区, 北京市, 100084, 中国
- Duration: 0 days 00:24:41
- Distance: 5.57 km
- Average Speed: 13.55 km/h
- Average Bearing Change: 11.27°
- Max Speed: 20.99 km/h
- Min Speed: 7.75 km/h
- Speed Variability: 2.27 km/h
- Average Acceleration: -0.01 m/s²
- Max Acceleration: 2.28 m/s²
- Number of Turns: 80
- Turn Rate: 3.29 turns/min
- Average Turn Angle: 11.27°
- Turn Angle Variability: 12.60°
- Transport Mode: bike
    "
7.090977246430146,39.996,0.184540531812047,13.353923059145345,15.978531401903355,0.0005888523691323368,5.335276782540461,0.42631930318523137,187,6.396807297605473,16.78520604932667,26.517131171680486,16.78520604932667,bus_cleaned.geojson,2008-06-01 12:30:45,2008-06-01 13:00:19,1774.0,bus,1300,21,1.6153846153846154,91,20,11.11,"
Trip Summary:
- Start: 2008-06-01 12:30:45 at 化学学院, 15号, 北三环东路, 和平街街道, 朝阳区, 北京市, 100029, 中国
- End: 2008-06-01 13:00:19 at 西土城路, 花园路街道, 东升镇, 海淀区, 北京市, 100088, 中国
- Duration: 0 days 00:29:34
- Distance: 7.09 km
- Average Speed: 15.98 km/h
- Average Bearing Change: 16.79°
- Max Speed: 40.00 km/h
- Min Speed: 0.18 km/h
- Speed Variability: 13.35 km/h
- Average Acceleration: 0.00 m/s²
- Max Acceleration: 5.34 m/s²
- Number of Turns: 187
- Turn Rate: 6.40 turns/min
- Average Turn Angle: 16.79°
- Turn Angle Variability: 26.52°
- Transport Mode: bus
    "
8.197592226126915,10.008,0.0,2.3610636917016214,5.297483015294505,0.009053115991306687,1.9796918029958286,0.2685918083857377,248,4.5940104970669955,26.200026632215856,30.60937062945116,26.200026632215856,walk_cleaned.geojson,2008-06-01 12:12:54,2008-06-01 13:07:16,3262.0,walk,911,28,3.0735455543358947,106,27,2.78,"
Trip Summary:
- Start: 2008-06-01 12:12:54 at 北京中医药大学（西校区）, 11号, 北三环东路, 和平街街道, 朝阳区, 北京市, 100029, 中国
- End: 2008-06-01 13:07:16 at 知春路, 知春东里社区, 北太平庄街道, 中关村街道, 海淀区, 北京市, 100081, 中国
- Duration: 0 days 00:54:22
- Distance: 8.20 km
- Average Speed: 5.30 km/h
- Average Bearing Change: 26.20°
- Max Speed: 10.01 km/h
- Min Speed: 0.00 km/h
- Speed Variability: 2.36 km/h
- Average Acceleration: 0.01 m/s²
- Max Acceleration: 1.98 m/s²
- Number of Turns: 248
- Turn Rate: 4.59 turns/min
- Average Turn Angle: 26.20°
- Turn Angle Variability: 30.61°
- Transport Mode: walk
    "
7.190635819874839,38.69908585121543,0.1681115723062405,12.551237193649195,16.556130945480344,0.018920459728405517,2.999659827042605,0.29184749679053057,78,2.978994271164863,28.05221781163517,42.33183522229657,28.05221781163517,bus_cleaned.geojson,2009-04-21 11:09:49,2009-04-21 11:36:09,1580.0,bus,303,4,1.3201320132013201,5,3,11.11,"
Trip Summary:
- Start: 2009-04-21 11:09:49 at 西直门外南路, 展览路街道, 首都功能核心区, 西城区, 北京市, 100032, 中国
- End: 2009-04-21 11:36:09 at 白塔庵北, 中关村东路, 知春东里社区, 中关村街道, 海淀区, 北京市, 100190, 中国
- Duration: 0 days 00:26:20
- Distance: 7.19 km
- Average Speed: 16.56 km/h
- Average Bearing Change: 28.05°
- Max Speed: 38.70 km/h
- Min Speed: 0.17 km/h
- Speed Variability: 12.55 km/h
- Average Acceleration: 0.02 m/s²
- Max Acceleration: 3.00 m/s²
- Number of Turns: 78
- Turn Rate: 2.98 turns/min
- Average Turn Angle: 28.05°
- Turn Angle Variability: 42.33°
- Transport Mode: bus
    "
0.30909933283577046,8.59363034277993,0.5729332424773733,2.0185257308860605,2.794864256987462,0.0010351946330853542,0.16054516322452775,0.05548068200774409,37,5.92,52.26857003185304,46.04007223516203,52.26857003185304,walk_cleaned.geojson,2009-04-21 10:25:15,2009-04-21 10:31:35,380.0,walk,69,2,2.898550724637681,1,1,2.78,"
Trip Summary:
- Start: 2009-04-21 10:25:15 at 西便门外大街, 月坛街道, 首都功能核心区, 西城区, 北京市, 100032, 中国
- End: 2009-04-21 10:31:35 at 国家广播电视总局, 西便门外大街, 月坛街道, 首都功能核心区, 西城区, 北京市, 100032, 中国
- Duration: 0 days 00:06:20
- Distance: 0.31 km
- Average Speed: 2.79 km/h
- Average Bearing Change: 52.27°
- Max Speed: 8.59 km/h
- Min Speed: 0.57 km/h
- Speed Variability: 2.02 km/h
- Average Acceleration: 0.00 m/s²
- Max Acceleration: 0.16 m/s²
- Number of Turns: 37
- Turn Rate: 5.92 turns/min
- Average Turn Angle: 52.27°
- Turn Angle Variability: 46.04°
- Transport Mode: walk
    "
8.800468960939288,39.996,0.0,10.615009710085188,11.991219337057908,0.006464603188153614,3.125809519051873,0.28416674982910173,133,4.010050251256282,39.86059461109064,47.66343832235084,39.86059461109064,bus_cleaned.geojson,2008-10-25 00:18:43,2008-10-25 00:52:45,2042.0,bus,357,12,3.361344537815126,14,11,11.11,"
Trip Summary:
- Start: 2008-10-25 00:18:43 at 北四环东路, 小关街道, 朝阳区, 北京市, 100012, 中国
- End: 2008-10-25 00:52:45 at 66, 工人体育场北路, 东直门街道, 首都功能核心区, 东城区, 北京市, 100010, 中国
- Duration: 0 days 00:34:02
- Distance: 8.80 km
- Average Speed: 11.99 km/h
- Average Bearing Change: 39.86°
- Max Speed: 40.00 km/h
- Min Speed: 0.00 km/h
- Speed Variability: 10.62 km/h
- Average Acceleration: 0.01 m/s²
- Max Acceleration: 3.13 m/s²
- Number of Turns: 133
- Turn Rate: 4.01 turns/min
- Average Turn Angle: 39.86°
- Turn Angle Variability: 47.66°
- Transport Mode: bus
    "
0.8543696111396208,10.008,0.7885254480675851,1.4401568044420217,5.263612944105207,-0.004895588770431938,0.15439325986244248,0.057681836351605106,31,3.875,36.51468108197532,35.07251307907804,36.51468108197532,walk_cleaned.geojson,2008-10-25 00:53:15,2008-10-25 01:01:35,500.0,walk,85,5,5.88235294117647,5,4,2.78,"
Trip Summary:
- Start: 2008-10-25 00:53:15 at 工人体育场北路, 东直门街道, 首都功能核心区, 东城区, 北京市, 100010, 中国
- End: 2008-10-25 01:01:35 at 东直门, 东直门街道, 首都功能核心区, 东城区, 北京市, 100010, 中国
- Duration: 0 days 00:08:20
- Distance: 0.85 km
- Average Speed: 5.26 km/h
- Average Bearing Change: 36.51°
- Max Speed: 10.01 km/h
- Min Speed: 0.79 km/h
- Speed Variability: 1.44 km/h
- Average Acceleration: -0.00 m/s²
- Max Acceleration: 0.15 m/s²
- Number of Turns: 31
- Turn Rate: 3.88 turns/min
- Average Turn Angle: 36.51°
- Turn Angle Variability: 35.07°
- Transport Mode: walk
    "
10.6442403143813,39.996,0.0768820778435754,14.252712225589567,13.30706539993591,-0.007759879333267322,3.9755768850008897,0.42838005904792426,131,2.7367688022284122,28.636650187946703,40.95862878831933,28.636650187946703,bus_cleaned.geojson,2008-08-03 09:58:13,2008-08-03 10:47:27,2954.0,bus,512,35,6.8359375,67,34,11.11,"
Trip Summary:
- Start: 2008-08-03 09:58:13 at 安立路, 天创世缘, 亚运村街道, 朝阳区, 北京市, 100012, 中国
- End: 2008-08-03 10:47:27 at 知春路, 花园路街道, 中关村街道, 海淀区, 北京市, 100081, 中国
- Duration: 0 days 00:49:14
- Distance: 10.64 km
- Average Speed: 13.31 km/h
- Average Bearing Change: 28.64°
- Max Speed: 40.00 km/h
- Min Speed: 0.08 km/h
- Speed Variability: 14.25 km/h
- Average Acceleration: -0.01 m/s²
- Max Acceleration: 3.98 m/s²
- Number of Turns: 131
- Turn Rate: 2.74 turns/min
- Average Turn Angle: 28.64°
- Turn Angle Variability: 40.96°
- Transport Mode: bus
    "
0.21799066825345229,0.6466328983941663,0.18911541332423812,0.2641478431640836,0.4178741558592022,-0.010590682524766856,0.021181365049533708,0.03668720043945605,1,3.0,29.915577993931027,35.7901788562742,29.915577993931027,walk_cleaned.geojson,2008-08-03 09:35:17,2008-08-03 09:35:49,32.0,walk,16,11,68.75,2,10,2.78,"
Trip Summary:
- Start: 2008-08-03 09:35:17 at 北四环东路, 望京街道, 朝阳区, 北京市, 101102, 中国
- End: 2008-08-03 09:35:49 at 中国石化, 北四环东路, 望京街道, 朝阳区, 北京市, 101102, 中国
- Duration: 0 days 00:00:32
- Distance: 0.22 km
- Average Speed: 0.42 km/h
- Average Bearing Change: 29.92°
- Max Speed: 0.65 km/h
- Min Speed: 0.19 km/h
- Speed Variability: 0.26 km/h
- Average Acceleration: -0.01 m/s²
- Max Acceleration: 0.02 m/s²
- Number of Turns: 1
- Turn Rate: 3.00 turns/min
- Average Turn Angle: 29.92°
- Turn Angle Variability: 35.79°
- Transport Mode: walk
    "
1.3885591960457,39.18414647766521,0.1998614813484016,10.482351646011656,9.433868245320406,0.029633388407042414,2.256477981707331,0.29800325531880106,60,7.929515418502203,34.4012448041351,48.37637939969286,34.4012448041351,bus_cleaned.geojson,2008-05-28 10:17:28,2008-05-28 10:25:06,458.0,bus,213,3,1.4084507042253522,3,2,11.11,"
Trip Summary:
- Start: 2008-05-28 10:17:28 at 中国邮政, 知春路, 中关村, 中关村街道, 海淀区, 北京市, 100086, 中国
- End: 2008-05-28 10:25:06 at 中关村东路, 知春东里社区, 中关村街道, 海淀区, 北京市, 100098, 中国
- Duration: 0 days 00:07:38
- Distance: 1.39 km
- Average Speed: 9.43 km/h
- Average Bearing Change: 34.40°
- Max Speed: 39.18 km/h
- Min Speed: 0.20 km/h
- Speed Variability: 10.48 km/h
- Average Acceleration: 0.03 m/s²
- Max Acceleration: 2.26 m/s²
- Number of Turns: 60
- Turn Rate: 7.93 turns/min
- Average Turn Angle: 34.40°
- Turn Angle Variability: 48.38°
- Transport Mode: bus
    "
0.7121300459363271,10.008,0.9225555151392196,3.686373788046266,5.019031443375594,-0.023890402929555757,1.1136965562927117,0.22144663420264254,23,9.2,38.63255410151746,41.11877696289329,38.63255410151746,walk_cleaned.geojson,2008-05-28 10:25:12,2008-05-28 10:28:20,188.0,walk,71,20,28.169014084507044,12,19,2.78,"
Trip Summary:
- Start: 2008-05-28 10:25:12 at 中关村东路, 知春东里社区, 中关村街道, 海淀区, 北京市, 100098, 中国
- End: 2008-05-28 10:28:20 at 中关村东路, 知春东里社区, 中关村街道, 海淀区, 北京市, 100190, 中国
- Duration: 0 days 00:03:08
- Distance: 0.71 km
- Average Speed: 5.02 km/h
- Average Bearing Change: 38.63°
- Max Speed: 10.01 km/h
- Min Speed: 0.92 km/h
- Speed Variability: 3.69 km/h
- Average Acceleration: -0.02 m/s²
- Max Acceleration: 1.11 m/s²
- Number of Turns: 23
- Turn Rate: 9.20 turns/min
- Average Turn Angle: 38.63°
- Turn Angle Variability: 41.12°
- Transport Mode: walk
    "
0.8478533569214162,31.23086991004434,0.726089287251308,10.143429852224198,16.054802547205245,0.01768932155286062,2.9675303742600363,0.4980843421955502,18,5.0,21.519608930376375,35.46908932235357,21.519608930376375,bus_cleaned.geojson,2008-05-02 22:27:33,2008-05-02 22:30:57,204.0,bus,93,1,1.0752688172043012,1,0,11.11,"
Trip Summary:
- Start: 2008-05-02 22:27:33 at 车站路, 桥东街道, 双桥区, 承德市, 河北省, 067000, 中国
- End: 2008-05-02 22:30:57 at 车站路, 桥东街道, 双桥区, 承德市, 河北省, 067000, 中国
- Duration: 0 days 00:03:24
- Distance: 0.85 km
- Average Speed: 16.05 km/h
- Average Bearing Change: 21.52°
- Max Speed: 31.23 km/h
- Min Speed: 0.73 km/h
- Speed Variability: 10.14 km/h
- Average Acceleration: 0.02 m/s²
- Max Acceleration: 2.97 m/s²
- Number of Turns: 18
- Turn Rate: 5.00 turns/min
- Average Turn Angle: 21.52°
- Turn Angle Variability: 35.47°
- Transport Mode: bus
    "
9.921362167658096,50.004000000000005,0.0,19.66004296382472,22.351123866318776,-0.012175307937867462,2.756024345684106,0.6030694727679496,201,5.908868201861833,23.627737910317094,43.15144332889161,23.627737910317094,taxi_cleaned.geojson,2008-05-03 08:11:36,2008-05-03 08:46:07,2071.0,taxi,971,26,2.677651905252317,159,25,13.89,"
Trip Summary:
- Start: 2008-05-03 08:11:36 at 惠新东街, 小关街道, 朝阳区, 北京市, 100029, 中国
- End: 2008-05-03 08:46:07 at 中关村街道, 海淀区, 北京市, 100098, 中国
- Duration: 0 days 00:34:31
- Distance: 9.92 km
- Average Speed: 22.35 km/h
- Average Bearing Change: 23.63°
- Max Speed: 50.00 km/h
- Min Speed: 0.00 km/h
- Speed Variability: 19.66 km/h
- Average Acceleration: -0.01 m/s²
- Max Acceleration: 2.76 m/s²
- Number of Turns: 201
- Turn Rate: 5.91 turns/min
- Average Turn Angle: 23.63°
- Turn Angle Variability: 43.15°
- Transport Mode: taxi
    "
0.6328049142859251,9.362324278846879,0.10706936669003049,1.2647471246532354,4.470688611260983,-0.0031159652331213252,0.38888496007959666,0.09951765215052771,75,9.036144578313252,26.96934094533524,22.153740064197894,26.96934094533524,train_cleaned.geojson,2008-05-03 07:01:59,2008-05-03 07:10:13,494.0,train,222,2,0.9009009009009009,1,1,6.94,"
Trip Summary:
- Start: 2008-05-03 07:01:59 at 北土城东路, 小关街道, 太阳宫乡, 朝阳区, 北京市, 100000, 中国
- End: 2008-05-03 07:10:13 at 惠新东街, 小关街道, 朝阳区, 北京市, 100029, 中国
- Duration: 0 days 00:08:14
- Distance: 0.63 km
- Average Speed: 4.47 km/h
- Average Bearing Change: 26.97°
- Max Speed: 9.36 km/h
- Min Speed: 0.11 km/h
- Speed Variability: 1.26 km/h
- Average Acceleration: -0.00 m/s²
- Max Acceleration: 0.39 m/s²
- Number of Turns: 75
- Turn Rate: 9.04 turns/min
- Average Turn Angle: 26.97°
- Turn Angle Variability: 22.15°
- Transport Mode: train
    "
0.03542399325996014,2.736910835082033,0.5043328350175971,0.7631476697411664,1.986880596542251,-0.015559173208317048,0.07669267084241961,0.03568195906440922,1,1.6666666666666667,10.475379975303467,11.541310576214869,10.475379975303467,walk_cleaned.geojson,2008-05-03 08:46:16,2008-05-03 08:46:52,36.0,walk,17,1,5.88235294117647,1,0,2.78,"
Trip Summary:
- Start: 2008-05-03 08:46:16 at 中关村街道, 海淀区, 北京市, 100098, 中国
- End: 2008-05-03 08:46:52 at 希格玛大厦, 知春路, 中关村街道, 海淀区, 北京市, 100098, 中国
- Duration: 0 days 00:00:36
- Distance: 0.04 km
- Average Speed: 1.99 km/h
- Average Bearing Change: 10.48°
- Max Speed: 2.74 km/h
- Min Speed: 0.50 km/h
- Speed Variability: 0.76 km/h
- Average Acceleration: -0.02 m/s²
- Max Acceleration: 0.08 m/s²
- Number of Turns: 1
- Turn Rate: 1.67 turns/min
- Average Turn Angle: 10.48°
- Turn Angle Variability: 11.54°
- Transport Mode: walk
    "
20.502919210512225,24.984,0.0,8.951732772579344,8.04878591841591,0.05262716426820659,2.1395567379374527,0.3508644706248617,28,1.583411875589067,51.30572087310071,50.96551624359433,51.30572087310071,subway_cleaned.geojson,2009-06-27 01:59:20,2009-06-27 02:28:10,1730.0,subway,220,160,72.72727272727273,0,159,6.94,"
Trip Summary:
- Start: 2009-06-27 01:59:20 at 五道口北巷, 五道口, 学院路街道, 东升镇, 海淀区, 北京市, 100190, 中国
- End: 2009-06-27 02:28:10 at 立水桥, 立汤路, 来广营乡, 朝阳区, 北京市, 102218, 中国
- Duration: 0 days 00:28:50
- Distance: 20.50 km
- Average Speed: 8.05 km/h
- Average Bearing Change: 51.31°
- Max Speed: 24.98 km/h
- Min Speed: 0.00 km/h
- Speed Variability: 8.95 km/h
- Average Acceleration: 0.05 m/s²
- Max Acceleration: 2.14 m/s²
- Number of Turns: 28
- Turn Rate: 1.58 turns/min
- Average Turn Angle: 51.31°
- Turn Angle Variability: 50.97°
- Transport Mode: subway
    "
12.794790549328486,7.295989141879889,0.9957114321860409,1.2483936343859885,4.56562024928033,0.00014674166345568537,0.19593073140882605,0.047740616699571636,56,0.9613733905579399,30.605494274894003,35.3758551066231,30.605494274894003,walk_cleaned.geojson,2009-06-27 01:42:35,2009-06-27 02:41:05,3510.0,walk,184,4,2.1739130434782608,1,3,2.78,"
Trip Summary:
- Start: 2009-06-27 01:42:35 at 中关村南三条, 中关村街道, 海淀区, 北京市, 100190, 中国
- End: 2009-06-27 02:41:05 at 太平庄中街, 天通苑南街道, 中滩村, 昌平区, 北京市, 102218, 中国
- Duration: 0 days 00:58:30
- Distance: 12.79 km
- Average Speed: 4.57 km/h
- Average Bearing Change: 30.61°
- Max Speed: 7.30 km/h
- Min Speed: 1.00 km/h
- Speed Variability: 1.25 km/h
- Average Acceleration: 0.00 m/s²
- Max Acceleration: 0.20 m/s²
- Number of Turns: 56
- Turn Rate: 0.96 turns/min
- Average Turn Angle: 30.61°
- Turn Angle Variability: 35.38°
- Transport Mode: walk
    "
8.691987410051452,37.94980384062637,0.23983194390994195,11.15692311405713,12.23515916535514,0.007819497873377141,1.392029447094716,0.2179970680350576,151,3.775,36.56624660230187,45.672175298610505,36.56624660230187,bus_cleaned.geojson,2008-10-19 08:47:59,2008-10-19 09:28:19,2420.0,bus,426,5,1.1737089201877933,10,4,11.11,"
Trip Summary:
- Start: 2008-10-19 08:47:59 at 惠丰饺子楼, 199, 西四北大街, 新街口街道, 首都功能核心区, 西城区, 北京市, 100032, 中国
- End: 2008-10-19 09:28:19 at 知春路, 知春东里社区, 北太平庄街道, 中关村街道, 海淀区, 北京市, 100081, 中国
- Duration: 0 days 00:40:20
- Distance: 8.69 km
- Average Speed: 12.24 km/h
- Average Bearing Change: 36.57°
- Max Speed: 37.95 km/h
- Min Speed: 0.24 km/h
- Speed Variability: 11.16 km/h
- Average Acceleration: 0.01 m/s²
- Max Acceleration: 1.39 m/s²
- Number of Turns: 151
- Turn Rate: 3.77 turns/min
- Average Turn Angle: 36.57°
- Turn Angle Variability: 45.67°
- Transport Mode: bus
    "
1.4373397286567229,10.008,0.8153188915339579,2.7586470300941053,5.0955027680187905,-0.006002197399253208,0.3957306622586671,0.09961108408715522,57,4.590604026845638,45.722816827097965,50.0503453252796,45.722816827097965,walk_cleaned.geojson,2008-10-19 12:23:34,2008-10-19 12:36:24,770.0,walk,146,6,4.10958904109589,19,5,2.78,"
Trip Summary:
- Start: 2008-10-19 12:23:34 at 中关村街道, 海淀区, 北京市, 100190, 中国
- End: 2008-10-19 12:36:24 at 中关村东路, 知春东里社区, 中关村街道, 海淀区, 北京市, 100190, 中国
- Duration: 0 days 00:12:50
- Distance: 1.44 km
- Average Speed: 5.10 km/h
- Average Bearing Change: 45.72°
- Max Speed: 10.01 km/h
- Min Speed: 0.82 km/h
- Speed Variability: 2.76 km/h
- Average Acceleration: -0.01 m/s²
- Max Acceleration: 0.40 m/s²
- Number of Turns: 57
- Turn Rate: 4.59 turns/min
- Average Turn Angle: 45.72°
- Turn Angle Variability: 50.05°
- Transport Mode: walk
    "
1.8338298832067972,39.996,1.4009304373173186,14.61560650016685,17.62252144199659,-0.008544432061580244,0.9047676404709095,0.3037114962794626,18,3.375,34.16468264874615,46.26359716656343,34.16468264874615,bus_cleaned.geojson,2011-10-21 14:36:18,2011-10-21 14:41:38,320.0,bus,63,4,6.349206349206349,10,3,11.11,"
Trip Summary:
- Start: 2011-10-21 14:36:18 at 知春路, 中关村, 中关村街道, 海淀区, 北京市, 100086, 中国
- End: 2011-10-21 14:41:38 at 知春路, 中关村街道, 海淀区, 北京市, 100098, 中国
- Duration: 0 days 00:05:20
- Distance: 1.83 km
- Average Speed: 17.62 km/h
- Average Bearing Change: 34.16°
- Max Speed: 40.00 km/h
- Min Speed: 1.40 km/h
- Speed Variability: 14.62 km/h
- Average Acceleration: -0.01 m/s²
- Max Acceleration: 0.90 m/s²
- Number of Turns: 18
- Turn Rate: 3.38 turns/min
- Average Turn Angle: 34.16°
- Turn Angle Variability: 46.26°
- Transport Mode: bus
    "
0.5255413349369384,6.956433575640415,1.5102191576930497,1.2467666080280608,5.457381102639158,-0.0033906556276022508,0.17928016628450943,0.0776345580147814,14,2.4347826086956523,25.12078886453519,31.864700099654815,25.12078886453519,walk_cleaned.geojson,2011-10-21 14:41:53,2011-10-21 14:47:38,345.0,walk,69,1,1.4492753623188406,5,0,2.78,"
Trip Summary:
- Start: 2011-10-21 14:41:53 at 白塔庵东, 知春路, 知春东里社区, 中关村街道, 海淀区, 北京市, 100081, 中国
- End: 2011-10-21 14:47:38 at 星规路, 知春东里社区, 中关村街道, 海淀区, 北京市, 100098, 中国
- Duration: 0 days 00:05:45
- Distance: 0.53 km
- Average Speed: 5.46 km/h
- Average Bearing Change: 25.12°
- Max Speed: 6.96 km/h
- Min Speed: 1.51 km/h
- Speed Variability: 1.25 km/h
- Average Acceleration: -0.00 m/s²
- Max Acceleration: 0.18 m/s²
- Number of Turns: 14
- Turn Rate: 2.43 turns/min
- Average Turn Angle: 25.12°
- Turn Angle Variability: 31.86°
- Transport Mode: walk
    "
3.740713418265598,24.510927453288538,10.166608405959105,2.464367934471952,16.77934309369199,-0.004507422170331188,0.7982743729568313,0.13649740794635415,12,0.9399477806788511,8.657993200667685,8.788637756390193,8.657993200667685,bike_cleaned.geojson,2008-05-04 16:33:43,2008-05-04 16:46:43,780.0,bike,353,9,2.5495750708215295,8,8,6.94,"
Trip Summary:
- Start: 2008-05-04 16:33:43 at 中关村海关辑私分局, 中关村东路, 知春东里社区, 中关村街道, 海淀区, 北京市, 100190, 中国
- End: 2008-05-04 16:46:43 at 清华大学, 30, 双清路, 东升镇, 海淀区, 北京市, 100084, 中国
- Duration: 0 days 00:13:00
- Distance: 3.74 km
- Average Speed: 16.78 km/h
- Average Bearing Change: 8.66°
- Max Speed: 24.51 km/h
- Min Speed: 10.17 km/h
- Speed Variability: 2.46 km/h
- Average Acceleration: -0.00 m/s²
- Max Acceleration: 0.80 m/s²
- Number of Turns: 12
- Turn Rate: 0.94 turns/min
- Average Turn Angle: 8.66°
- Turn Angle Variability: 8.79°
- Transport Mode: bike
    "
8.766751151727485,39.996,0.0,14.510614657905595,27.29070322231599,0.003591189824071267,2.2237946977137737,0.4442347667682705,70,3.012912482065997,11.717001799804958,27.037171216711727,11.717001799804958,bus_cleaned.geojson,2008-05-04 13:42:06,2008-05-04 14:05:28,1402.0,bus,791,9,1.1378002528445006,278,8,11.11,"
Trip Summary:
- Start: 2008-05-04 13:42:06 at 北京化工大学, 15号, 北三环东路, 和平街街道, 朝阳区, 北京市, 100029, 中国
- End: 2008-05-04 14:05:28 at 知春路, 知春东里社区, 中关村街道, 海淀区, 北京市, 100098, 中国
- Duration: 0 days 00:23:22
- Distance: 8.77 km
- Average Speed: 27.29 km/h
- Average Bearing Change: 11.72°
- Max Speed: 40.00 km/h
- Min Speed: 0.00 km/h
- Speed Variability: 14.51 km/h
- Average Acceleration: 0.00 m/s²
- Max Acceleration: 2.22 m/s²
- Number of Turns: 70
- Turn Rate: 3.01 turns/min
- Average Turn Angle: 11.72°
- Turn Angle Variability: 27.04°
- Transport Mode: bus
    "
9.816129650678802,10.008,0.2521730078347568,2.052097801092526,3.6810883821616707,0.001511381147343392,0.9811012462808271,0.10921860882472108,244,4.0882435074001675,30.685199719203666,33.05186020890723,30.685199719203666,walk_cleaned.geojson,2008-05-04 13:10:35,2008-05-04 14:10:52,3617.0,walk,746,17,2.278820375335121,16,16,2.78,"
Trip Summary:
- Start: 2008-05-04 13:10:35 at 北京中医药大学（西校区）, 11号, 北三环东路, 和平街街道, 朝阳区, 北京市, 100029, 中国
- End: 2008-05-04 14:10:52 at 中关村街道, 海淀区, 北京市, 100098, 中国
- Duration: 0 days 01:00:17
- Distance: 9.82 km
- Average Speed: 3.68 km/h
- Average Bearing Change: 30.69°
- Max Speed: 10.01 km/h
- Min Speed: 0.25 km/h
- Speed Variability: 2.05 km/h
- Average Acceleration: 0.00 m/s²
- Max Acceleration: 0.98 m/s²
- Number of Turns: 244
- Turn Rate: 4.09 turns/min
- Average Turn Angle: 30.69°
- Turn Angle Variability: 33.05°
- Transport Mode: walk
    "
1.1746721951050032,24.984,5.7290980577073,7.9520301760136505,20.185898233967837,-0.1337145968214771,0.0,0.23524152201599,0,0.0,6.489315735552235,10.342148854402346,6.489315735552235,subway_cleaned.geojson,2009-05-21 00:44:15,2009-05-21 00:45:40,85.0,subway,19,10,52.63157894736842,5,9,6.94,"
Trip Summary:
- Start: 2009-05-21 00:44:15 at 祥和珠宝古玩城, 来广营乡, 朝阳区, 北京市, 102218, 中国
- End: 2009-05-21 00:45:40 at 天通苑南, 立汤路, 天通苑北街道, 东小口镇, 昌平区, 北京市, 102218, 中国
- Duration: 0 days 00:01:25
- Distance: 1.17 km
- Average Speed: 20.19 km/h
- Average Bearing Change: 6.49°
- Max Speed: 24.98 km/h
- Min Speed: 5.73 km/h
- Speed Variability: 7.95 km/h
- Average Acceleration: -0.13 m/s²
- Max Acceleration: 0.00 m/s²
- Number of Turns: 0
- Turn Rate: 0.00 turns/min
- Average Turn Angle: 6.49°
- Turn Angle Variability: 10.34°
- Transport Mode: subway
    "
0.47796357295273334,5.656774239165348,1.1496159262288856,0.7978156039815256,4.2431568675762374,0.0015772647382388415,0.0803306319636506,0.02622090399013387,11,1.65,18.56137566359421,18.276234878352806,18.56137566359421,walk_cleaned.geojson,2009-05-21 00:52:30,2009-05-21 00:59:10,400.0,walk,80,1,1.25,0,0,2.78,"
Trip Summary:
- Start: 2009-05-21 00:52:30 at 天通苑南, 立汤路, 天通苑北街道, 东小口镇, 昌平区, 北京市, 102218, 中国
- End: 2009-05-21 00:59:10 at 太平庄中街, 天通苑南街道, 中滩村, 昌平区, 北京市, 102218, 中国
- Duration: 0 days 00:06:40
- Distance: 0.48 km
- Average Speed: 4.24 km/h
- Average Bearing Change: 18.56°
- Max Speed: 5.66 km/h
- Min Speed: 1.15 km/h
- Speed Variability: 0.80 km/h
- Average Acceleration: 0.00 m/s²
- Max Acceleration: 0.08 m/s²
- Number of Turns: 11
- Turn Rate: 1.65 turns/min
- Average Turn Angle: 18.56°
- Turn Angle Variability: 18.28°
- Transport Mode: walk
    "
0.5457358734509913,10.008,0.2522212256633042,3.0255903141573612,4.267926401438713,-0.006878722615494064,0.5306239122722668,0.16262765146486993,39,6.842105263157895,36.07229319239111,42.99681373859945,36.07229319239111,walk_cleaned.geojson,2008-09-24 00:28:35,2008-09-24 00:34:29,354.0,walk,117,7,5.982905982905983,11,6,2.78,"
Trip Summary:
- Start: 2008-09-24 00:28:35 at 世界资源研究所, 9, 东中街, 东直门, 东直门街道, 首都功能核心区, 东城区, 北京市, 100027, 中国
- End: 2008-09-24 00:34:29 at April Gourmet, 东中街, 东直门, 东直门街道, 首都功能核心区, 东城区, 北京市, 100010, 中国
- Duration: 0 days 00:05:54
- Distance: 0.55 km
- Average Speed: 4.27 km/h
- Average Bearing Change: 36.07°
- Max Speed: 10.01 km/h
- Min Speed: 0.25 km/h
- Speed Variability: 3.03 km/h
- Average Acceleration: -0.01 m/s²
- Max Acceleration: 0.53 m/s²
- Number of Turns: 39
- Turn Rate: 6.84 turns/min
- Average Turn Angle: 36.07°
- Turn Angle Variability: 43.00°
- Transport Mode: walk
    "
39.2474749203708,50.004000000000005,0.0,16.755723491526837,39.83421854359984,-0.004240656508675423,4.952093266482403,0.2809880555693089,69,1.2614259597806214,6.668226240091868,18.91383530302615,6.668226240091868,taxi_cleaned.geojson,2008-08-28 06:32:20,2008-08-28 07:27:50,3330.0,taxi,1322,25,1.8910741301059002,678,24,13.89,"
Trip Summary:
- Start: 2008-08-28 06:32:20 at 新风街, 天涯区, 三亚市, 海南省, 572012, 中国
- End: 2008-08-28 07:27:50 at 崖州区, 三亚市, 海南省, 中国
- Duration: 0 days 00:55:30
- Distance: 39.25 km
- Average Speed: 39.83 km/h
- Average Bearing Change: 6.67°
- Max Speed: 50.00 km/h
- Min Speed: 0.00 km/h
- Speed Variability: 16.76 km/h
- Average Acceleration: -0.00 m/s²
- Max Acceleration: 4.95 m/s²
- Number of Turns: 69
- Turn Rate: 1.26 turns/min
- Average Turn Angle: 6.67°
- Turn Angle Variability: 18.91°
- Transport Mode: taxi
    "
0.15277842136585532,5.398779285664285,0.0,1.729008826525274,2.330508864747132,0.0004956988368677691,0.6077379549887247,0.08205703748523027,46,12.105263157894738,36.18419239018965,35.85409528778279,36.18419239018965,walk_cleaned.geojson,2008-08-28 09:39:58,2008-08-28 09:43:46,228.0,walk,112,1,0.8928571428571428,0,0,2.78,"
Trip Summary:
- Start: 2008-08-28 09:39:58 at 崖州区, 三亚市, 海南省, 中国
- End: 2008-08-28 09:43:46 at 崖州区, 三亚市, 海南省, 中国
- Duration: 0 days 00:03:48
- Distance: 0.15 km
- Average Speed: 2.33 km/h
- Average Bearing Change: 36.18°
- Max Speed: 5.40 km/h
- Min Speed: 0.00 km/h
- Speed Variability: 1.73 km/h
- Average Acceleration: 0.00 m/s²
- Max Acceleration: 0.61 m/s²
- Number of Turns: 46
- Turn Rate: 12.11 turns/min
- Average Turn Angle: 36.18°
- Turn Angle Variability: 35.85°
- Transport Mode: walk
    "
1.9182082778543743,32.990439279630756,1.3722029233177702,9.835343053695182,19.277564429398275,0.03744668025091079,0.75064146180964,0.2658655755945111,13,3.1836734693877555,31.693440314379554,32.51258668907885,31.693440314379554,bus_cleaned.geojson,2009-03-14 05:39:05,2009-03-14 05:44:34,329.0,bus,47,3,6.382978723404255,1,2,11.11,"
Trip Summary:
- Start: 2009-03-14 05:39:05 at 三才堂写字楼, 160, 成府路, 清华园, 海淀街道, 中关村街道, 海淀区, 北京市, 100190, 中国
- End: 2009-03-14 05:44:34 at CNIC, 4, 中关村南四街, 知春东里社区, 中关村街道, 海淀区, 北京市, 100190, 中国
- Duration: 0 days 00:05:29
- Distance: 1.92 km
- Average Speed: 19.28 km/h
- Average Bearing Change: 31.69°
- Max Speed: 32.99 km/h
- Min Speed: 1.37 km/h
- Speed Variability: 9.84 km/h
- Average Acceleration: 0.04 m/s²
- Max Acceleration: 0.75 m/s²
- Number of Turns: 13
- Turn Rate: 3.18 turns/min
- Average Turn Angle: 31.69°
- Turn Angle Variability: 32.51°
- Transport Mode: bus
    "
2.630153775574143,10.008,0.0,2.0603891873691627,3.7980032867038154,0.0005469441489992658,0.6260975742004706,0.09169323910447941,62,2.978382706164932,49.02383022670017,52.10242103567616,49.02383022670017,walk_cleaned.geojson,2009-03-14 05:28:16,2009-03-14 05:49:17,1261.0,walk,146,6,4.10958904109589,8,5,2.78,"
Trip Summary:
- Start: 2009-03-14 05:28:16 at 亮视点, 101, 成府路, 清华园, 海淀街道, 中关村街道, 海淀区, 北京市, 100190, 中国
- End: 2009-03-14 05:49:17 at 中国科学院国家空间科学中心, 1, 中关村南三条, 中关村街道, 海淀区, 北京市, 100190, 中国
- Duration: 0 days 00:21:01
- Distance: 2.63 km
- Average Speed: 3.80 km/h
- Average Bearing Change: 49.02°
- Max Speed: 10.01 km/h
- Min Speed: 0.00 km/h
- Speed Variability: 2.06 km/h
- Average Acceleration: 0.00 m/s²
- Max Acceleration: 0.63 m/s²
- Number of Turns: 62
- Turn Rate: 2.98 turns/min
- Average Turn Angle: 49.02°
- Turn Angle Variability: 52.10°
- Transport Mode: walk
    "
8.32764553227989,39.996,0.3668754863722679,13.154421866751184,17.700569560103087,-0.006801094514364187,1.698334163172186,0.42083007817935003,114,3.3694581280788176,17.23513857389062,29.02784899896969,17.23513857389062,bus_cleaned.geojson,2008-10-17 23:59:17,2008-10-18 00:33:05,2028.0,bus,760,4,0.5263157894736842,74,3,11.11,"
Trip Summary:
- Start: 2008-10-17 23:59:17 at 北四环东路, 小关街道, 朝阳区, 北京市, 100012, 中国
- End: 2008-10-18 00:33:05 at 工人体育场北路, 东直门, 东直门街道, 首都功能核心区, 东城区, 北京市, 100010, 中国
- Duration: 0 days 00:33:48
- Distance: 8.33 km
- Average Speed: 17.70 km/h
- Average Bearing Change: 17.24°
- Max Speed: 40.00 km/h
- Min Speed: 0.37 km/h
- Speed Variability: 13.15 km/h
- Average Acceleration: -0.01 m/s²
- Max Acceleration: 1.70 m/s²
- Number of Turns: 114
- Turn Rate: 3.37 turns/min
- Average Turn Angle: 17.24°
- Turn Angle Variability: 29.03°
- Transport Mode: bus
    "
0.8410467003096244,9.066245102986946,0.6154167529535773,1.5977868259953758,4.515269909695363,-0.002380180311519234,0.3713183551204492,0.10111398247529922,83,8.892857142857142,32.426538435300074,35.77007111586316,32.426538435300074,walk_cleaned.geojson,2008-10-18 00:33:11,2008-10-18 00:42:43,572.0,walk,224,8,3.571428571428571,8,7,2.78,"
Trip Summary:
- Start: 2008-10-18 00:33:11 at 工人体育场北路, 东直门, 东直门街道, 首都功能核心区, 东城区, 北京市, 100010, 中国
- End: 2008-10-18 00:42:43 at 全面俱到, 东中街, 东直门, 东直门街道, 首都功能核心区, 东城区, 北京市, 100010, 中国
- Duration: 0 days 00:09:32
- Distance: 0.84 km
- Average Speed: 4.52 km/h
- Average Bearing Change: 32.43°
- Max Speed: 9.07 km/h
- Min Speed: 0.62 km/h
- Speed Variability: 1.60 km/h
- Average Acceleration: -0.00 m/s²
- Max Acceleration: 0.37 m/s²
- Number of Turns: 83
- Turn Rate: 8.89 turns/min
- Average Turn Angle: 32.43°
- Turn Angle Variability: 35.77°
- Transport Mode: walk
    "
20.06829815047674,39.996,0.0,14.320410869172566,19.06826938604314,0.00731596598855885,3.075017733214989,0.3821562433547074,308,4.5935868754660705,21.16794963972407,39.19434915474464,21.16794963972407,bus_cleaned.geojson,2008-09-01 10:30:21,2008-09-01 11:37:50,4049.0,bus,1734,14,0.8073817762399077,125,13,11.11,"
Trip Summary:
- Start: 2008-09-01 10:30:21 at 北京南站路, 东庄社区, 右安门街道, 丰台区, 北京市, 100067, 中国
- End: 2008-09-01 11:37:50 at 中关村东路, 知春东里社区, 中关村街道, 海淀区, 北京市, 100098, 中国
- Duration: 0 days 01:07:29
- Distance: 20.07 km
- Average Speed: 19.07 km/h
- Average Bearing Change: 21.17°
- Max Speed: 40.00 km/h
- Min Speed: 0.00 km/h
- Speed Variability: 14.32 km/h
- Average Acceleration: 0.01 m/s²
- Max Acceleration: 3.08 m/s²
- Number of Turns: 308
- Turn Rate: 4.59 turns/min
- Average Turn Angle: 21.17°
- Turn Angle Variability: 39.19°
- Transport Mode: bus
    "
1.355122979748884,11.646469493971331,0.0,2.474415244659908,2.9912064163479473,-0.002650350407717154,1.2251678711455858,0.21953264396381364,116,9.36742934051144,35.196711220806584,39.382712353843985,35.196711220806584,taxi_cleaned.geojson,2008-09-01 08:52:28,2008-09-01 09:05:04,756.0,taxi,315,6,1.9047619047619049,2,5,13.89,"
Trip Summary:
- Start: 2008-09-01 08:52:28 at 平安街, 光复道街道, 小树林, 河北区, 天津市, 300010, 中国
- End: 2008-09-01 09:05:04 at 海河东路隧道, 光复道街道, 河北区, 天津市, 300010, 中国
- Duration: 0 days 00:12:36
- Distance: 1.36 km
- Average Speed: 2.99 km/h
- Average Bearing Change: 35.20°
- Max Speed: 11.65 km/h
- Min Speed: 0.00 km/h
- Speed Variability: 2.47 km/h
- Average Acceleration: -0.00 m/s²
- Max Acceleration: 1.23 m/s²
- Number of Turns: 116
- Turn Rate: 9.37 turns/min
- Average Turn Angle: 35.20°
- Turn Angle Variability: 39.38°
- Transport Mode: taxi
    "
1.6202527242318205,9.408346849555283,0.0,2.0012276591393783,4.085170138759405,0.0047036910509071685,0.9493572152042729,0.1482678632397415,156,8.125,30.36807816316069,34.465696944131075,30.36807816316069,walk_cleaned.geojson,2008-09-01 12:20:30,2008-09-01 12:39:58,1168.0,walk,481,14,2.9106029106029108,21,13,2.78,"
Trip Summary:
- Start: 2008-09-01 12:20:30 at 知春路, 中关村街道, 海淀区, 北京市, 100098, 中国
- End: 2008-09-01 12:39:58 at 中关村南四街, 知春东里社区, 中关村街道, 海淀区, 北京市, 100098, 中国
- Duration: 0 days 00:19:28
- Distance: 1.62 km
- Average Speed: 4.09 km/h
- Average Bearing Change: 30.37°
- Max Speed: 9.41 km/h
- Min Speed: 0.00 km/h
- Speed Variability: 2.00 km/h
- Average Acceleration: 0.00 m/s²
- Max Acceleration: 0.95 m/s²
- Number of Turns: 156
- Turn Rate: 8.12 turns/min
- Average Turn Angle: 30.37°
- Turn Angle Variability: 34.47°
- Transport Mode: walk
    "
0.5275078785181831,12.596137133368494,1.467072999667392,2.0703419228135407,5.3707051615994335,0.0027469395162341083,0.8520261112664993,0.17845436262876027,32,7.868852459016394,33.850654599105674,36.94694212858718,33.850654599105674,subway_cleaned.geojson,2008-10-14 11:14:39,2008-10-14 11:18:45,246.0,subway,105,2,1.9047619047619049,6,1,6.94,"
Trip Summary:
- Start: 2008-10-14 11:14:39 at 知春路, 花园路街道, 中关村街道, 海淀区, 北京市, 100081, 中国
- End: 2008-10-14 11:18:45 at 中关村街道, 海淀区, 北京市, 100098, 中国
- Duration: 0 days 00:04:06
- Distance: 0.53 km
- Average Speed: 5.37 km/h
- Average Bearing Change: 33.85°
- Max Speed: 12.60 km/h
- Min Speed: 1.47 km/h
- Speed Variability: 2.07 km/h
- Average Acceleration: 0.00 m/s²
- Max Acceleration: 0.85 m/s²
- Number of Turns: 32
- Turn Rate: 7.87 turns/min
- Average Turn Angle: 33.85°
- Turn Angle Variability: 36.95°
- Transport Mode: subway
    "
2.1039912611025944,20.214704274049204,0.0,3.6527607643732476,8.807010501699692,-0.0019790037306563505,2.7046428923175743,0.30334492998815826,157,11.14792899408284,22.17944319189744,25.829715904519215,22.17944319189744,bike_cleaned.geojson,2008-07-15 05:41:32,2008-07-15 05:55:38,846.0,bike,695,10,1.4388489208633095,10,9,6.94,"
Trip Summary:
- Start: 2008-07-15 05:41:32 at 818, 大泥湾路, 中关村, 中关村街道, 海淀区, 北京市, 100086, 中国
- End: 2008-07-15 05:55:38 at 中关村街道, 海淀区, 北京市, 100098, 中国
- Duration: 0 days 00:14:06
- Distance: 2.10 km
- Average Speed: 8.81 km/h
- Average Bearing Change: 22.18°
- Max Speed: 20.21 km/h
- Min Speed: 0.00 km/h
- Speed Variability: 3.65 km/h
- Average Acceleration: -0.00 m/s²
- Max Acceleration: 2.70 m/s²
- Number of Turns: 157
- Turn Rate: 11.15 turns/min
- Average Turn Angle: 22.18°
- Turn Angle Variability: 25.83°
- Transport Mode: bike
    "
0.07956805400942715,5.729722406563898,1.7178864817462527,0.9791827456556407,3.8264359471641303,0.0019453801490398085,0.257338789404834,0.13011488698083323,20,21.81818181818182,43.200298991899714,46.51436384237968,43.200298991899714,walk_cleaned.geojson,2008-07-15 04:07:24,2008-07-15 04:08:21,57.0,walk,50,3,6.0,1,2,2.78,"
Trip Summary:
- Start: 2008-07-15 04:07:24 at 新中关购物中心, 19号, 中关村大街, 中关村核心区, 海淀街道, 海淀区, 北京市, 100872, 中国
- End: 2008-07-15 04:08:21 at 中国建设银行, 榆树林路, 中关村核心区, 海淀街道, 海淀区, 北京市, 100872, 中国
- Duration: 0 days 00:00:57
- Distance: 0.08 km
- Average Speed: 3.83 km/h
- Average Bearing Change: 43.20°
- Max Speed: 5.73 km/h
- Min Speed: 1.72 km/h
- Speed Variability: 0.98 km/h
- Average Acceleration: 0.00 m/s²
- Max Acceleration: 0.26 m/s²
- Number of Turns: 20
- Turn Rate: 21.82 turns/min
- Average Turn Angle: 43.20°
- Turn Angle Variability: 46.51°
- Transport Mode: walk
    "
5.567475541179478,35.38829647596475,0.7282437569689623,9.178179878245059,18.57843815560716,-0.0017115816540832034,1.5434427062378198,0.2602339573294535,12,0.5479452054794521,25.582245714657855,37.32359262454704,25.582245714657855,bus_cleaned.geojson,2007-04-27 02:19:09,2007-04-27 02:41:44,1355.0,bus,59,5,8.47457627118644,8,4,11.11,"
Trip Summary:
- Start: 2007-04-27 02:19:09 at 甘家口街道, 海淀区, 北京市, 100835, 中国
- End: 2007-04-27 02:41:44 at 中关村东路, 知春东里社区, 中关村街道, 海淀区, 北京市, 100098, 中国
- Duration: 0 days 00:22:35
- Distance: 5.57 km
- Average Speed: 18.58 km/h
- Average Bearing Change: 25.58°
- Max Speed: 35.39 km/h
- Min Speed: 0.73 km/h
- Speed Variability: 9.18 km/h
- Average Acceleration: -0.00 m/s²
- Max Acceleration: 1.54 m/s²
- Number of Turns: 12
- Turn Rate: 0.55 turns/min
- Average Turn Angle: 25.58°
- Turn Angle Variability: 37.32°
- Transport Mode: bus
    "
6.005673362065342,8.308348243269114,3.301806582748928,1.1564246131084497,5.000286391448447,-0.0010096088427178147,0.06285217136909117,0.024064171965155253,13,0.3451327433628319,35.55934704500799,35.726657719835565,35.55934704500799,walk_cleaned.geojson,2007-04-27 02:08:07,2007-04-27 02:46:37,2310.0,walk,38,5,13.157894736842104,3,4,2.78,"
Trip Summary:
- Start: 2007-04-27 02:08:07 at 阜成路北二街, 甘家口街道, 海淀区, 北京市, 100835, 中国
- End: 2007-04-27 02:46:37 at 知春路, 知春东里社区, 中关村街道, 海淀区, 北京市, 100098, 中国
- Duration: 0 days 00:38:30
- Distance: 6.01 km
- Average Speed: 5.00 km/h
- Average Bearing Change: 35.56°
- Max Speed: 8.31 km/h
- Min Speed: 3.30 km/h
- Speed Variability: 1.16 km/h
- Average Acceleration: -0.00 m/s²
- Max Acceleration: 0.06 m/s²
- Number of Turns: 13
- Turn Rate: 0.35 turns/min
- Average Turn Angle: 35.56°
- Turn Angle Variability: 35.73°
- Transport Mode: walk
    "
12.477213129240237,39.996,1.4840712074658768,10.649030763509954,16.688925836234432,0.024728905089483312,0.7077180033788754,0.17047078209846944,11,0.4981132075471698,38.116420851961216,52.62544877335822,38.116420851961216,bus_cleaned.geojson,2007-04-25 02:17:26,2007-04-25 02:40:26,1380.0,bus,47,6,12.76595744680851,5,5,11.11,"
Trip Summary:
- Start: 2007-04-25 02:17:26 at 首都体育馆南路, 甘家口街道, 海淀区, 北京市, 100835, 中国
- End: 2007-04-25 02:40:26 at 育新花园西路, 西三旗街道, 海淀区, 北京市, 100096, 中国
- Duration: 0 days 00:23:00
- Distance: 12.48 km
- Average Speed: 16.69 km/h
- Average Bearing Change: 38.12°
- Max Speed: 40.00 km/h
- Min Speed: 1.48 km/h
- Speed Variability: 10.65 km/h
- Average Acceleration: 0.02 m/s²
- Max Acceleration: 0.71 m/s²
- Number of Turns: 11
- Turn Rate: 0.50 turns/min
- Average Turn Angle: 38.12°
- Turn Angle Variability: 52.63°
- Transport Mode: bus
    "
0.2049503657792862,7.738481747350838,2.4001088704476934,1.9247031927352356,5.093301601259686,0.002963929565490646,0.0671514796073148,0.03549926175683017,4,1.6901408450704225,36.352273772981746,21.14230089773582,36.352273772981746,walk_cleaned.geojson,2007-04-25 02:13:26,2007-04-25 02:15:59,153.0,walk,10,1,10.0,0,0,2.78,"
Trip Summary:
- Start: 2007-04-25 02:13:26 at 首都体育馆南路, 甘家口街道, 海淀区, 北京市, 100835, 中国
- End: 2007-04-25 02:15:59 at 四道口东, 车公庄西路, 甘家口街道, 海淀区, 北京市, 100835, 中国
- Duration: 0 days 00:02:33
- Distance: 0.20 km
- Average Speed: 5.09 km/h
- Average Bearing Change: 36.35°
- Max Speed: 7.74 km/h
- Min Speed: 2.40 km/h
- Speed Variability: 1.92 km/h
- Average Acceleration: 0.00 m/s²
- Max Acceleration: 0.07 m/s²
- Number of Turns: 4
- Turn Rate: 1.69 turns/min
- Average Turn Angle: 36.35°
- Turn Angle Variability: 21.14°
- Transport Mode: walk
    "
9.030617994760025,39.996,0.0,15.78878890807309,15.277276670184559,0.007177061982647795,1.6077244761472986,0.24475793663666717,103,3.3974711379879055,36.731689484336194,51.28678867368422,36.731689484336194,bus_cleaned.geojson,2008-08-25 09:13:42,2008-08-25 09:45:00,1878.0,bus,334,14,4.191616766467066,44,13,11.11,"
Trip Summary:
- Start: 2008-08-25 09:13:42 at 中关村街道, 海淀区, 北京市, 100098, 中国
- End: 2008-08-25 09:45:00 at 北三环东路, 和平街街道, 朝阳区, 北京市, 100029, 中国
- Duration: 0 days 00:31:18
- Distance: 9.03 km
- Average Speed: 15.28 km/h
- Average Bearing Change: 36.73°
- Max Speed: 40.00 km/h
- Min Speed: 0.00 km/h
- Speed Variability: 15.79 km/h
- Average Acceleration: 0.01 m/s²
- Max Acceleration: 1.61 m/s²
- Number of Turns: 103
- Turn Rate: 3.40 turns/min
- Average Turn Angle: 36.73°
- Turn Angle Variability: 51.29°
- Transport Mode: bus
    "
3.1589871620646135,10.732568831446953,0.12301159255641038,2.850334171810613,3.6657738488729597,-0.002950274691704813,0.44260145780682897,0.10964478774042052,66,4.262648008611411,51.6457066591773,51.79505016599913,51.6457066591773,taxi_cleaned.geojson,2008-08-25 15:24:07,2008-08-25 15:39:45,938.0,taxi,132,4,3.0303030303030303,1,3,13.89,"
Trip Summary:
- Start: 2008-08-25 15:24:07 at 中关村地下环廊, 中关村核心区, 海淀街道, 海淀区, 北京市, 100080, 中国
- End: 2008-08-25 15:39:45 at 中关村街道, 海淀区, 北京市, 100098, 中国
- Duration: 0 days 00:15:38
- Distance: 3.16 km
- Average Speed: 3.67 km/h
- Average Bearing Change: 51.65°
- Max Speed: 10.73 km/h
- Min Speed: 0.12 km/h
- Speed Variability: 2.85 km/h
- Average Acceleration: -0.00 m/s²
- Max Acceleration: 0.44 m/s²
- Number of Turns: 66
- Turn Rate: 4.26 turns/min
- Average Turn Angle: 51.65°
- Turn Angle Variability: 51.80°
- Transport Mode: taxi
    "
0.4667362224663281,8.682336751925824,1.2261895346936749,1.5975813881199947,3.6687246631417176,-0.011245937086823296,0.15080677904132664,0.08204226573500066,19,3.184357541899441,35.72260388692746,35.64285997607483,35.72260388692746,walk_cleaned.geojson,2008-08-25 12:02:09,2008-08-25 12:08:14,365.0,walk,58,3,5.172413793103448,4,2,2.78,"
Trip Summary:
- Start: 2008-08-25 12:02:09 at 中关村购物广场, 中关村核心区, 海淀街道, 海淀区, 北京市, 100872, 中国
- End: 2008-08-25 12:08:14 at 中关村地下环廊, 中关村核心区, 海淀街道, 海淀区, 北京市, 100080, 中国
- Duration: 0 days 00:06:05
- Distance: 0.47 km
- Average Speed: 3.67 km/h
- Average Bearing Change: 35.72°
- Max Speed: 8.68 km/h
- Min Speed: 1.23 km/h
- Speed Variability: 1.60 km/h
- Average Acceleration: -0.01 m/s²
- Max Acceleration: 0.15 m/s²
- Number of Turns: 19
- Turn Rate: 3.18 turns/min
- Average Turn Angle: 35.72°
- Turn Angle Variability: 35.64°
- Transport Mode: walk
    "
4.39244946024437,24.984,1.77963188736916,2.9804549910429534,15.569316494886156,0.0027939664531746746,1.7134099762343786,0.21815634560302632,8,0.38866396761133604,8.170207282644803,10.564050123701437,8.170207282644803,bike_cleaned.geojson,2008-05-11 05:29:01,2008-05-11 05:49:46,1245.0,bike,470,6,1.276595744680851,16,5,6.94,"
Trip Summary:
- Start: 2008-05-11 05:29:01 at 清华大学, 30, 双清路, 东升镇, 海淀区, 北京市, 100084, 中国
- End: 2008-05-11 05:49:46 at 中关村街道, 海淀区, 北京市, 100098, 中国
- Duration: 0 days 00:20:45
- Distance: 4.39 km
- Average Speed: 15.57 km/h
- Average Bearing Change: 8.17°
- Max Speed: 24.98 km/h
- Min Speed: 1.78 km/h
- Speed Variability: 2.98 km/h
- Average Acceleration: 0.00 m/s²
- Max Acceleration: 1.71 m/s²
- Number of Turns: 8
- Turn Rate: 0.39 turns/min
- Average Turn Angle: 8.17°
- Turn Angle Variability: 10.56°
- Transport Mode: bike
    "
0.020868241541605055,3.6787398748831084,0.9225705755041254,1.0157114309395556,2.245939074487696,-0.0012634284701081278,0.3453402859431567,0.11573854813092857,7,13.125,40.80706836706645,44.64289456683851,40.80706836706645,walk_cleaned.geojson,2008-05-11 05:51:28,2008-05-11 05:51:54,26.0,walk,16,2,12.5,0,1,2.78,"
Trip Summary:
- Start: 2008-05-11 05:51:28 at 希格玛大厦, 知春路, 中关村街道, 海淀区, 北京市, 100098, 中国
- End: 2008-05-11 05:51:54 at 希格玛大厦, 知春路, 中关村街道, 海淀区, 北京市, 100098, 中国
- Duration: 0 days 00:00:26
- Distance: 0.02 km
- Average Speed: 2.25 km/h
- Average Bearing Change: 40.81°
- Max Speed: 3.68 km/h
- Min Speed: 0.92 km/h
- Speed Variability: 1.02 km/h
- Average Acceleration: -0.00 m/s²
- Max Acceleration: 0.35 m/s²
- Number of Turns: 7
- Turn Rate: 13.12 turns/min
- Average Turn Angle: 40.81°
- Turn Angle Variability: 44.64°
- Transport Mode: walk
    "
0.49234186539367536,24.984,3.2699058292004937,8.883557892477736,18.17311192127816,0.0861670403603155,0.5866793830521619,0.16393534822443095,6,5.142857142857142,34.97511507488465,36.50589167386181,34.97511507488465,subway_cleaned.geojson,2009-03-20 01:41:38,2009-03-20 01:42:48,70.0,subway,17,2,11.76470588235294,8,1,6.94,"
Trip Summary:
- Start: 2009-03-20 01:41:38 at 复兴门外大街, 月坛街道, 首都功能核心区, 西城区, 北京市, 100032, 中国
- End: 2009-03-20 01:42:48 at 和平少女, 复兴门外大街, 月坛街道, 首都功能核心区, 西城区, 北京市, 100032, 中国
- Duration: 0 days 00:01:10
- Distance: 0.49 km
- Average Speed: 18.17 km/h
- Average Bearing Change: 34.98°
- Max Speed: 24.98 km/h
- Min Speed: 3.27 km/h
- Speed Variability: 8.88 km/h
- Average Acceleration: 0.09 m/s²
- Max Acceleration: 0.59 m/s²
- Number of Turns: 6
- Turn Rate: 5.14 turns/min
- Average Turn Angle: 34.98°
- Turn Angle Variability: 36.51°
- Transport Mode: subway
    "
0.5656774178447584,7.41324342781825,2.7298315257447805,0.9984570847049768,5.7472669060518715,-0.002036610140610747,0.06674498259164703,0.036607058109154884,29,4.461538461538462,38.64378745415641,37.92049981310884,38.64378745415641,walk_cleaned.geojson,2009-03-20 01:47:26,2009-03-20 01:54:01,395.0,walk,68,2,2.941176470588235,0,1,2.78,"
Trip Summary:
- Start: 2009-03-20 01:47:26 at 西单路口东, 西长安街, 西长安街街道, 首都功能核心区, 西城区, 北京市, 100032, 中国
- End: 2009-03-20 01:54:01 at 北京图书大厦, 横二条, 西长安街街道, 首都功能核心区, 西城区, 北京市, 100032, 中国
- Duration: 0 days 00:06:35
- Distance: 0.57 km
- Average Speed: 5.75 km/h
- Average Bearing Change: 38.64°
- Max Speed: 7.41 km/h
- Min Speed: 2.73 km/h
- Speed Variability: 1.00 km/h
- Average Acceleration: -0.00 m/s²
- Max Acceleration: 0.07 m/s²
- Number of Turns: 29
- Turn Rate: 4.46 turns/min
- Average Turn Angle: 38.64°
- Turn Angle Variability: 37.92°
- Transport Mode: walk
    "
0.15548095383943333,5.873652702239857,1.9132658486303975,1.0368277570163167,4.228470190490742,-0.003602922602813523,0.08988485888351021,0.047118956547550404,8,5.333333333333333,44.11226655942706,43.89811617275175,44.11226655942706,walk_cleaned.geojson,2011-11-12 12:47:45,2011-11-12 12:49:20,95.0,walk,20,2,10.0,0,1,2.78,"
Trip Summary:
- Start: 2011-11-12 12:47:45 at 清华大学五道口金融学院, 43, 成府路, 东升镇, 海淀区, 北京市, 100190, 中国
- End: 2011-11-12 12:49:20 at 东升镇, 海淀区, 北京市, 100190, 中国
- Duration: 0 days 00:01:35
- Distance: 0.16 km
- Average Speed: 4.23 km/h
- Average Bearing Change: 44.11°
- Max Speed: 5.87 km/h
- Min Speed: 1.91 km/h
- Speed Variability: 1.04 km/h
- Average Acceleration: -0.00 m/s²
- Max Acceleration: 0.09 m/s²
- Number of Turns: 8
- Turn Rate: 5.33 turns/min
- Average Turn Angle: 44.11°
- Turn Angle Variability: 43.90°
- Transport Mode: walk
    "
2.471818821787165,20.588080833795416,0.8790196083137846,2.3069548542964364,12.56687190626522,-0.0006545054141067663,1.8329520040350622,0.32651310068227263,35,2.763157894736842,9.896072989314805,13.255309041118814,9.896072989314805,bike_cleaned.geojson,2008-06-09 16:08:34,2008-06-09 16:21:28,774.0,bike,592,15,2.5337837837837838,17,14,6.94,"
Trip Summary:
- Start: 2008-06-09 16:08:34 at 成府路, 清华园, 中关村街道, 海淀区, 北京市, 100190, 中国
- End: 2008-06-09 16:21:28 at 清华大学, 30, 双清路, 东升镇, 海淀区, 北京市, 100084, 中国
- Duration: 0 days 00:12:54
- Distance: 2.47 km
- Average Speed: 12.57 km/h
- Average Bearing Change: 9.90°
- Max Speed: 20.59 km/h
- Min Speed: 0.88 km/h
- Speed Variability: 2.31 km/h
- Average Acceleration: -0.00 m/s²
- Max Acceleration: 1.83 m/s²
- Number of Turns: 35
- Turn Rate: 2.76 turns/min
- Average Turn Angle: 9.90°
- Turn Angle Variability: 13.26°
- Transport Mode: bike
    "
13.403632896352775,39.996,0.10094860802533814,12.20761288921288,25.678887775232095,0.007842358878593868,4.472720949311142,0.3514213048973743,49,1.513903192584964,6.58400811723476,17.129920141995516,6.58400811723476,bus_cleaned.geojson,2008-06-09 08:16:51,2008-06-09 08:49:25,1954.0,bus,1745,12,0.6876790830945558,357,11,11.11,"
Trip Summary:
- Start: 2008-06-09 08:16:51 at 联峰路, 东山街道, 北戴河区, 秦皇岛市, 河北省, 中国
- End: 2008-06-09 08:49:25 at 戴河镇, 北戴河区, 秦皇岛市, 河北省, 中国
- Duration: 0 days 00:32:34
- Distance: 13.40 km
- Average Speed: 25.68 km/h
- Average Bearing Change: 6.58°
- Max Speed: 40.00 km/h
- Min Speed: 0.10 km/h
- Speed Variability: 12.21 km/h
- Average Acceleration: 0.01 m/s²
- Max Acceleration: 4.47 m/s²
- Number of Turns: 49
- Turn Rate: 1.51 turns/min
- Average Turn Angle: 6.58°
- Turn Angle Variability: 17.13°
- Transport Mode: bus
    "
0.596411047080734,8.008786672207954,0.7175785327826278,0.8458674858861691,4.405746943498076,-0.0034056357598890082,0.7488519343645844,0.13962757343050308,159,20.254777070063696,28.05478830662068,22.39518199100607,28.05478830662068,walk_cleaned.geojson,2008-06-09 15:41:30,2008-06-09 15:49:24,474.0,walk,430,4,0.9302325581395349,10,3,2.78,"
Trip Summary:
- Start: 2008-06-09 15:41:30 at 北三环东路, 和平街街道, 朝阳区, 北京市, 100029, 中国
- End: 2008-06-09 15:49:24 at 和平里东街, 和平街街道, 朝阳区, 北京市, 100029, 中国
- Duration: 0 days 00:07:54
- Distance: 0.60 km
- Average Speed: 4.41 km/h
- Average Bearing Change: 28.05°
- Max Speed: 8.01 km/h
- Min Speed: 0.72 km/h
- Speed Variability: 0.85 km/h
- Average Acceleration: -0.00 m/s²
- Max Acceleration: 0.75 m/s²
- Number of Turns: 159
- Turn Rate: 20.25 turns/min
- Average Turn Angle: 28.05°
- Turn Angle Variability: 22.40°
- Transport Mode: walk
    "
0.7705488704433159,6.986690835835213,0.9549541621780859,1.0308457361139223,4.766862948146669,0.00318065945455237,0.5654767778341757,0.09034035789383574,57,8.104265402843602,28.37254671030632,27.256685377241737,28.37254671030632,walk_cleaned.geojson,2008-08-06 12:45:20,2008-08-06 12:52:36,436.0,walk,184,10,5.434782608695652,4,9,2.78,"
Trip Summary:
- Start: 2008-08-06 12:45:20 at 中国卫星通信大厦, 63, 知春路, 知春东里社区, 中关村街道, 海淀区, 北京市, 100098, 中国
- End: 2008-08-06 12:52:36 at 希格玛大厦, 知春路, 中关村街道, 海淀区, 北京市, 100098, 中国
- Duration: 0 days 00:07:16
- Distance: 0.77 km
- Average Speed: 4.77 km/h
- Average Bearing Change: 28.37°
- Max Speed: 6.99 km/h
- Min Speed: 0.95 km/h
- Speed Variability: 1.03 km/h
- Average Acceleration: 0.00 m/s²
- Max Acceleration: 0.57 m/s²
- Number of Turns: 57
- Turn Rate: 8.10 turns/min
- Average Turn Angle: 28.37°
- Turn Angle Variability: 27.26°
- Transport Mode: walk
    "
19.136440978364394,24.984,0.7604005626876794,9.452823889646556,10.341245244272828,0.09087810204100034,3.3130255357144547,0.5357345760288275,25,2.0,55.7966946114668,52.23499687123575,55.7966946114668,subway_cleaned.geojson,2009-08-08 10:17:54,2009-08-08 10:43:19,1525.0,subway,202,153,75.74257425742574,6,152,6.94,"
Trip Summary:
- Start: 2009-08-08 10:17:54 at 大运村公交场站, 知春路, 花园路街道, 中关村街道, 海淀区, 北京市, 100081, 中国
- End: 2009-08-08 10:43:19 at 中东路, 天通苑南街道, 中滩村, 昌平区, 北京市, 102218, 中国
- Duration: 0 days 00:25:25
- Distance: 19.14 km
- Average Speed: 10.34 km/h
- Average Bearing Change: 55.80°
- Max Speed: 24.98 km/h
- Min Speed: 0.76 km/h
- Speed Variability: 9.45 km/h
- Average Acceleration: 0.09 m/s²
- Max Acceleration: 3.31 m/s²
- Number of Turns: 25
- Turn Rate: 2.00 turns/min
- Average Turn Angle: 55.80°
- Turn Angle Variability: 52.23°
- Transport Mode: subway
    "
3.21946546640694,39.996,0.5473264712479746,12.04322338474379,14.827003436076273,0.03972106174816321,2.786094015601844,0.3048446773604481,37,2.8461538461538463,33.01129895723997,47.39674138979229,33.01129895723997,bus_cleaned.geojson,2009-08-08 09:53:33,2009-08-08 10:06:38,785.0,bus,148,2,1.3513513513513513,9,1,11.11,"
Trip Summary:
- Start: 2009-08-08 09:53:33 at 北四环西路辅路, 中关村核心区, 海淀街道, 六郎庄村, 海淀区, 北京市, 100080, 中国
- End: 2009-08-08 10:06:38 at 知春路, 知春东里社区, 中关村街道, 海淀区, 北京市, 100098, 中国
- Duration: 0 days 00:13:05
- Distance: 3.22 km
- Average Speed: 14.83 km/h
- Average Bearing Change: 33.01°
- Max Speed: 40.00 km/h
- Min Speed: 0.55 km/h
- Speed Variability: 12.04 km/h
- Average Acceleration: 0.04 m/s²
- Max Acceleration: 2.79 m/s²
- Number of Turns: 37
- Turn Rate: 2.85 turns/min
- Average Turn Angle: 33.01°
- Turn Angle Variability: 47.40°
- Transport Mode: bus
    "
0.14986125588238047,8.972906133458007,1.8590983104630443,1.7801076769738517,6.115328149853336,0.014948943230533302,0.26954744096227284,0.12015184536367227,7,5.25,36.89792792482094,34.63755758750105,36.89792792482094,walk_cleaned.geojson,2009-08-08 10:52:44,2009-08-08 10:54:04,80.0,walk,18,1,5.555555555555555,2,0,2.78,"
Trip Summary:
- Start: 2009-08-08 10:52:44 at 立汤路, 天通苑北街道, 东小口镇, 昌平区, 北京市, 102218, 中国
- End: 2009-08-08 10:54:04 at 中滩村北三街, 天通西苑一区, 天通苑南街道, 中滩村, 昌平区, 北京市, 102218, 中国
- Duration: 0 days 00:01:20
- Distance: 0.15 km
- Average Speed: 6.12 km/h
- Average Bearing Change: 36.90°
- Max Speed: 8.97 km/h
- Min Speed: 1.86 km/h
- Speed Variability: 1.78 km/h
- Average Acceleration: 0.01 m/s²
- Max Acceleration: 0.27 m/s²
- Number of Turns: 7
- Turn Rate: 5.25 turns/min
- Average Turn Angle: 36.90°
- Turn Angle Variability: 34.64°
- Transport Mode: walk
    "
4.015187803721766,22.090268072757315,1.7603741729410018,2.3403745414921437,15.431245309085929,-0.013235182615991234,1.0868614586547054,0.18646868947778544,20,0.9615384615384615,9.853328634397405,14.966011963254136,9.853328634397405,bike_cleaned.geojson,2008-12-03 15:12:11,2008-12-03 15:33:19,1268.0,bike,409,11,2.689486552567237,10,10,6.94,"
Trip Summary:
- Start: 2008-12-03 15:12:11 at 中关村东路, 知春东里社区, 中关村街道, 海淀区, 北京市, 100098, 中国
- End: 2008-12-03 15:33:19 at 清华大学, 30, 双清路, 东升镇, 海淀区, 北京市, 100084, 中国
- Duration: 0 days 00:21:08
- Distance: 4.02 km
- Average Speed: 15.43 km/h
- Average Bearing Change: 9.85°
- Max Speed: 22.09 km/h
- Min Speed: 1.76 km/h
- Speed Variability: 2.34 km/h
- Average Acceleration: -0.01 m/s²
- Max Acceleration: 1.09 m/s²
- Number of Turns: 20
- Turn Rate: 0.96 turns/min
- Average Turn Angle: 9.85°
- Turn Angle Variability: 14.97°
- Transport Mode: bike
    "
5.520371658641638,24.984,2.8493295785372643,6.986306523961405,20.301860544354188,-0.044913794051893656,4.147198852416602,0.43729153142686095,8,1.391304347826087,5.488316176969782,8.217529306940508,5.488316176969782,subway_cleaned.geojson,2008-06-06 23:11:11,2008-06-06 23:19:49,518.0,subway,377,179,47.48010610079575,91,178,6.94,"
Trip Summary:
- Start: 2008-06-06 23:11:11 at 财经东路, 清华园, 中关村街道, 海淀区, 北京市, 100190, 中国
- End: 2008-06-06 23:19:49 at 凯德MALL•西直门, 西直门站换乘通道, 展览路街道, 首都功能核心区, 西城区, 北京市, 100032, 中国
- Duration: 0 days 00:08:38
- Distance: 5.52 km
- Average Speed: 20.30 km/h
- Average Bearing Change: 5.49°
- Max Speed: 24.98 km/h
- Min Speed: 2.85 km/h
- Speed Variability: 6.99 km/h
- Average Acceleration: -0.04 m/s²
- Max Acceleration: 4.15 m/s²
- Number of Turns: 8
- Turn Rate: 1.39 turns/min
- Average Turn Angle: 5.49°
- Turn Angle Variability: 8.22°
- Transport Mode: subway
    "
3.5150815600619953,24.482834095589883,8.081614759356146,2.307981226034052,17.09350308849666,-0.009677078712671244,1.755685437602922,0.2880038622785121,21,1.7721518987341773,7.219715378398305,8.84251230877698,7.219715378398305,bike_cleaned.geojson,2008-06-06 18:16:39,2008-06-06 18:28:42,723.0,bike,661,13,1.9667170953101363,21,12,6.94,"
Trip Summary:
- Start: 2008-06-06 18:16:39 at 中关村东路, 知春东里社区, 中关村街道, 海淀区, 北京市, 100190, 中国
- End: 2008-06-06 18:28:42 at 清华大学, 30, 双清路, 东升镇, 海淀区, 北京市, 100084, 中国
- Duration: 0 days 00:12:03
- Distance: 3.52 km
- Average Speed: 17.09 km/h
- Average Bearing Change: 7.22°
- Max Speed: 24.48 km/h
- Min Speed: 8.08 km/h
- Speed Variability: 2.31 km/h
- Average Acceleration: -0.01 m/s²
- Max Acceleration: 1.76 m/s²
- Number of Turns: 21
- Turn Rate: 1.77 turns/min
- Average Turn Angle: 7.22°
- Turn Angle Variability: 8.84°
- Transport Mode: bike
    "
9.203155800347057,50.004000000000005,0.061567478478914826,15.926168607398301,33.64289968174984,0.04099965885556734,3.277391526246195,0.5265624544722386,63,3.134328358208955,8.989023107536779,25.415024247730745,8.989023107536779,taxi_cleaned.geojson,2008-06-06 23:36:04,2008-06-06 23:56:24,1220.0,taxi,915,11,1.2021857923497268,149,10,13.89,"
Trip Summary:
- Start: 2008-06-06 23:36:04 at 赵登禹路, 新街口街道, 首都功能核心区, 西城区, 北京市, 100032, 中国
- End: 2008-06-06 23:56:24 at 北京站街, 建国门街道, 首都功能核心区, 东城区, 北京市, 100010, 中国
- Duration: 0 days 00:20:20
- Distance: 9.20 km
- Average Speed: 33.64 km/h
- Average Bearing Change: 8.99°
- Max Speed: 50.00 km/h
- Min Speed: 0.06 km/h
- Speed Variability: 15.93 km/h
- Average Acceleration: 0.04 m/s²
- Max Acceleration: 3.28 m/s²
- Number of Turns: 63
- Turn Rate: 3.13 turns/min
- Average Turn Angle: 8.99°
- Turn Angle Variability: 25.42°
- Transport Mode: taxi
    "
0.39610667797134874,8.074836974224413,2.522635351323253,1.0512782595010004,5.119989534195107,3.3204480353032106e-05,0.6455275737205866,0.15031023004299154,69,14.89208633093525,23.002165775249715,22.460192494338184,23.002165775249715,walk_cleaned.geojson,2008-06-06 23:56:52,2008-06-07 00:01:32,280.0,walk,265,3,1.1320754716981132,1,2,2.78,"
Trip Summary:
- Start: 2008-06-06 23:56:52 at 北京站街, 建国门街道, 首都功能核心区, 东城区, 北京市, 100010, 中国
- End: 2008-06-07 00:01:32 at 建国门街道, 首都功能核心区, 东城区, 北京市, 100010, 中国
- Duration: 0 days 00:04:40
- Distance: 0.40 km
- Average Speed: 5.12 km/h
- Average Bearing Change: 23.00°
- Max Speed: 8.07 km/h
- Min Speed: 2.52 km/h
- Speed Variability: 1.05 km/h
- Average Acceleration: 0.00 m/s²
- Max Acceleration: 0.65 m/s²
- Number of Turns: 69
- Turn Rate: 14.89 turns/min
- Average Turn Angle: 23.00°
- Turn Angle Variability: 22.46°
- Transport Mode: walk
    "
30.154603315292565,50.004000000000005,0.061433306651957974,19.804646958546716,21.171592265341825,0.013041077674337709,1.7599090491564315,0.22362133415956192,209,2.571780147662018,30.047611611571995,48.62402638635436,30.047611611571995,car_cleaned.geojson,2008-11-29 14:21:13,2008-11-29 15:43:43,4950.0,car,812,19,2.3399014778325125,136,18,13.89,"
Trip Summary:
- Start: 2008-11-29 14:21:13 at 安苑路, 小关街道, 朝阳区, 北京市, 100012, 中国
- End: 2008-11-29 15:43:43 at 中关村南四街, 知春东里社区, 中关村街道, 海淀区, 北京市, 100098, 中国
- Duration: 0 days 01:22:30
- Distance: 30.15 km
- Average Speed: 21.17 km/h
- Average Bearing Change: 30.05°
- Max Speed: 50.00 km/h
- Min Speed: 0.06 km/h
- Speed Variability: 19.80 km/h
- Average Acceleration: 0.01 m/s²
- Max Acceleration: 1.76 m/s²
- Number of Turns: 209
- Turn Rate: 2.57 turns/min
- Average Turn Angle: 30.05°
- Turn Angle Variability: 48.62°
- Transport Mode: car
    "
0.11327097332332046,2.919027399179279,0.0,0.9824356763891899,1.1882645969036263,0.0028351774182013745,0.1527499578308978,0.03823985297660331,20,7.185628742514971,81.65227884904537,55.365148367685016,81.65227884904537,walk_cleaned.geojson,2008-11-29 14:17:44,2008-11-29 14:20:38,174.0,walk,30,3,10.0,1,2,2.78,"
Trip Summary:
- Start: 2008-11-29 14:17:44 at 安苑路, 小关街道, 朝阳区, 北京市, 100012, 中国
- End: 2008-11-29 14:20:38 at 安苑路, 小关街道, 朝阳区, 北京市, 100012, 中国
- Duration: 0 days 00:02:54
- Distance: 0.11 km
- Average Speed: 1.19 km/h
- Average Bearing Change: 81.65°
- Max Speed: 2.92 km/h
- Min Speed: 0.00 km/h
- Speed Variability: 0.98 km/h
- Average Acceleration: 0.00 m/s²
- Max Acceleration: 0.15 m/s²
- Number of Turns: 20
- Turn Rate: 7.19 turns/min
- Average Turn Angle: 81.65°
- Turn Angle Variability: 55.37°
- Transport Mode: walk
    "
7.838938573220026,39.996,0.1998618478178399,12.527562167760346,29.440792915905035,0.010613663811717255,1.5675368978023057,0.2206608273844158,32,2.0210526315789474,9.647936314560429,25.43673953257654,9.647936314560429,bus_cleaned.geojson,2008-09-17 13:47:14,2008-09-17 14:03:08,954.0,bus,450,4,0.8888888888888888,124,3,11.11,"
Trip Summary:
- Start: 2008-09-17 13:47:14 at 惠新东桥西, 北四环东路, 大屯街道, 朝阳区, 北京市, 100029, 中国
- End: 2008-09-17 14:03:08 at 中国科学院力学研究所, 15号, 北四环西路, 科育社区, 中关村街道, 海淀区, 北京市, 100190, 中国
- Duration: 0 days 00:15:54
- Distance: 7.84 km
- Average Speed: 29.44 km/h
- Average Bearing Change: 9.65°
- Max Speed: 40.00 km/h
- Min Speed: 0.20 km/h
- Speed Variability: 12.53 km/h
- Average Acceleration: 0.01 m/s²
- Max Acceleration: 1.57 m/s²
- Number of Turns: 32
- Turn Rate: 2.02 turns/min
- Average Turn Angle: 9.65°
- Turn Angle Variability: 25.44°
- Transport Mode: bus
    "
0.8217812041018799,10.008,0.5043071996082257,1.9294806625675103,4.1951153184675,-0.0002036506123834876,0.5294842691344875,0.1272421449989469,95,9.760273972602741,35.18189657221587,40.99812132652029,35.18189657221587,walk_cleaned.geojson,2008-09-17 14:03:28,2008-09-17 14:13:50,622.0,walk,265,7,2.6415094339622645,9,6,2.78,"
Trip Summary:
- Start: 2008-09-17 14:03:28 at 中国科学院力学研究所, 15号, 北四环西路, 科育社区, 中关村街道, 海淀区, 北京市, 100190, 中国
- End: 2008-09-17 14:13:50 at 中关村街道, 海淀区, 北京市, 100190, 中国
- Duration: 0 days 00:10:22
- Distance: 0.82 km
- Average Speed: 4.20 km/h
- Average Bearing Change: 35.18°
- Max Speed: 10.01 km/h
- Min Speed: 0.50 km/h
- Speed Variability: 1.93 km/h
- Average Acceleration: -0.00 m/s²
- Max Acceleration: 0.53 m/s²
- Number of Turns: 95
- Turn Rate: 9.76 turns/min
- Average Turn Angle: 35.18°
- Turn Angle Variability: 41.00°
- Transport Mode: walk
    "
7.8747482473922075,39.996,0.15375076457883768,16.373797146825677,19.298117645084336,-0.02240739654731709,3.1129934021429273,0.31185161304792497,133,5.305851063829787,22.172290606517237,33.335249759844906,22.172290606517237,bus_cleaned.geojson,2008-10-15 11:30:16,2008-10-15 11:55:30,1514.0,bus,587,8,1.362862010221465,127,7,11.11,"
Trip Summary:
- Start: 2008-10-15 11:30:16 at 北四环东路, 大屯街道, 朝阳区, 北京市, 100012, 中国
- End: 2008-10-15 11:55:30 at 中关村街道, 海淀区, 北京市, 100190, 中国
- Duration: 0 days 00:25:14
- Distance: 7.87 km
- Average Speed: 19.30 km/h
- Average Bearing Change: 22.17°
- Max Speed: 40.00 km/h
- Min Speed: 0.15 km/h
- Speed Variability: 16.37 km/h
- Average Acceleration: -0.02 m/s²
- Max Acceleration: 3.11 m/s²
- Number of Turns: 133
- Turn Rate: 5.31 turns/min
- Average Turn Angle: 22.17°
- Turn Angle Variability: 33.34°
- Transport Mode: bus
    "
0.7698463827889342,10.008,0.7566621379204164,2.478231395397873,4.464795026613104,0.003150669303777685,0.6129950354929217,0.15218844509740423,76,7.835051546391753,32.74818486059596,35.05212098330105,32.74818486059596,walk_cleaned.geojson,2008-10-15 10:37:44,2008-10-15 10:47:40,596.0,walk,217,8,3.686635944700461,22,7,2.78,"
Trip Summary:
- Start: 2008-10-15 10:37:44 at 东直门南小街, 北新桥街道, 首都功能核心区, 东城区, 北京市, 100010, 中国
- End: 2008-10-15 10:47:40 at 东直门南小街, 北新桥街道, 首都功能核心区, 东城区, 北京市, 100010, 中国
- Duration: 0 days 00:09:56
- Distance: 0.77 km
- Average Speed: 4.46 km/h
- Average Bearing Change: 32.75°
- Max Speed: 10.01 km/h
- Min Speed: 0.76 km/h
- Speed Variability: 2.48 km/h
- Average Acceleration: 0.00 m/s²
- Max Acceleration: 0.61 m/s²
- Number of Turns: 76
- Turn Rate: 7.84 turns/min
- Average Turn Angle: 32.75°
- Turn Angle Variability: 35.05°
- Transport Mode: walk
    "
2.319184428895596,8.268278738346709,0.025202557085015294,2.6185220977608212,3.914781388183253,-0.00041260990869172184,0.30996041659837575,0.0589975744848858,43,2.841409691629956,35.559568706291685,43.44676376585867,35.559568706291685,walk_cleaned.geojson,2009-09-15 12:57:08,2009-09-15 13:12:35,927.0,walk,125,7,5.6000000000000005,4,6,2.78,"
Trip Summary:
- Start: 2009-09-15 12:57:08 at 立水桥, 立汤路, 来广营乡, 朝阳区, 北京市, 102218, 中国
- End: 2009-09-15 13:12:35 at 太平庄中街, 天通苑南街道, 中滩村, 昌平区, 北京市, 102218, 中国
- Duration: 0 days 00:15:27
- Distance: 2.32 km
- Average Speed: 3.91 km/h
- Average Bearing Change: 35.56°
- Max Speed: 8.27 km/h
- Min Speed: 0.03 km/h
- Speed Variability: 2.62 km/h
- Average Acceleration: -0.00 m/s²
- Max Acceleration: 0.31 m/s²
- Number of Turns: 43
- Turn Rate: 2.84 turns/min
- Average Turn Angle: 35.56°
- Turn Angle Variability: 43.45°
- Transport Mode: walk
    "
4.168913251123768,21.723098275424665,0.7307508853774977,2.3081152744521005,15.024182450143586,-0.00047838306600951066,1.0578637673138986,0.16096895277594464,21,1.0260586319218241,9.620540123442858,11.116610291682552,9.620540123442858,bike_cleaned.geojson,2008-11-27 02:11:16,2008-11-27 02:31:38,1222.0,bike,460,7,1.5217391304347827,12,6,6.94,"
Trip Summary:
- Start: 2008-11-27 02:11:16 at 清华大学, 30, 双清路, 东升镇, 海淀区, 北京市, 100084, 中国
- End: 2008-11-27 02:31:38 at 知春路, 中关村街道, 海淀区, 北京市, 100098, 中国
- Duration: 0 days 00:20:22
- Distance: 4.17 km
- Average Speed: 15.02 km/h
- Average Bearing Change: 9.62°
- Max Speed: 21.72 km/h
- Min Speed: 0.73 km/h
- Speed Variability: 2.31 km/h
- Average Acceleration: -0.00 m/s²
- Max Acceleration: 1.06 m/s²
- Number of Turns: 21
- Turn Rate: 1.03 turns/min
- Average Turn Angle: 9.62°
- Turn Angle Variability: 11.12°
- Transport Mode: bike
    "
0.17849775142868352,7.852677463360383,0.10250838830604186,2.296609414260484,4.090980683784908,-0.001702142146976621,0.31317457233337825,0.11016224746595342,12,5.454545454545454,28.5532852224302,46.145765540223,28.5532852224302,walk_cleaned.geojson,2008-11-27 02:31:44,2008-11-27 02:33:58,134.0,walk,53,2,3.7735849056603774,0,1,2.78,"
Trip Summary:
- Start: 2008-11-27 02:31:44 at 知春路, 中关村街道, 海淀区, 北京市, 100098, 中国
- End: 2008-11-27 02:33:58 at 希格玛大厦, 知春路, 中关村街道, 海淀区, 北京市, 100098, 中国
- Duration: 0 days 00:02:14
- Distance: 0.18 km
- Average Speed: 4.09 km/h
- Average Bearing Change: 28.55°
- Max Speed: 7.85 km/h
- Min Speed: 0.10 km/h
- Speed Variability: 2.30 km/h
- Average Acceleration: -0.00 m/s²
- Max Acceleration: 0.31 m/s²
- Number of Turns: 12
- Turn Rate: 5.45 turns/min
- Average Turn Angle: 28.55°
- Turn Angle Variability: 46.15°
- Transport Mode: walk
    "
1.7052353755949148,35.423600578309824,0.9749224351554617,9.133581652900581,11.800755373871596,-0.031134287396027492,2.146606886601548,0.5542925001546539,27,4.655172413793103,35.9370813752219,42.840902172311516,35.9370813752219,bus_cleaned.geojson,2008-05-24 09:43:20,2008-05-24 09:49:14,354.0,bus,71,3,4.225352112676056,3,2,11.11,"
Trip Summary:
- Start: 2008-05-24 09:43:20 at 914, 知春路, 知春东里社区, 中关村街道, 海淀区, 北京市, 100086, 中国
- End: 2008-05-24 09:49:14 at 中关村东路, 知春东里社区, 中关村街道, 海淀区, 北京市, 100190, 中国
- Duration: 0 days 00:05:54
- Distance: 1.71 km
- Average Speed: 11.80 km/h
- Average Bearing Change: 35.94°
- Max Speed: 35.42 km/h
- Min Speed: 0.97 km/h
- Speed Variability: 9.13 km/h
- Average Acceleration: -0.03 m/s²
- Max Acceleration: 2.15 m/s²
- Number of Turns: 27
- Turn Rate: 4.66 turns/min
- Average Turn Angle: 35.94°
- Turn Angle Variability: 42.84°
- Transport Mode: bus
    "
1.3695298829932108,10.008,0.9230221259207838,3.548218038569245,6.681349969525871,0.01698480877364735,0.7893626750246941,0.21642341018328956,27,9.529411764705882,34.06873018035736,36.84650874910921,34.06873018035736,walk_cleaned.geojson,2008-05-24 09:23:50,2008-05-24 09:28:22,272.0,walk,120,53,44.166666666666664,27,52,2.78,"
Trip Summary:
- Start: 2008-05-24 09:23:50 at 北坞村路, 四季青镇, 海淀区, 北京市, 100097, 中国
- End: 2008-05-24 09:28:22 at 四海桥, 西四环北路, 曙光街道, 常青村, 海淀区, 北京市, 100097, 中国
- Duration: 0 days 00:04:32
- Distance: 1.37 km
- Average Speed: 6.68 km/h
- Average Bearing Change: 34.07°
- Max Speed: 10.01 km/h
- Min Speed: 0.92 km/h
- Speed Variability: 3.55 km/h
- Average Acceleration: 0.02 m/s²
- Max Acceleration: 0.79 m/s²
- Number of Turns: 27
- Turn Rate: 9.53 turns/min
- Average Turn Angle: 34.07°
- Turn Angle Variability: 36.85°
- Transport Mode: walk
    "
5.403234086888116,39.996,0.35031339749122814,13.00837028693452,24.577586362177996,8.8912365969213e-05,0.13244021938843117,0.07019589836666702,3,0.2340702210663199,21.678097411528576,32.33069780383304,21.678097411528576,bus_cleaned.geojson,2007-04-16 13:06:09,2007-04-16 13:19:10,781.0,bus,17,4,23.52941176470588,2,3,11.11,"
Trip Summary:
- Start: 2007-04-16 13:06:09 at 中关村东路, 知春东里社区, 中关村街道, 海淀区, 北京市, 100098, 中国
- End: 2007-04-16 13:19:10 at 首都体育馆南路, 甘家口街道, 海淀区, 北京市, 100835, 中国
- Duration: 0 days 00:13:01
- Distance: 5.40 km
- Average Speed: 24.58 km/h
- Average Bearing Change: 21.68°
- Max Speed: 40.00 km/h
- Min Speed: 0.35 km/h
- Speed Variability: 13.01 km/h
- Average Acceleration: 0.00 m/s²
- Max Acceleration: 0.13 m/s²
- Number of Turns: 3
- Turn Rate: 0.23 turns/min
- Average Turn Angle: 21.68°
- Turn Angle Variability: 32.33°
- Transport Mode: bus
    "
5.8433178795101375,6.661995693394526,2.6236152170980116,1.0072688139316825,4.923253691584507,-0.0004106871186107006,0.0306270839121894,0.009489999460462006,8,0.31007751937984496,20.58001624612251,17.580068963941397,20.58001624612251,walk_cleaned.geojson,2007-04-16 13:03:18,2007-04-16 13:29:45,1587.0,walk,38,3,7.894736842105263,4,2,2.78,"
Trip Summary:
- Start: 2007-04-16 13:03:18 at 知春路, 知春东里社区, 中关村街道, 海淀区, 北京市, 100098, 中国
- End: 2007-04-16 13:29:45 at 增光路, 甘家口街道, 海淀区, 北京市, 100835, 中国
- Duration: 0 days 00:26:27
- Distance: 5.84 km
- Average Speed: 4.92 km/h
- Average Bearing Change: 20.58°
- Max Speed: 6.66 km/h
- Min Speed: 2.62 km/h
- Speed Variability: 1.01 km/h
- Average Acceleration: -0.00 m/s²
- Max Acceleration: 0.03 m/s²
- Number of Turns: 8
- Turn Rate: 0.31 turns/min
- Average Turn Angle: 20.58°
- Turn Angle Variability: 17.58°
- Transport Mode: walk
    "
3.5428556998093543,22.783895245029985,0.5089523915322124,6.30641405239549,10.439420976096894,0.004558998144200706,0.11017633397871214,0.032382947957834134,7,0.4034582132564841,22.514337953574458,38.434400914417154,22.514337953574458,bus_cleaned.geojson,2007-10-02 08:09:12,2007-10-02 08:25:06,954.0,bus,39,2,5.128205128205128,5,1,11.11,"
Trip Summary:
- Start: 2007-10-02 08:09:12 at 西三环, 精图社区, 太平桥街道, 丰台区, 北京市, 100161, 中国
- End: 2007-10-02 08:25:06 at 莲怡园东路, 六里桥街道, 丰台区, 北京市, 100161, 中国
- Duration: 0 days 00:15:54
- Distance: 3.54 km
- Average Speed: 10.44 km/h
- Average Bearing Change: 22.51°
- Max Speed: 22.78 km/h
- Min Speed: 0.51 km/h
- Speed Variability: 6.31 km/h
- Average Acceleration: 0.00 m/s²
- Max Acceleration: 0.11 m/s²
- Number of Turns: 7
- Turn Rate: 0.40 turns/min
- Average Turn Angle: 22.51°
- Turn Angle Variability: 38.43°
- Transport Mode: bus
    "
3.0434006800007034,24.984,3.015475899233264,3.002027246378165,15.796490716629995,-0.0006145174705959949,2.7129827564712605,0.3457603131579506,23,1.8826739427012278,8.832754397067026,15.956785880370917,8.832754397067026,bike_cleaned.geojson,2008-07-17 01:45:34,2008-07-17 01:57:52,738.0,bike,588,9,1.530612244897959,21,8,6.94,"
Trip Summary:
- Start: 2008-07-17 01:45:34 at 清华大学, 30, 双清路, 东升镇, 海淀区, 北京市, 100084, 中国
- End: 2008-07-17 01:57:52 at 中关村街道, 海淀区, 北京市, 100098, 中国
- Duration: 0 days 00:12:18
- Distance: 3.04 km
- Average Speed: 15.80 km/h
- Average Bearing Change: 8.83°
- Max Speed: 24.98 km/h
- Min Speed: 3.02 km/h
- Speed Variability: 3.00 km/h
- Average Acceleration: -0.00 m/s²
- Max Acceleration: 2.71 m/s²
- Number of Turns: 23
- Turn Rate: 1.88 turns/min
- Average Turn Angle: 8.83°
- Turn Angle Variability: 15.96°
- Transport Mode: bike
    "
0.02157169799834721,7.994459726652101,4.951895684407939,0.9177938174434743,6.607683384215622,-0.029321878633189632,0.23509950638071042,0.28481983878481604,1,5.454545454545455,14.228958854047686,10.703156645294417,14.228958854047686,walk_cleaned.geojson,2008-07-17 01:58:11,2008-07-17 01:58:22,11.0,walk,14,2,14.285714285714285,0,1,2.78,"
Trip Summary:
- Start: 2008-07-17 01:58:11 at 中关村街道, 海淀区, 北京市, 100098, 中国
- End: 2008-07-17 01:58:22 at 希格玛大厦, 知春路, 中关村街道, 海淀区, 北京市, 100098, 中国
- Duration: 0 days 00:00:11
- Distance: 0.02 km
- Average Speed: 6.61 km/h
- Average Bearing Change: 14.23°
- Max Speed: 7.99 km/h
- Min Speed: 4.95 km/h
- Speed Variability: 0.92 km/h
- Average Acceleration: -0.03 m/s²
- Max Acceleration: 0.24 m/s²
- Number of Turns: 1
- Turn Rate: 5.45 turns/min
- Average Turn Angle: 14.23°
- Turn Angle Variability: 10.70°
- Transport Mode: walk
    "
3.108530895468562,21.652294136007452,4.812361470781636,4.827462480357508,16.283937555719614,-0.0011098438864852124,0.041041291847056544,0.02741915461902257,2,0.16925246826516221,17.38176088047086,26.20110071045522,17.38176088047086,bike_cleaned.geojson,2008-03-11 16:10:01,2008-03-11 16:21:58,717.0,bike,17,2,11.76470588235294,4,1,6.94,"
Trip Summary:
- Start: 2008-03-11 16:10:01 at 中关村东路, 知春东里社区, 中关村街道, 海淀区, 北京市, 100098, 中国
- End: 2008-03-11 16:21:58 at 清华大学, 30, 双清路, 东升镇, 海淀区, 北京市, 100084, 中国
- Duration: 0 days 00:11:57
- Distance: 3.11 km
- Average Speed: 16.28 km/h
- Average Bearing Change: 17.38°
- Max Speed: 21.65 km/h
- Min Speed: 4.81 km/h
- Speed Variability: 4.83 km/h
- Average Acceleration: -0.00 m/s²
- Max Acceleration: 0.04 m/s²
- Number of Turns: 2
- Turn Rate: 0.17 turns/min
- Average Turn Angle: 17.38°
- Turn Angle Variability: 26.20°
- Transport Mode: bike
    "
5.566197634259277,39.996,0.10086685589048967,15.048379698515344,20.817467236836638,0.020736704038532696,2.9552117163951883,0.43157997807166426,35,1.810344827586207,23.014513185776973,38.73236442246234,23.014513185776973,bus_cleaned.geojson,2008-08-29 12:19:19,2008-08-29 12:38:39,1160.0,bus,184,1,0.5434782608695652,39,0,11.11,"
Trip Summary:
- Start: 2008-08-29 12:19:19 at 中关村南大街, 北下关街道, 海淀区, 北京市, 100835, 中国
- End: 2008-08-29 12:38:39 at 知春路, 知春东里社区, 中关村街道, 海淀区, 北京市, 100098, 中国
- Duration: 0 days 00:19:20
- Distance: 5.57 km
- Average Speed: 20.82 km/h
- Average Bearing Change: 23.01°
- Max Speed: 40.00 km/h
- Min Speed: 0.10 km/h
- Speed Variability: 15.05 km/h
- Average Acceleration: 0.02 m/s²
- Max Acceleration: 2.96 m/s²
- Number of Turns: 35
- Turn Rate: 1.81 turns/min
- Average Turn Angle: 23.01°
- Turn Angle Variability: 38.73°
- Transport Mode: bus
    "
4.860209866169206,6.716894737945487,0.0,1.8294407730347895,3.4088031744682814,0.001777597832506364,0.4826189857882467,0.061188488075208235,64,1.9512195121951221,40.7091118240633,47.803811466822154,40.7091118240633,walk_cleaned.geojson,2008-08-29 12:10:14,2008-08-29 12:42:19,1925.0,walk,158,4,2.5316455696202533,1,3,2.78,"
Trip Summary:
- Start: 2008-08-29 12:10:14 at 西直门外大街, 展览路街道, 北下关街道, 海淀区, 北京市, 100835, 中国
- End: 2008-08-29 12:42:19 at 中航科技大厦, 56, 知春路, 知春东里社区, 中关村街道, 海淀区, 北京市, 100098, 中国
- Duration: 0 days 00:32:05
- Distance: 4.86 km
- Average Speed: 3.41 km/h
- Average Bearing Change: 40.71°
- Max Speed: 6.72 km/h
- Min Speed: 0.00 km/h
- Speed Variability: 1.83 km/h
- Average Acceleration: 0.00 m/s²
- Max Acceleration: 0.48 m/s²
- Number of Turns: 64
- Turn Rate: 1.95 turns/min
- Average Turn Angle: 40.71°
- Turn Angle Variability: 47.80°
- Transport Mode: walk
    "
6.07547454463262,13.61082932385867,0.061473091903941554,2.8847334967383493,5.28461590058359,0.0019100103435233649,1.2141286215504918,0.09701265392723586,115,3.257790368271955,31.85208856870956,35.52846235156564,31.85208856870956,bus_cleaned.geojson,2009-03-22 09:54:46,2009-03-22 10:30:01,2115.0,bus,338,2,0.591715976331361,2,1,11.11,"
Trip Summary:
- Start: 2009-03-22 09:54:46 at 青龙桥街道, 海淀区, 北京市, 100084, 中国
- End: 2009-03-22 10:30:01 at 中国科学院大学（中关村校区）, 中关村南四街, 知春东里社区, 中关村街道, 海淀区, 北京市, 100098, 中国
- Duration: 0 days 00:35:15
- Distance: 6.08 km
- Average Speed: 5.28 km/h
- Average Bearing Change: 31.85°
- Max Speed: 13.61 km/h
- Min Speed: 0.06 km/h
- Speed Variability: 2.88 km/h
- Average Acceleration: 0.00 m/s²
- Max Acceleration: 1.21 m/s²
- Number of Turns: 115
- Turn Rate: 3.26 turns/min
- Average Turn Angle: 31.85°
- Turn Angle Variability: 35.53°
- Transport Mode: bus
    "
4.070043260025513,18.949186227285118,1.2991229249285083,1.718240615548839,13.155435312132754,-0.008796738506153843,0.5218014544163718,0.15258171626179692,10,0.5464480874316939,6.881556331481774,10.520217237128549,6.881556331481774,bike_cleaned.geojson,2008-08-10 16:49:41,2008-08-10 17:08:21,1120.0,bike,482,8,1.6597510373443984,16,7,6.94,"
Trip Summary:
- Start: 2008-08-10 16:49:41 at 中关村街道, 海淀区, 北京市, 100098, 中国
- End: 2008-08-10 17:08:21 at 清华大学, 30, 双清路, 东升镇, 海淀区, 北京市, 100084, 中国
- Duration: 0 days 00:18:40
- Distance: 4.07 km
- Average Speed: 13.16 km/h
- Average Bearing Change: 6.88°
- Max Speed: 18.95 km/h
- Min Speed: 1.30 km/h
- Speed Variability: 1.72 km/h
- Average Acceleration: -0.01 m/s²
- Max Acceleration: 0.52 m/s²
- Number of Turns: 10
- Turn Rate: 0.55 turns/min
- Average Turn Angle: 6.88°
- Turn Angle Variability: 10.52°
- Transport Mode: bike
    "
0.02741163176738033,1.9986149088473488,0.15376383128080964,0.7089262218921152,0.7323149350819348,-0.008077360345172415,0.058023917132906826,0.04016607949331162,11,11.379310344827585,52.55108051857125,53.48135733989789,52.55108051857125,walk_cleaned.geojson,2008-08-10 16:48:31,2008-08-10 16:49:25,54.0,walk,22,1,4.545454545454546,1,0,2.78,"
Trip Summary:
- Start: 2008-08-10 16:48:31 at 希格玛大厦, 知春路, 中关村街道, 海淀区, 北京市, 100098, 中国
- End: 2008-08-10 16:49:25 at 中关村街道, 海淀区, 北京市, 100098, 中国
- Duration: 0 days 00:00:54
- Distance: 0.03 km
- Average Speed: 0.73 km/h
- Average Bearing Change: 52.55°
- Max Speed: 2.00 km/h
- Min Speed: 0.15 km/h
- Speed Variability: 0.71 km/h
- Average Acceleration: -0.01 m/s²
- Max Acceleration: 0.06 m/s²
- Number of Turns: 11
- Turn Rate: 11.38 turns/min
- Average Turn Angle: 52.55°
- Turn Angle Variability: 53.48°
- Transport Mode: walk
    "
0.5134192064280867,5.652209042654211,0.562401311805376,1.078298527943679,3.3367886679874266,0.0021947303131486674,0.03571760214898862,0.015134875976419642,5,0.5988023952095809,38.281457383646625,41.850193060237906,38.281457383646625,walk_cleaned.geojson,2007-04-14 02:33:15,2007-04-14 02:40:18,423.0,walk,18,1,5.555555555555555,1,0,2.78,"
Trip Summary:
- Start: 2007-04-14 02:33:15 at 首都体育馆南路, 甘家口街道, 海淀区, 北京市, 100835, 中国
- End: 2007-04-14 02:40:18 at 车公庄西路, 甘家口街道, 海淀区, 北京市, 100835, 中国
- Duration: 0 days 00:07:03
- Distance: 0.51 km
- Average Speed: 3.34 km/h
- Average Bearing Change: 38.28°
- Max Speed: 5.65 km/h
- Min Speed: 0.56 km/h
- Speed Variability: 1.08 km/h
- Average Acceleration: 0.00 m/s²
- Max Acceleration: 0.04 m/s²
- Number of Turns: 5
- Turn Rate: 0.60 turns/min
- Average Turn Angle: 38.28°
- Turn Angle Variability: 41.85°
- Transport Mode: walk
    "
3.525030942783791,20.395185611263514,9.396347987096835,1.8793187708856895,16.191025789459065,-0.0046588025795872064,2.3626394457602853,0.2873177911896926,15,1.1264080100125156,6.438352673217416,7.289233029254113,6.438352673217416,bike_cleaned.geojson,2008-05-29 15:46:29,2008-05-29 15:59:58,809.0,bike,728,11,1.510989010989011,10,10,6.94,"
Trip Summary:
- Start: 2008-05-29 15:46:29 at 星规路, 知春东里社区, 中关村街道, 海淀区, 北京市, 100098, 中国
- End: 2008-05-29 15:59:58 at 清华大学, 30, 双清路, 东升镇, 海淀区, 北京市, 100084, 中国
- Duration: 0 days 00:13:29
- Distance: 3.53 km
- Average Speed: 16.19 km/h
- Average Bearing Change: 6.44°
- Max Speed: 20.40 km/h
- Min Speed: 9.40 km/h
- Speed Variability: 1.88 km/h
- Average Acceleration: -0.00 m/s²
- Max Acceleration: 2.36 m/s²
- Number of Turns: 15
- Turn Rate: 1.13 turns/min
- Average Turn Angle: 6.44°
- Turn Angle Variability: 7.29°
- Transport Mode: bike
    "
3.933953679041564,22.119991492670135,4.009052091582841,3.0811621917455114,13.831920879961935,-0.012030286819118712,2.6790338339421336,0.31892057148551056,53,3.093385214007782,10.775036545661202,13.054281613948373,10.775036545661202,bike_cleaned.geojson,2008-06-02 01:32:19,2008-06-02 01:49:39,1040.0,bike,913,12,1.3143483023001095,22,11,6.94,"
Trip Summary:
- Start: 2008-06-02 01:32:19 at 清华大学, 30, 双清路, 东升镇, 海淀区, 北京市, 100084, 中国
- End: 2008-06-02 01:49:39 at 中关村街道, 海淀区, 北京市, 100098, 中国
- Duration: 0 days 00:17:20
- Distance: 3.93 km
- Average Speed: 13.83 km/h
- Average Bearing Change: 10.78°
- Max Speed: 22.12 km/h
- Min Speed: 4.01 km/h
- Speed Variability: 3.08 km/h
- Average Acceleration: -0.01 m/s²
- Max Acceleration: 2.68 m/s²
- Number of Turns: 53
- Turn Rate: 3.09 turns/min
- Average Turn Angle: 10.78°
- Turn Angle Variability: 13.05°
- Transport Mode: bike
    "
0.04184700691291913,7.038110257857254,2.218273437544367,1.3359048644705163,5.686380602410988,-0.029558058333664324,0.5703338872102213,0.18692190434041783,9,20.76923076923077,25.905862671448563,17.360512017956278,25.905862671448563,walk_cleaned.geojson,2008-06-02 01:50:46,2008-06-02 01:51:12,26.0,walk,28,1,3.571428571428571,0,0,2.78,"
Trip Summary:
- Start: 2008-06-02 01:50:46 at 希格玛大厦, 知春路, 中关村街道, 海淀区, 北京市, 100098, 中国
- End: 2008-06-02 01:51:12 at 希格玛大厦, 知春路, 中关村街道, 海淀区, 北京市, 100098, 中国
- Duration: 0 days 00:00:26
- Distance: 0.04 km
- Average Speed: 5.69 km/h
- Average Bearing Change: 25.91°
- Max Speed: 7.04 km/h
- Min Speed: 2.22 km/h
- Speed Variability: 1.34 km/h
- Average Acceleration: -0.03 m/s²
- Max Acceleration: 0.57 m/s²
- Number of Turns: 9
- Turn Rate: 20.77 turns/min
- Average Turn Angle: 25.91°
- Turn Angle Variability: 17.36°
- Transport Mode: walk
    "
1.6232381760135017,39.996,0.25222421320270977,14.270290652059753,14.433936287121487,0.02414673437790334,0.7269246499392648,0.2601772891770287,31,4.818652849740933,22.105348476266915,35.08665882510463,22.105348476266915,bus_cleaned.geojson,2008-10-11 06:06:46,2008-10-11 06:13:18,392.0,bus,164,4,2.4390243902439024,10,3,11.11,"
Trip Summary:
- Start: 2008-10-11 06:06:46 at Origus, 工人体育场北路, 东直门, 东直门街道, 首都功能核心区, 东城区, 北京市, 100010, 中国
- End: 2008-10-11 06:13:18 at 工人体育场北路, 三里屯, 三里屯街道, 朝阳区, 北京市, 100600, 中国
- Duration: 0 days 00:06:32
- Distance: 1.62 km
- Average Speed: 14.43 km/h
- Average Bearing Change: 22.11°
- Max Speed: 40.00 km/h
- Min Speed: 0.25 km/h
- Speed Variability: 14.27 km/h
- Average Acceleration: 0.02 m/s²
- Max Acceleration: 0.73 m/s²
- Number of Turns: 31
- Turn Rate: 4.82 turns/min
- Average Turn Angle: 22.11°
- Turn Angle Variability: 35.09°
- Transport Mode: bus
    "
1.5136177312932697,50.004000000000005,0.1998602440222692,17.07980619523153,13.459011861832684,0.028321215371345992,2.4889380486675057,0.44085349483197,27,5.74468085106383,28.08111157590124,43.424944539024644,28.08111157590124,taxi_cleaned.geojson,2008-10-11 06:34:19,2008-10-11 06:39:01,282.0,taxi,117,4,3.418803418803419,11,3,13.89,"
Trip Summary:
- Start: 2008-10-11 06:34:19 at 工人体育场北路, 三里屯, 三里屯街道, 朝阳区, 北京市, 100600, 中国
- End: 2008-10-11 06:39:01 at 长城酒家, 10, 东三环北路, 麦子店街道, 朝阳区, 北京市, 100125, 中国
- Duration: 0 days 00:04:42
- Distance: 1.51 km
- Average Speed: 13.46 km/h
- Average Bearing Change: 28.08°
- Max Speed: 50.00 km/h
- Min Speed: 0.20 km/h
- Speed Variability: 17.08 km/h
- Average Acceleration: 0.03 m/s²
- Max Acceleration: 2.49 m/s²
- Number of Turns: 27
- Turn Rate: 5.74 turns/min
- Average Turn Angle: 28.08°
- Turn Angle Variability: 43.42°
- Transport Mode: taxi
    "
2.9599722588275883,10.008,0.19985999714655506,2.1347359759236046,3.2188666519291593,-0.008362171336352005,1.2203886149136272,0.14492302216953679,148,4.985962942167322,37.11892176706367,41.00196509370055,37.11892176706367,walk_cleaned.geojson,2008-10-11 06:04:02,2008-10-11 06:34:07,1805.0,walk,386,12,3.1088082901554404,16,11,2.78,"
Trip Summary:
- Start: 2008-10-11 06:04:02 at 工人体育场北路, 东直门, 东直门街道, 首都功能核心区, 东城区, 北京市, 100010, 中国
- End: 2008-10-11 06:34:07 at 工人体育场北路, 三里屯, 三里屯街道, 朝阳区, 北京市, 100600, 中国
- Duration: 0 days 00:30:05
- Distance: 2.96 km
- Average Speed: 3.22 km/h
- Average Bearing Change: 37.12°
- Max Speed: 10.01 km/h
- Min Speed: 0.20 km/h
- Speed Variability: 2.13 km/h
- Average Acceleration: -0.01 m/s²
- Max Acceleration: 1.22 m/s²
- Number of Turns: 148
- Turn Rate: 4.99 turns/min
- Average Turn Angle: 37.12°
- Turn Angle Variability: 41.00°
- Transport Mode: walk
    "
4.067019148028165,23.803634958108034,5.861853648668836,2.3831368038466594,16.254808114870123,-0.00021383215865816664,0.7174567734728456,0.15180279075269154,10,0.6147540983606558,7.716569165431264,8.704790498527782,7.716569165431264,bike_cleaned.geojson,2008-11-24 01:45:58,2008-11-24 02:02:38,1000.0,bike,389,11,2.827763496143959,15,10,6.94,"
Trip Summary:
- Start: 2008-11-24 01:45:58 at 清华大学, 30, 双清路, 东升镇, 海淀区, 北京市, 100084, 中国
- End: 2008-11-24 02:02:38 at 中关村街道, 海淀区, 北京市, 100098, 中国
- Duration: 0 days 00:16:40
- Distance: 4.07 km
- Average Speed: 16.25 km/h
- Average Bearing Change: 7.72°
- Max Speed: 23.80 km/h
- Min Speed: 5.86 km/h
- Speed Variability: 2.38 km/h
- Average Acceleration: -0.00 m/s²
- Max Acceleration: 0.72 m/s²
- Number of Turns: 10
- Turn Rate: 0.61 turns/min
- Average Turn Angle: 7.72°
- Turn Angle Variability: 8.70°
- Transport Mode: bike
    "
0.03497862501812584,5.017785834150101,0.6738503418452366,1.4005475606266993,3.3289114798873825,-0.015228698480304627,0.3139791028054433,0.10538135175792276,7,11.052631578947368,34.079713301912264,31.461716003942914,34.079713301912264,walk_cleaned.geojson,2008-11-24 02:03:18,2008-11-24 02:03:56,38.0,walk,21,1,4.761904761904762,0,0,2.78,"
Trip Summary:
- Start: 2008-11-24 02:03:18 at 中关村街道, 海淀区, 北京市, 100098, 中国
- End: 2008-11-24 02:03:56 at 希格玛大厦, 知春路, 中关村街道, 海淀区, 北京市, 100098, 中国
- Duration: 0 days 00:00:38
- Distance: 0.03 km
- Average Speed: 3.33 km/h
- Average Bearing Change: 34.08°
- Max Speed: 5.02 km/h
- Min Speed: 0.67 km/h
- Speed Variability: 1.40 km/h
- Average Acceleration: -0.02 m/s²
- Max Acceleration: 0.31 m/s²
- Number of Turns: 7
- Turn Rate: 11.05 turns/min
- Average Turn Angle: 34.08°
- Turn Angle Variability: 31.46°
- Transport Mode: walk
    "
8.858614354954705,39.996,0.03578834892733942,13.821863042947083,17.557380455819654,0.008941799859198823,3.530864270949664,0.3761988118298642,88,3.1058823529411765,31.23680053162695,45.73446359855697,31.23680053162695,bus_cleaned.geojson,2009-04-02 22:55:52,2009-04-02 23:24:47,1735.0,bus,309,5,1.6181229773462782,19,4,11.11,"
Trip Summary:
- Start: 2009-04-02 22:55:52 at 北下关街道, 海淀区, 北京市, 100081, 中国
- End: 2009-04-02 23:24:47 at 首都博物馆, 16, 复兴门外大街, 月坛街道, 首都功能核心区, 西城区, 北京市, 100032, 中国
- Duration: 0 days 00:28:55
- Distance: 8.86 km
- Average Speed: 17.56 km/h
- Average Bearing Change: 31.24°
- Max Speed: 40.00 km/h
- Min Speed: 0.04 km/h
- Speed Variability: 13.82 km/h
- Average Acceleration: 0.01 m/s²
- Max Acceleration: 3.53 m/s²
- Number of Turns: 88
- Turn Rate: 3.11 turns/min
- Average Turn Angle: 31.24°
- Turn Angle Variability: 45.73°
- Transport Mode: bus
    "
0.5448463156467175,10.008,0.5616278723067561,2.944415445542335,6.120882774429676,0.011760263220688369,0.7564569875751195,0.13933846800864774,22,4.714285714285714,45.768185563108084,46.46461182077451,45.768185563108084,walk_cleaned.geojson,2009-04-02 23:25:02,2009-04-02 23:29:47,285.0,walk,45,2,4.444444444444445,10,1,2.78,"
Trip Summary:
- Start: 2009-04-02 23:25:02 at 白云路, 月坛街道, 首都功能核心区, 西城区, 北京市, 100032, 中国
- End: 2009-04-02 23:29:47 at 首都医科大学附属复兴医院, 复兴路, 木樨地小区, 月坛街道, 首都功能核心区, 西城区, 北京市, 100032, 中国
- Duration: 0 days 00:04:45
- Distance: 0.54 km
- Average Speed: 6.12 km/h
- Average Bearing Change: 45.77°
- Max Speed: 10.01 km/h
- Min Speed: 0.56 km/h
- Speed Variability: 2.94 km/h
- Average Acceleration: 0.01 m/s²
- Max Acceleration: 0.76 m/s²
- Number of Turns: 22
- Turn Rate: 4.71 turns/min
- Average Turn Angle: 45.77°
- Turn Angle Variability: 46.46°
- Transport Mode: walk
    "
3.8361727438698927,23.22938125492883,10.406739410276447,1.9727177723032632,16.75583801776204,-0.0021535865792072888,0.5810165080438021,0.11690191834261243,14,0.9610983981693364,8.176826415854809,11.074427300800393,8.176826415854809,bike_cleaned.geojson,2008-05-12 18:27:02,2008-05-12 18:41:50,888.0,bike,368,8,2.1739130434782608,6,7,6.94,"
Trip Summary:
- Start: 2008-05-12 18:27:02 at 星规路, 知春东里社区, 中关村街道, 海淀区, 北京市, 100098, 中国
- End: 2008-05-12 18:41:50 at 清华大学, 30, 双清路, 东升镇, 海淀区, 北京市, 100084, 中国
- Duration: 0 days 00:14:48
- Distance: 3.84 km
- Average Speed: 16.76 km/h
- Average Bearing Change: 8.18°
- Max Speed: 23.23 km/h
- Min Speed: 10.41 km/h
- Speed Variability: 1.97 km/h
- Average Acceleration: -0.00 m/s²
- Max Acceleration: 0.58 m/s²
- Number of Turns: 14
- Turn Rate: 0.96 turns/min
- Average Turn Angle: 8.18°
- Turn Angle Variability: 11.07°
- Transport Mode: bike
    "
0.1999082454027152,8.173636259169358,1.5505672274101125,1.5733783802446921,5.295388543015541,0.003304408913124861,0.5362971514229541,0.1558763066459509,14,6.885245901639345,21.972627849497137,25.894980487776564,21.972627849497137,walk_cleaned.geojson,2008-05-12 18:24:44,2008-05-12 18:26:46,122.0,walk,63,1,1.5873015873015872,4,0,2.78,"
Trip Summary:
- Start: 2008-05-12 18:24:44 at 希格玛大厦, 知春路, 中关村街道, 海淀区, 北京市, 100098, 中国
- End: 2008-05-12 18:26:46 at 星规路, 知春东里社区, 中关村街道, 海淀区, 北京市, 100098, 中国
- Duration: 0 days 00:02:02
- Distance: 0.20 km
- Average Speed: 5.30 km/h
- Average Bearing Change: 21.97°
- Max Speed: 8.17 km/h
- Min Speed: 1.55 km/h
- Speed Variability: 1.57 km/h
- Average Acceleration: 0.00 m/s²
- Max Acceleration: 0.54 m/s²
- Number of Turns: 14
- Turn Rate: 6.89 turns/min
- Average Turn Angle: 21.97°
- Turn Angle Variability: 25.89°
- Transport Mode: walk
    "
4.1173184604640936,18.075766296644023,0.297956898811763,3.4243597584264993,12.062264479680541,-0.006408659653216857,0.40295874452614966,0.0975696171983549,19,0.7894736842105263,12.989110244359201,17.352047235643568,12.989110244359201,bike_cleaned.geojson,2008-08-28 10:47:24,2008-08-28 11:11:58,1474.0,bike,229,3,1.3100436681222707,2,2,6.94,"
Trip Summary:
- Start: 2008-08-28 10:47:24 at 清华大学, 30, 双清路, 东升镇, 海淀区, 北京市, 100084, 中国
- End: 2008-08-28 11:11:58 at 中关村街道, 海淀区, 北京市, 100098, 中国
- Duration: 0 days 00:24:34
- Distance: 4.12 km
- Average Speed: 12.06 km/h
- Average Bearing Change: 12.99°
- Max Speed: 18.08 km/h
- Min Speed: 0.30 km/h
- Speed Variability: 3.42 km/h
- Average Acceleration: -0.01 m/s²
- Max Acceleration: 0.40 m/s²
- Number of Turns: 19
- Turn Rate: 0.79 turns/min
- Average Turn Angle: 12.99°
- Turn Angle Variability: 17.35°
- Transport Mode: bike
    "
1.2252423184157137,24.984,0.0,6.3824544269887316,12.137281096619587,0.008195842762873209,2.8982736797175317,0.36326880795087246,36,4.909090909090909,15.706043007167878,26.574744794421747,15.706043007167878,bike_cleaned.geojson,2008-05-20 15:22:10,2008-05-20 15:28:34,384.0,bike,313,6,1.9169329073482428,11,5,6.94,"
Trip Summary:
- Start: 2008-05-20 15:22:10 at 希格玛大厦, 知春路, 中关村街道, 海淀区, 北京市, 100098, 中国
- End: 2008-05-20 15:28:34 at 中国科学院理论物理研究所, 55, 中关村东路, 清华园, 中关村街道, 海淀区, 北京市, 100190, 中国
- Duration: 0 days 00:06:24
- Distance: 1.23 km
- Average Speed: 12.14 km/h
- Average Bearing Change: 15.71°
- Max Speed: 24.98 km/h
- Min Speed: 0.00 km/h
- Speed Variability: 6.38 km/h
- Average Acceleration: 0.01 m/s²
- Max Acceleration: 2.90 m/s²
- Number of Turns: 36
- Turn Rate: 4.91 turns/min
- Average Turn Angle: 15.71°
- Turn Angle Variability: 26.57°
- Transport Mode: bike
    "
0.47663053504493047,8.865134254332993,0.0730794637930663,1.7157045612073036,3.0283866949000675,-0.0033010868676943378,0.4402221509946382,0.12466960873834197,69,8.054474708171206,39.215126970743164,38.228157092625345,39.215126970743164,walk_cleaned.geojson,2008-09-15 12:13:30,2008-09-15 12:20:14,404.0,walk,163,7,4.294478527607362,2,6,2.78,"
Trip Summary:
- Start: 2008-09-15 12:13:30 at 白塔庵东, 知春路, 知春东里社区, 中关村街道, 海淀区, 北京市, 100081, 中国
- End: 2008-09-15 12:20:14 at 厦门商务会馆, 迎夏街, 中关村街道, 海淀区, 北京市, 100098, 中国
- Duration: 0 days 00:06:44
- Distance: 0.48 km
- Average Speed: 3.03 km/h
- Average Bearing Change: 39.22°
- Max Speed: 8.87 km/h
- Min Speed: 0.07 km/h
- Speed Variability: 1.72 km/h
- Average Acceleration: -0.00 m/s²
- Max Acceleration: 0.44 m/s²
- Number of Turns: 69
- Turn Rate: 8.05 turns/min
- Average Turn Angle: 39.22°
- Turn Angle Variability: 38.23°
- Transport Mode: walk
    "
2.694115647036178,39.996,0.6293267408453683,11.94792630267206,14.035632190502222,0.02171218242915142,3.658944243397045,0.4478937213615453,44,4.2926829268292686,33.674147842438614,41.59178964470384,33.674147842438614,bus_cleaned.geojson,2011-10-19 01:02:21,2011-10-19 01:12:41,620.0,bus,128,2,1.5625,5,1,11.11,"
Trip Summary:
- Start: 2011-10-19 01:02:21 at 知春路, 花园路街道, 中关村街道, 海淀区, 北京市, 100081, 中国
- End: 2011-10-19 01:12:41 at 知识产权大厦, 21号, 海淀南路, 中关村核心区, 海淀街道, 六郎庄村, 海淀区, 北京市, 100872, 中国
- Duration: 0 days 00:10:20
- Distance: 2.69 km
- Average Speed: 14.04 km/h
- Average Bearing Change: 33.67°
- Max Speed: 40.00 km/h
- Min Speed: 0.63 km/h
- Speed Variability: 11.95 km/h
- Average Acceleration: 0.02 m/s²
- Max Acceleration: 3.66 m/s²
- Number of Turns: 44
- Turn Rate: 4.29 turns/min
- Average Turn Angle: 33.67°
- Turn Angle Variability: 41.59°
- Transport Mode: bus
    "
0.7978486693213546,9.912978493440026,0.1766243481672576,2.36447439492882,4.909828326817543,0.005967125430308199,0.35186363873121096,0.07696452722019895,34,1.7739130434782608,31.295542484234236,29.53838060874851,31.295542484234236,walk_cleaned.geojson,2011-10-19 01:12:51,2011-10-19 01:21:31,520.0,walk,97,4,4.123711340206185,7,3,2.78,"
Trip Summary:
- Start: 2011-10-19 01:12:51 at 知识产权大厦, 21号, 海淀南路, 中关村核心区, 海淀街道, 六郎庄村, 海淀区, 北京市, 100872, 中国
- End: 2011-10-19 01:21:31 at 善缘街, 中关村核心区, 海淀街道, 海淀区, 北京市, 100080, 中国
- Duration: 0 days 00:08:40
- Distance: 0.80 km
- Average Speed: 4.91 km/h
- Average Bearing Change: 31.30°
- Max Speed: 9.91 km/h
- Min Speed: 0.18 km/h
- Speed Variability: 2.36 km/h
- Average Acceleration: 0.01 m/s²
- Max Acceleration: 0.35 m/s²
- Number of Turns: 34
- Turn Rate: 1.77 turns/min
- Average Turn Angle: 31.30°
- Turn Angle Variability: 29.54°
- Transport Mode: walk
    "
12.864951592019727,39.996,0.0,14.778541335076532,15.650231620539401,0.010929728136749594,3.074409111369131,0.35326864082235376,249,5.1234567901234565,24.20287265943052,39.16189148691249,24.20287265943052,bus_cleaned.geojson,2008-10-17 13:04:09,2008-10-17 13:53:33,2964.0,bus,1207,25,2.071251035625518,132,24,11.11,"
Trip Summary:
- Start: 2008-10-17 13:04:09 at 月坛街道, 首都功能核心区, 西城区, 北京市, 100032, 中国
- End: 2008-10-17 13:53:33 at 世纪科贸大厦C座, 66号, 中关村东路, 知春东里社区, 中关村街道, 海淀区, 北京市, 100190, 中国
- Duration: 0 days 00:49:24
- Distance: 12.86 km
- Average Speed: 15.65 km/h
- Average Bearing Change: 24.20°
- Max Speed: 40.00 km/h
- Min Speed: 0.00 km/h
- Speed Variability: 14.78 km/h
- Average Acceleration: 0.01 m/s²
- Max Acceleration: 3.07 m/s²
- Number of Turns: 249
- Turn Rate: 5.12 turns/min
- Average Turn Angle: 24.20°
- Turn Angle Variability: 39.16°
- Transport Mode: bus
    "
0.19860530573736346,10.008,1.5436360263296711,2.0091575929054977,4.483907592343243,-0.018727008631504324,0.39186870248473743,0.13306026196771414,20,11.764705882352942,31.165974332183854,32.51531430323917,31.165974332183854,walk_cleaned.geojson,2008-10-17 13:53:42,2008-10-17 13:55:34,112.0,walk,52,6,11.538461538461538,0,5,2.78,"
Trip Summary:
- Start: 2008-10-17 13:53:42 at 世纪科贸大厦C座, 66号, 中关村东路, 知春东里社区, 中关村街道, 海淀区, 北京市, 100190, 中国
- End: 2008-10-17 13:55:34 at 中关村南四街, 知春东里社区, 中关村街道, 海淀区, 北京市, 100098, 中国
- Duration: 0 days 00:01:52
- Distance: 0.20 km
- Average Speed: 4.48 km/h
- Average Bearing Change: 31.17°
- Max Speed: 10.01 km/h
- Min Speed: 1.54 km/h
- Speed Variability: 2.01 km/h
- Average Acceleration: -0.02 m/s²
- Max Acceleration: 0.39 m/s²
- Number of Turns: 20
- Turn Rate: 11.76 turns/min
- Average Turn Angle: 31.17°
- Turn Angle Variability: 32.52°
- Transport Mode: walk
    "
3.4903259657893893,24.984,0.0,9.14706488794187,10.163719898702906,0.0075521416637940614,4.188618880502357,0.42111220077030065,163,6.657590197413206,25.413029398037626,39.40439973822307,25.413029398037626,bike_cleaned.geojson,2008-06-26 02:38:01,2008-06-26 03:01:31,1410.0,bike,742,25,3.3692722371967654,110,24,6.94,"
Trip Summary:
- Start: 2008-06-26 02:38:01 at Hundred Years Cafe, 30, 双清路, 东升镇, 海淀区, 北京市, 100084, 中国
- End: 2008-06-26 03:01:31 at 希格玛大厦, 知春路, 中关村街道, 海淀区, 北京市, 100098, 中国
- Duration: 0 days 00:23:30
- Distance: 3.49 km
- Average Speed: 10.16 km/h
- Average Bearing Change: 25.41°
- Max Speed: 24.98 km/h
- Min Speed: 0.00 km/h
- Speed Variability: 9.15 km/h
- Average Acceleration: 0.01 m/s²
- Max Acceleration: 4.19 m/s²
- Number of Turns: 163
- Turn Rate: 6.66 turns/min
- Average Turn Angle: 25.41°
- Turn Angle Variability: 39.40°
- Transport Mode: bike
    "
4.81766605013186,24.984,1.28690370367049,10.349840693990192,12.522836716231337,0.0014804355284465387,1.0454303304021093,0.34288947331844843,8,1.8823529411764706,50.3193985138766,45.71035613351541,50.3193985138766,subway_cleaned.geojson,2009-05-03 07:13:19,2009-05-03 07:19:39,380.0,subway,45,28,62.22222222222222,4,27,6.94,"
Trip Summary:
- Start: 2009-05-03 07:13:19 at 自行车专用路服务区, 回龙观-上地自行车专用路, 回龙观街道, 二拔子村, 昌平区, 北京市, 102208, 中国
- End: 2009-05-03 07:19:39 at 上地, 上地东二路, 上地街道, 朱房村, 海淀区, 北京市, 100085, 中国
- Duration: 0 days 00:06:20
- Distance: 4.82 km
- Average Speed: 12.52 km/h
- Average Bearing Change: 50.32°
- Max Speed: 24.98 km/h
- Min Speed: 1.29 km/h
- Speed Variability: 10.35 km/h
- Average Acceleration: 0.00 m/s²
- Max Acceleration: 1.05 m/s²
- Number of Turns: 8
- Turn Rate: 1.88 turns/min
- Average Turn Angle: 50.32°
- Turn Angle Variability: 45.71°
- Transport Mode: subway
    "
0.4132836091328683,7.6505806251520605,0.7338411260774097,1.9498997143204253,3.6026754671291923,0.002174155256900961,0.5797924564134367,0.1458224249562038,46,11.89655172413793,37.57244225604171,34.879687070141614,37.57244225604171,walk_cleaned.geojson,2008-10-15 00:31:47,2008-10-15 00:35:51,244.0,walk,108,8,7.4074074074074066,5,7,2.78,"
Trip Summary:
- Start: 2008-10-15 00:31:47 at 工人体育场北路, 东直门, 东直门街道, 首都功能核心区, 东城区, 北京市, 100010, 中国
- End: 2008-10-15 00:35:51 at 东中街, 东直门, 东直门街道, 首都功能核心区, 东城区, 北京市, 100010, 中国
- Duration: 0 days 00:04:04
- Distance: 0.41 km
- Average Speed: 3.60 km/h
- Average Bearing Change: 37.57°
- Max Speed: 7.65 km/h
- Min Speed: 0.73 km/h
- Speed Variability: 1.95 km/h
- Average Acceleration: 0.00 m/s²
- Max Acceleration: 0.58 m/s²
- Number of Turns: 46
- Turn Rate: 11.90 turns/min
- Average Turn Angle: 37.57°
- Turn Angle Variability: 34.88°
- Transport Mode: walk
    "
0.7241991651163876,5.317382719877425,2.003589881850824,0.7576474145196744,4.306077428471716,4.3949510728746264e-05,0.030156614082442502,0.010033226335366897,4,0.45283018867924524,20.920404965398298,24.50423088357511,20.920404965398298,walk_cleaned.geojson,2007-04-17 13:26:02,2007-04-17 13:34:39,517.0,walk,24,1,4.166666666666666,1,0,2.78,"
Trip Summary:
- Start: 2007-04-17 13:26:02 at 北京市生态环境局, 车公庄西路, 甘家口街道, 海淀区, 北京市, 100048, 中国
- End: 2007-04-17 13:34:39 at 增光路, 甘家口街道, 海淀区, 北京市, 100835, 中国
- Duration: 0 days 00:08:37
- Distance: 0.72 km
- Average Speed: 4.31 km/h
- Average Bearing Change: 20.92°
- Max Speed: 5.32 km/h
- Min Speed: 2.00 km/h
- Speed Variability: 0.76 km/h
- Average Acceleration: 0.00 m/s²
- Max Acceleration: 0.03 m/s²
- Number of Turns: 4
- Turn Rate: 0.45 turns/min
- Average Turn Angle: 20.92°
- Turn Angle Variability: 24.50°
- Transport Mode: walk
    "
12.502573432200215,39.996,0.0,10.80446288846437,10.948132837926657,0.009794776615727209,3.0761186850675575,0.29303802844921384,270,3.7859312923580277,22.11377729315683,39.85179824852314,22.11377729315683,bus_cleaned.geojson,2008-12-05 08:55:33,2008-12-05 10:07:38,4325.0,bus,1578,22,1.394169835234474,42,21,11.11,"
Trip Summary:
- Start: 2008-12-05 08:55:33 at 白云路, 月坛街道, 首都功能核心区, 西城区, 北京市, 100032, 中国
- End: 2008-12-05 10:07:38 at 中关村东路, 知春东里社区, 中关村街道, 海淀区, 北京市, 100190, 中国
- Duration: 0 days 01:12:05
- Distance: 12.50 km
- Average Speed: 10.95 km/h
- Average Bearing Change: 22.11°
- Max Speed: 40.00 km/h
- Min Speed: 0.00 km/h
- Speed Variability: 10.80 km/h
- Average Acceleration: 0.01 m/s²
- Max Acceleration: 3.08 m/s²
- Number of Turns: 270
- Turn Rate: 3.79 turns/min
- Average Turn Angle: 22.11°
- Turn Angle Variability: 39.85°
- Transport Mode: bus
    "
0.3422434020719437,8.367044646449326,0.1332411401907837,2.1532558877148,4.043210766244106,-0.006042945141878165,0.5523874845932465,0.11194896145054514,41,7.028571428571429,34.41705583352953,38.354516065249484,34.41705583352953,walk_cleaned.geojson,2008-12-05 10:07:54,2008-12-05 10:13:38,344.0,walk,112,3,2.6785714285714284,5,2,2.78,"
Trip Summary:
- Start: 2008-12-05 10:07:54 at 保福寺桥南, 中关村东路, 知春东里社区, 中关村街道, 海淀区, 北京市, 100190, 中国
- End: 2008-12-05 10:13:38 at 中关村南三条, 中关村街道, 海淀区, 北京市, 100190, 中国
- Duration: 0 days 00:05:44
- Distance: 0.34 km
- Average Speed: 4.04 km/h
- Average Bearing Change: 34.42°
- Max Speed: 8.37 km/h
- Min Speed: 0.13 km/h
- Speed Variability: 2.15 km/h
- Average Acceleration: -0.01 m/s²
- Max Acceleration: 0.55 m/s²
- Number of Turns: 41
- Turn Rate: 7.03 turns/min
- Average Turn Angle: 34.42°
- Turn Angle Variability: 38.35°
- Transport Mode: walk
    "
9.550063665524204,39.996,0.0,12.262314236806994,12.099006649227581,-0.0052726813382835205,2.1003194904135905,0.32610125421351105,283,6.143270622286541,27.009944753788492,41.888848430554475,27.009944753788492,bus_cleaned.geojson,2008-10-13 23:47:14,2008-10-14 00:33:52,2798.0,bus,1134,18,1.5873015873015872,53,17,11.11,"
Trip Summary:
- Start: 2008-10-13 23:47:14 at 北四环中路, 亚运村街道, 朝阳区, 北京市, 100012, 中国
- End: 2008-10-14 00:33:52 at 工人体育场北路, 东直门, 东直门街道, 首都功能核心区, 东城区, 北京市, 100010, 中国
- Duration: 0 days 00:46:38
- Distance: 9.55 km
- Average Speed: 12.10 km/h
- Average Bearing Change: 27.01°
- Max Speed: 40.00 km/h
- Min Speed: 0.00 km/h
- Speed Variability: 12.26 km/h
- Average Acceleration: -0.01 m/s²
- Max Acceleration: 2.10 m/s²
- Number of Turns: 283
- Turn Rate: 6.14 turns/min
- Average Turn Angle: 27.01°
- Turn Angle Variability: 41.89°
- Transport Mode: bus
    "
0.23160606288418364,10.008,1.7338541428058407,2.399293677093491,5.049845506881286,0.012772809246113632,1.1067127411842015,0.2417231146805846,28,12.173913043478262,42.69016603821323,50.10725796615436,42.69016603821323,walk_cleaned.geojson,2008-10-14 04:46:50,2008-10-14 04:49:12,142.0,walk,70,3,4.285714285714286,7,2,2.78,"
Trip Summary:
- Start: 2008-10-14 04:46:50 at 东中街, 东直门, 东直门街道, 首都功能核心区, 东城区, 北京市, 100010, 中国
- End: 2008-10-14 04:49:12 at 东中街, 东直门, 东直门街道, 首都功能核心区, 东城区, 北京市, 100010, 中国
- Duration: 0 days 00:02:22
- Distance: 0.23 km
- Average Speed: 5.05 km/h
- Average Bearing Change: 42.69°
- Max Speed: 10.01 km/h
- Min Speed: 1.73 km/h
- Speed Variability: 2.40 km/h
- Average Acceleration: 0.01 m/s²
- Max Acceleration: 1.11 m/s²
- Number of Turns: 28
- Turn Rate: 12.17 turns/min
- Average Turn Angle: 42.69°
- Turn Angle Variability: 50.11°
- Transport Mode: walk
    "
27.649374549940344,39.996,0.5138325750823264,14.687726230505845,25.757393869128705,0.019583323718500772,1.5615873855779798,0.24137925091981402,110,2.072213500784929,21.171373905697337,37.41738764235564,21.171373905697337,bus_cleaned.geojson,2009-04-12 12:10:56,2009-04-12 13:04:31,3215.0,bus,592,7,1.1824324324324325,200,6,11.11,"
Trip Summary:
- Start: 2009-04-12 12:10:56 at 苏家坨镇, 海淀区, 北京市, 中国
- End: 2009-04-12 13:04:31 at 中国科学院大学中关村校区, 中关村南一条, 科育社区, 中关村街道, 海淀区, 北京市, 100190, 中国
- Duration: 0 days 00:53:35
- Distance: 27.65 km
- Average Speed: 25.76 km/h
- Average Bearing Change: 21.17°
- Max Speed: 40.00 km/h
- Min Speed: 0.51 km/h
- Speed Variability: 14.69 km/h
- Average Acceleration: 0.02 m/s²
- Max Acceleration: 1.56 m/s²
- Number of Turns: 110
- Turn Rate: 2.07 turns/min
- Average Turn Angle: 21.17°
- Turn Angle Variability: 37.42°
- Transport Mode: bus
    "
6.424749245294657,38.405078595066605,0.10237220522042495,10.838314899393493,9.265908078927444,0.007194728245368921,1.78728863316886,0.21614684089367944,164,4.650283553875236,44.00385742260414,50.30622053285778,44.00385742260414,car_cleaned.geojson,2009-04-12 10:38:58,2009-04-12 11:14:23,2125.0,car,384,4,1.0416666666666665,12,3,13.89,"
Trip Summary:
- Start: 2009-04-12 10:38:58 at 北清路, 温泉镇, 海淀区, 北京市, 中国
- End: 2009-04-12 11:14:23 at 北清路, 温泉镇, 海淀区, 北京市, 中国
- Duration: 0 days 00:35:25
- Distance: 6.42 km
- Average Speed: 9.27 km/h
- Average Bearing Change: 44.00°
- Max Speed: 38.41 km/h
- Min Speed: 0.10 km/h
- Speed Variability: 10.84 km/h
- Average Acceleration: 0.01 m/s²
- Max Acceleration: 1.79 m/s²
- Number of Turns: 164
- Turn Rate: 4.65 turns/min
- Average Turn Angle: 44.00°
- Turn Angle Variability: 50.31°
- Transport Mode: car
    "
0.6686089888980511,9.845495080812453,2.342530384563834,1.649542925026325,5.201587586513148,-0.0007655387500286543,0.2256288544582789,0.059727436840179615,25,3.75,28.178766950202004,30.71260957657095,28.178766950202004,walk_cleaned.geojson,2009-04-12 13:04:46,2009-04-12 13:11:36,410.0,walk,82,3,3.6585365853658534,4,2,2.78,"
Trip Summary:
- Start: 2009-04-12 13:04:46 at 中关村南路, 科育社区, 中关村街道, 海淀区, 北京市, 100086, 中国
- End: 2009-04-12 13:11:36 at 中关村南三条, 中关村街道, 海淀区, 北京市, 100190, 中国
- Duration: 0 days 00:06:50
- Distance: 0.67 km
- Average Speed: 5.20 km/h
- Average Bearing Change: 28.18°
- Max Speed: 9.85 km/h
- Min Speed: 2.34 km/h
- Speed Variability: 1.65 km/h
- Average Acceleration: -0.00 m/s²
- Max Acceleration: 0.23 m/s²
- Number of Turns: 25
- Turn Rate: 3.75 turns/min
- Average Turn Angle: 28.18°
- Turn Angle Variability: 30.71°
- Transport Mode: walk
    "
3.924914934474484,20.566536629100455,0.2651198267707362,2.087523159323103,14.058364622777646,-0.0026481068355652007,2.2209897703440205,0.2660222562758028,32,1.8842001962708537,9.107923508861942,10.251137214209653,9.107923508861942,bike_cleaned.geojson,2008-05-26 15:23:47,2008-05-26 15:40:40,1013.0,bike,901,11,1.2208657047724751,17,10,6.94,"
Trip Summary:
- Start: 2008-05-26 15:23:47 at 希格玛大厦, 知春路, 中关村街道, 海淀区, 北京市, 100098, 中国
- End: 2008-05-26 15:40:40 at 清华大学, 30, 双清路, 东升镇, 海淀区, 北京市, 100084, 中国
- Duration: 0 days 00:16:53
- Distance: 3.92 km
- Average Speed: 14.06 km/h
- Average Bearing Change: 9.11°
- Max Speed: 20.57 km/h
- Min Speed: 0.27 km/h
- Speed Variability: 2.09 km/h
- Average Acceleration: -0.00 m/s²
- Max Acceleration: 2.22 m/s²
- Number of Turns: 32
- Turn Rate: 1.88 turns/min
- Average Turn Angle: 9.11°
- Turn Angle Variability: 10.25°
- Transport Mode: bike
    "
7.975286893019172,39.996,0.0,14.672132350733024,19.720966019546804,-0.0019586009453137192,2.710856674838709,0.29267823690291633,64,2.7886710239651418,29.483864897056996,44.15157737259376,29.483864897056996,bus_cleaned.geojson,2008-09-15 12:31:10,2008-09-15 12:54:28,1398.0,bus,259,8,3.088803088803089,23,7,11.11,"
Trip Summary:
- Start: 2008-09-15 12:31:10 at 和平西桥, 北三环东路, 和平街街道, 朝阳区, 北京市, 100013, 中国
- End: 2008-09-15 12:54:28 at 知春路, 中关村街道, 海淀区, 北京市, 100098, 中国
- Duration: 0 days 00:23:18
- Distance: 7.98 km
- Average Speed: 19.72 km/h
- Average Bearing Change: 29.48°
- Max Speed: 40.00 km/h
- Min Speed: 0.00 km/h
- Speed Variability: 14.67 km/h
- Average Acceleration: -0.00 m/s²
- Max Acceleration: 2.71 m/s²
- Number of Turns: 64
- Turn Rate: 2.79 turns/min
- Average Turn Angle: 29.48°
- Turn Angle Variability: 44.15°
- Transport Mode: bus
    "
7.529340825583453,5.60087232995097,0.10087054465595996,1.9218817125455467,2.155207956422676,0.006158729187933251,0.21344963679216153,0.04696469830754866,25,0.8610792192881744,47.456884623902624,45.6714959962918,47.456884623902624,walk_cleaned.geojson,2008-09-15 12:26:25,2008-09-15 12:55:50,1765.0,walk,55,4,7.2727272727272725,0,3,2.78,"
Trip Summary:
- Start: 2008-09-15 12:26:25 at 和平东桥, 北三环东路, 和平街街道, 朝阳区, 北京市, 100029, 中国
- End: 2008-09-15 12:55:50 at 希格玛大厦, 知春路, 中关村街道, 海淀区, 北京市, 100098, 中国
- Duration: 0 days 00:29:25
- Distance: 7.53 km
- Average Speed: 2.16 km/h
- Average Bearing Change: 47.46°
- Max Speed: 5.60 km/h
- Min Speed: 0.10 km/h
- Speed Variability: 1.92 km/h
- Average Acceleration: 0.01 m/s²
- Max Acceleration: 0.21 m/s²
- Number of Turns: 25
- Turn Rate: 0.86 turns/min
- Average Turn Angle: 47.46°
- Turn Angle Variability: 45.67°
- Transport Mode: walk
    "
1.4760440565589128,9.551580313639834,0.0,2.2506406698091506,2.3081905301366743,-0.0012283197477489076,0.5026418597061909,0.08077369749629207,272,9.422632794457275,48.41249315516098,52.655323529129525,48.41249315516098,walk_cleaned.geojson,2008-10-01 08:53:05,2008-10-01 09:22:05,1740.0,walk,607,7,1.1532125205930808,18,6,2.78,"
Trip Summary:
- Start: 2008-10-01 08:53:05 at 和平街街道, 朝阳区, 北京市, 100029, 中国
- End: 2008-10-01 09:22:05 at 太阳宫桥, 北三环东路, 和平街街道, 朝阳区, 北京市, 100029, 中国
- Duration: 0 days 00:29:00
- Distance: 1.48 km
- Average Speed: 2.31 km/h
- Average Bearing Change: 48.41°
- Max Speed: 9.55 km/h
- Min Speed: 0.00 km/h
- Speed Variability: 2.25 km/h
- Average Acceleration: -0.00 m/s²
- Max Acceleration: 0.50 m/s²
- Number of Turns: 272
- Turn Rate: 9.42 turns/min
- Average Turn Angle: 48.41°
- Turn Angle Variability: 52.66°
- Transport Mode: walk
    "
0.9875675015062179,8.157977771998556,0.0,1.7953109831905045,4.289547054087184,0.002138935593049698,0.5652826969321004,0.06674659472228318,53,4.478873239436619,38.13277652847569,37.915961803507614,38.13277652847569,walk_cleaned.geojson,2008-08-19 05:19:03,2008-08-19 05:31:03,720.0,walk,137,2,1.4598540145985401,12,1,2.78,"
Trip Summary:
- Start: 2008-08-19 05:19:03 at 肯德基, 29, 知春路, 花园路街道, 东升镇, 海淀区, 北京市, 100081, 中国
- End: 2008-08-19 05:31:03 at 希格玛大厦, 知春路, 中关村街道, 海淀区, 北京市, 100098, 中国
- Duration: 0 days 00:12:00
- Distance: 0.99 km
- Average Speed: 4.29 km/h
- Average Bearing Change: 38.13°
- Max Speed: 8.16 km/h
- Min Speed: 0.00 km/h
- Speed Variability: 1.80 km/h
- Average Acceleration: 0.00 m/s²
- Max Acceleration: 0.57 m/s²
- Number of Turns: 53
- Turn Rate: 4.48 turns/min
- Average Turn Angle: 38.13°
- Turn Angle Variability: 37.92°
- Transport Mode: walk
    "
3.887341961562317,16.99103340882991,4.569445431782056,1.4869955604608347,13.491261501165436,-0.0009206233923580627,0.45023436468398637,0.0945298243848061,11,0.6707317073170732,7.143598979668453,10.847613422702032,7.143598979668453,bike_cleaned.geojson,2008-10-08 18:08:45,2008-10-08 18:25:21,996.0,bike,432,12,2.7777777777777777,8,11,6.94,"
Trip Summary:
- Start: 2008-10-08 18:08:45 at 知春路, 知春东里社区, 中关村街道, 海淀区, 北京市, 100098, 中国
- End: 2008-10-08 18:25:21 at 清华大学, 30, 双清路, 东升镇, 海淀区, 北京市, 100084, 中国
- Duration: 0 days 00:16:36
- Distance: 3.89 km
- Average Speed: 13.49 km/h
- Average Bearing Change: 7.14°
- Max Speed: 16.99 km/h
- Min Speed: 4.57 km/h
- Speed Variability: 1.49 km/h
- Average Acceleration: -0.00 m/s²
- Max Acceleration: 0.45 m/s²
- Number of Turns: 11
- Turn Rate: 0.67 turns/min
- Average Turn Angle: 7.14°
- Turn Angle Variability: 10.85°
- Transport Mode: bike
    "
3.8961769519029814,19.514346782980656,9.276620444618503,1.9319033156928522,15.842529166489433,-0.0005380928619376817,0.2855217895702296,0.07038740754565158,3,0.2033898305084746,7.466940962019783,8.564694558298806,7.466940962019783,bike_cleaned.geojson,2008-08-20 05:02:40,2008-08-20 05:17:40,900.0,bike,164,4,2.4390243902439024,1,3,6.94,"
Trip Summary:
- Start: 2008-08-20 05:02:40 at 清华大学, 30, 双清路, 东升镇, 海淀区, 北京市, 100084, 中国
- End: 2008-08-20 05:17:40 at 知春路, 知春东里社区, 中关村街道, 海淀区, 北京市, 100098, 中国
- Duration: 0 days 00:15:00
- Distance: 3.90 km
- Average Speed: 15.84 km/h
- Average Bearing Change: 7.47°
- Max Speed: 19.51 km/h
- Min Speed: 9.28 km/h
- Speed Variability: 1.93 km/h
- Average Acceleration: -0.00 m/s²
- Max Acceleration: 0.29 m/s²
- Number of Turns: 3
- Turn Rate: 0.20 turns/min
- Average Turn Angle: 7.47°
- Turn Angle Variability: 8.56°
- Transport Mode: bike
    "
0.028879796905299657,4.014228662502559,0.0,1.42708009347159,3.089798415529514,0.06208745906626829,0.44760457547484367,0.1722138303155408,4,8.0,40.460297372073214,31.298671938802617,40.460297372073214,walk_cleaned.geojson,2008-08-20 03:03:51,2008-08-20 03:04:23,32.0,walk,9,1,11.11111111111111,0,0,2.78,"
Trip Summary:
- Start: 2008-08-20 03:03:51 at 中关村街道, 海淀区, 北京市, 100098, 中国
- End: 2008-08-20 03:04:23 at 希格玛大厦, 知春路, 中关村街道, 海淀区, 北京市, 100098, 中国
- Duration: 0 days 00:00:32
- Distance: 0.03 km
- Average Speed: 3.09 km/h
- Average Bearing Change: 40.46°
- Max Speed: 4.01 km/h
- Min Speed: 0.00 km/h
- Speed Variability: 1.43 km/h
- Average Acceleration: 0.06 m/s²
- Max Acceleration: 0.45 m/s²
- Number of Turns: 4
- Turn Rate: 8.00 turns/min
- Average Turn Angle: 40.46°
- Turn Angle Variability: 31.30°
- Transport Mode: walk
    "
15.8511362354541,39.996,0.1537921247976979,13.225257122170467,14.265127612436753,-0.007871445937605507,2.3564285064183466,0.3671115278162667,379,5.546341463414635,25.198213582786604,39.126276575986715,25.198213582786604,bus_cleaned.geojson,2008-10-06 23:39:08,2008-10-07 00:48:04,4136.0,bus,1666,21,1.2605042016806722,119,20,11.11,"
Trip Summary:
- Start: 2008-10-06 23:39:08 at 中关村东路天桥, 中关村街道, 海淀区, 北京市, 100190, 中国
- End: 2008-10-07 00:48:04 at 工人体育场北路, 东直门街道, 首都功能核心区, 东城区, 北京市, 100010, 中国
- Duration: 0 days 01:08:56
- Distance: 15.85 km
- Average Speed: 14.27 km/h
- Average Bearing Change: 25.20°
- Max Speed: 40.00 km/h
- Min Speed: 0.15 km/h
- Speed Variability: 13.23 km/h
- Average Acceleration: -0.01 m/s²
- Max Acceleration: 2.36 m/s²
- Number of Turns: 379
- Turn Rate: 5.55 turns/min
- Average Turn Angle: 25.20°
- Turn Angle Variability: 39.13°
- Transport Mode: bus
    "
11.43468977270231,9.332309449511875,0.2522238373563134,2.121727680022241,3.511073608434838,-0.0054169742701585455,0.6861984363264357,0.13626633394286056,121,1.511240632805995,44.51911608260435,43.07306160822577,44.51911608260435,walk_cleaned.geojson,2008-10-06 23:37:10,2008-10-07 00:57:40,4830.0,walk,258,14,5.426356589147287,9,13,2.78,"
Trip Summary:
- Start: 2008-10-06 23:37:10 at 中关村南四街, 中关村街道, 海淀区, 北京市, 100190, 中国
- End: 2008-10-07 00:57:40 at 东直门, 东直门街道, 首都功能核心区, 东城区, 北京市, 100010, 中国
- Duration: 0 days 01:20:30
- Distance: 11.43 km
- Average Speed: 3.51 km/h
- Average Bearing Change: 44.52°
- Max Speed: 9.33 km/h
- Min Speed: 0.25 km/h
- Speed Variability: 2.12 km/h
- Average Acceleration: -0.01 m/s²
- Max Acceleration: 0.69 m/s²
- Number of Turns: 121
- Turn Rate: 1.51 turns/min
- Average Turn Angle: 44.52°
- Turn Angle Variability: 43.07°
- Transport Mode: walk
    "
3.96963008824703,24.984,4.815491915079935,3.042545763353954,16.9490261329634,0.011507542661936545,4.2472272149956884,0.3970093889974679,13,0.8666666666666667,7.933989196527418,10.573034696241168,7.933989196527418,bike_cleaned.geojson,2008-04-23 15:00:03,2008-04-23 15:15:44,941.0,bike,481,18,3.7422037422037424,56,17,6.94,"
Trip Summary:
- Start: 2008-04-23 15:00:03 at 中关村南四街, 知春东里社区, 中关村街道, 海淀区, 北京市, 100098, 中国
- End: 2008-04-23 15:15:44 at 清华大学, 30, 双清路, 东升镇, 海淀区, 北京市, 100084, 中国
- Duration: 0 days 00:15:41
- Distance: 3.97 km
- Average Speed: 16.95 km/h
- Average Bearing Change: 7.93°
- Max Speed: 24.98 km/h
- Min Speed: 4.82 km/h
- Speed Variability: 3.04 km/h
- Average Acceleration: 0.01 m/s²
- Max Acceleration: 4.25 m/s²
- Number of Turns: 13
- Turn Rate: 0.87 turns/min
- Average Turn Angle: 7.93°
- Turn Angle Variability: 10.57°
- Transport Mode: bike
    "
12.871086183395986,50.004000000000005,0.19986020590278702,15.859993325384567,35.03481402903458,0.01018761805066378,1.3620948939789446,0.303956320066169,34,1.66394779771615,8.56814497163124,24.796507516446933,8.56814497163124,taxi_cleaned.geojson,2008-10-11 05:03:34,2008-10-11 05:24:04,1230.0,taxi,597,3,0.5025125628140703,205,2,13.89,"
Trip Summary:
- Start: 2008-10-11 05:03:34 at 西土城路, 花园路街道, 东升镇, 海淀区, 北京市, 100088, 中国
- End: 2008-10-11 05:24:04 at 东中街, 东直门, 东直门街道, 首都功能核心区, 东城区, 北京市, 100010, 中国
- Duration: 0 days 00:20:30
- Distance: 12.87 km
- Average Speed: 35.03 km/h
- Average Bearing Change: 8.57°
- Max Speed: 50.00 km/h
- Min Speed: 0.20 km/h
- Speed Variability: 15.86 km/h
- Average Acceleration: 0.01 m/s²
- Max Acceleration: 1.36 m/s²
- Number of Turns: 34
- Turn Rate: 1.66 turns/min
- Average Turn Angle: 8.57°
- Turn Angle Variability: 24.80°
- Transport Mode: taxi
    "
0.4615012325182538,6.519141792477802,0.15330207406988838,1.662715579152185,2.255380571762298,-0.004072563660049299,0.5258285430070385,0.0791307199667238,129,12.246835443037975,39.45449926482399,40.97282707528548,39.45449926482399,walk_cleaned.geojson,2008-10-11 06:49:34,2008-10-11 07:00:14,640.0,walk,295,5,1.694915254237288,2,4,2.78,"
Trip Summary:
- Start: 2008-10-11 06:49:34 at 迎宾路, 大柳树村, 昌平区, 北京市, 中国
- End: 2008-10-11 07:00:14 at 富来宫温泉公寓, 大柳树村, 昌平区, 北京市, 中国
- Duration: 0 days 00:10:40
- Distance: 0.46 km
- Average Speed: 2.26 km/h
- Average Bearing Change: 39.45°
- Max Speed: 6.52 km/h
- Min Speed: 0.15 km/h
- Speed Variability: 1.66 km/h
- Average Acceleration: -0.00 m/s²
- Max Acceleration: 0.53 m/s²
- Number of Turns: 129
- Turn Rate: 12.25 turns/min
- Average Turn Angle: 39.45°
- Turn Angle Variability: 40.97°
- Transport Mode: walk
    "
0.028229762196467133,3.855245207098383,1.1498171161373056,1.0428452623011704,3.012949404723229,-0.02760056019265974,0.12057962126936345,0.13804027326278348,4,10.0,63.425939012592785,62.78203302646496,63.425939012592785,subway_cleaned.geojson,2008-08-21 01:03:33,2008-08-21 01:03:57,24.0,subway,12,1,8.333333333333332,0,0,6.94,"
Trip Summary:
- Start: 2008-08-21 01:03:33 at 东铁匠营街道, 成寿寺街道, 东铁营村, 丰台区, 北京市, 100075, 中国
- End: 2008-08-21 01:03:57 at 东铁匠营街道, 成寿寺街道, 东铁营村, 丰台区, 北京市, 100075, 中国
- Duration: 0 days 00:00:24
- Distance: 0.03 km
- Average Speed: 3.01 km/h
- Average Bearing Change: 63.43°
- Max Speed: 3.86 km/h
- Min Speed: 1.15 km/h
- Speed Variability: 1.04 km/h
- Average Acceleration: -0.03 m/s²
- Max Acceleration: 0.12 m/s²
- Number of Turns: 4
- Turn Rate: 10.00 turns/min
- Average Turn Angle: 63.43°
- Turn Angle Variability: 62.78°
- Transport Mode: subway
    "
5.770132055263853,50.004000000000005,0.0,19.021206727957708,29.585121549966228,-0.01905855528413582,1.632262131935726,0.4014754673833694,42,3.1939163498098857,15.296310907232193,28.325417772289164,15.296310907232193,taxi_cleaned.geojson,2008-08-21 01:04:03,2008-08-21 01:17:14,791.0,taxi,300,2,0.6666666666666667,95,1,13.89,"
Trip Summary:
- Start: 2008-08-21 01:04:03 at 东铁匠营街道, 成寿寺街道, 东铁营村, 丰台区, 北京市, 100075, 中国
- End: 2008-08-21 01:17:14 at 北京南站12站台13站台, 北京南站路, 东庄社区, 右安门街道, 丰台区, 北京市, 100067, 中国
- Duration: 0 days 00:13:11
- Distance: 5.77 km
- Average Speed: 29.59 km/h
- Average Bearing Change: 15.30°
- Max Speed: 50.00 km/h
- Min Speed: 0.00 km/h
- Speed Variability: 19.02 km/h
- Average Acceleration: -0.02 m/s²
- Max Acceleration: 1.63 m/s²
- Number of Turns: 42
- Turn Rate: 3.19 turns/min
- Average Turn Angle: 15.30°
- Turn Angle Variability: 28.33°
- Transport Mode: taxi
    "
0.6419667112841639,8.068888898385657,0.8565555888601533,1.3773792121122572,4.126539724047438,0.001055986790609937,0.6645334810214674,0.1257345298757127,64,8.495575221238939,25.96284719947751,30.25670719076786,25.96284719947751,walk_cleaned.geojson,2008-08-21 00:08:46,2008-08-21 00:16:24,458.0,walk,214,4,1.8691588785046727,4,3,2.78,"
Trip Summary:
- Start: 2008-08-21 00:08:46 at 中航科技大厦, 56, 知春路, 知春东里社区, 中关村街道, 海淀区, 北京市, 100098, 中国
- End: 2008-08-21 00:16:24 at 大运村公交场站, 知春路, 花园路街道, 中关村街道, 海淀区, 北京市, 100081, 中国
- Duration: 0 days 00:07:38
- Distance: 0.64 km
- Average Speed: 4.13 km/h
- Average Bearing Change: 25.96°
- Max Speed: 8.07 km/h
- Min Speed: 0.86 km/h
- Speed Variability: 1.38 km/h
- Average Acceleration: 0.00 m/s²
- Max Acceleration: 0.66 m/s²
- Number of Turns: 64
- Turn Rate: 8.50 turns/min
- Average Turn Angle: 25.96°
- Turn Angle Variability: 30.26°
- Transport Mode: walk
    "
0.895186903400284,24.984,13.532844814646447,4.605610865662164,22.32741056151551,-0.10602921467919957,0.0,0.16868346231151224,0,0.0,1.6267089579508138,1.7561779846659082,1.6267089579508138,subway_cleaned.geojson,2009-05-19 01:25:11,2009-05-19 01:26:16,65.0,subway,15,8,53.333333333333336,2,7,6.94,"
Trip Summary:
- Start: 2009-05-19 01:25:11 at 中东路, 天通苑南街道, 东小口镇, 昌平区, 北京市, 102218, 中国
- End: 2009-05-19 01:26:16 at 天通苑南, 立汤路, 天通苑北街道, 东小口镇, 昌平区, 北京市, 102218, 中国
- Duration: 0 days 00:01:05
- Distance: 0.90 km
- Average Speed: 22.33 km/h
- Average Bearing Change: 1.63°
- Max Speed: 24.98 km/h
- Min Speed: 13.53 km/h
- Speed Variability: 4.61 km/h
- Average Acceleration: -0.11 m/s²
- Max Acceleration: 0.00 m/s²
- Number of Turns: 0
- Turn Rate: 0.00 turns/min
- Average Turn Angle: 1.63°
- Turn Angle Variability: 1.76°
- Transport Mode: subway
    "
2.529902482318687,24.984,0.0,6.850231972321966,9.004962965637217,0.004107544652747477,3.184143188482488,0.21251227601282816,90,5.6191467221644125,25.547102088442504,39.266388496716054,25.547102088442504,bike_cleaned.geojson,2008-05-18 14:38:43,2008-05-18 14:54:52,969.0,bike,435,5,1.1494252873563218,11,4,6.94,"
Trip Summary:
- Start: 2008-05-18 14:38:43 at 中关村东路, 清华园, 中关村街道, 海淀区, 北京市, 100190, 中国
- End: 2008-05-18 14:54:52 at 清华大学, 30, 双清路, 东升镇, 海淀区, 北京市, 100084, 中国
- Duration: 0 days 00:16:09
- Distance: 2.53 km
- Average Speed: 9.00 km/h
- Average Bearing Change: 25.55°
- Max Speed: 24.98 km/h
- Min Speed: 0.00 km/h
- Speed Variability: 6.85 km/h
- Average Acceleration: 0.00 m/s²
- Max Acceleration: 3.18 m/s²
- Number of Turns: 90
- Turn Rate: 5.62 turns/min
- Average Turn Angle: 25.55°
- Turn Angle Variability: 39.27°
- Transport Mode: bike
    "
7.4507300108118155,39.996,0.15374089106291738,14.857020393560388,29.38814137994026,0.02602334231067462,2.588471368025678,0.41404196171935004,58,3.301707779886148,12.812554951595242,28.3530857629703,12.812554951595242,bus_cleaned.geojson,2008-05-18 14:13:56,2008-05-18 14:31:48,1072.0,bus,645,17,2.635658914728682,303,16,11.11,"
Trip Summary:
- Start: 2008-05-18 14:13:56 at 北四环中路, 亚运村街道, 朝阳区, 北京市, 100012, 中国
- End: 2008-05-18 14:31:48 at 知春路, 知春东里社区, 中关村街道, 海淀区, 北京市, 100098, 中国
- Duration: 0 days 00:17:52
- Distance: 7.45 km
- Average Speed: 29.39 km/h
- Average Bearing Change: 12.81°
- Max Speed: 40.00 km/h
- Min Speed: 0.15 km/h
- Speed Variability: 14.86 km/h
- Average Acceleration: 0.03 m/s²
- Max Acceleration: 2.59 m/s²
- Number of Turns: 58
- Turn Rate: 3.30 turns/min
- Average Turn Angle: 12.81°
- Turn Angle Variability: 28.35°
- Transport Mode: bus
    "
1.4897534000671064,50.004000000000005,16.791216750864535,8.119818449309752,45.08198888453174,0.0843938047733722,7.486727944664601,0.9246934346937649,0,0.0,3.7256205789478725,4.673127957089413,3.7256205789478725,taxi_cleaned.geojson,2008-05-18 14:34:19,2008-05-18 14:38:30,251.0,taxi,98,2,2.0408163265306123,43,1,13.89,"
Trip Summary:
- Start: 2008-05-18 14:34:19 at 中关村东路, 知春东里社区, 中关村街道, 海淀区, 北京市, 100098, 中国
- End: 2008-05-18 14:38:30 at 中关村东路, 清华园, 中关村街道, 海淀区, 北京市, 100190, 中国
- Duration: 0 days 00:04:11
- Distance: 1.49 km
- Average Speed: 45.08 km/h
- Average Bearing Change: 3.73°
- Max Speed: 50.00 km/h
- Min Speed: 16.79 km/h
- Speed Variability: 8.12 km/h
- Average Acceleration: 0.08 m/s²
- Max Acceleration: 7.49 m/s²
- Number of Turns: 0
- Turn Rate: 0.00 turns/min
- Average Turn Angle: 3.73°
- Turn Angle Variability: 4.67°
- Transport Mode: taxi
    "
6.5861356680550545,7.539829795779987,0.0,1.7930897471406422,2.5029122620680737,-0.0014803568094601425,0.24722205488130988,0.0741965477178029,121,4.339509862522415,41.956852923124714,46.765293145741225,41.956852923124714,walk_cleaned.geojson,2008-05-18 14:05:57,2008-05-18 14:34:00,1683.0,walk,281,6,2.135231316725979,0,5,2.78,"
Trip Summary:
- Start: 2008-05-18 14:05:57 at 国家奥林匹克体育中心, 北四环中路, 亚运村街道, 朝阳区, 北京市, 100000, 中国
- End: 2008-05-18 14:34:00 at 中关村东路, 知春东里社区, 中关村街道, 海淀区, 北京市, 100098, 中国
- Duration: 0 days 00:28:03
- Distance: 6.59 km
- Average Speed: 2.50 km/h
- Average Bearing Change: 41.96°
- Max Speed: 7.54 km/h
- Min Speed: 0.00 km/h
- Speed Variability: 1.79 km/h
- Average Acceleration: -0.00 m/s²
- Max Acceleration: 0.25 m/s²
- Number of Turns: 121
- Turn Rate: 4.34 turns/min
- Average Turn Angle: 41.96°
- Turn Angle Variability: 46.77°
- Transport Mode: walk
    "
11.150446407831765,39.996,0.29353491430563006,13.555129589042435,14.791414306955064,0.020308421717410253,2.3692247712443733,0.38500268460670223,154,3.8987341772151898,36.33915745019707,46.60790797152373,36.33915745019707,bus_cleaned.geojson,2009-03-24 22:42:32,2009-03-24 23:22:37,2405.0,bus,453,9,1.9867549668874174,25,8,11.11,"
Trip Summary:
- Start: 2009-03-24 22:42:32 at 中关村东路, 知春东里社区, 中关村街道, 海淀区, 北京市, 100190, 中国
- End: 2009-03-24 23:22:37 at 三里河东路, 月坛街道, 首都功能核心区, 西城区, 北京市, 100032, 中国
- Duration: 0 days 00:40:05
- Distance: 11.15 km
- Average Speed: 14.79 km/h
- Average Bearing Change: 36.34°
- Max Speed: 40.00 km/h
- Min Speed: 0.29 km/h
- Speed Variability: 13.56 km/h
- Average Acceleration: 0.02 m/s²
- Max Acceleration: 2.37 m/s²
- Number of Turns: 154
- Turn Rate: 3.90 turns/min
- Average Turn Angle: 36.34°
- Turn Angle Variability: 46.61°
- Transport Mode: bus
    "
0.2064680996047081,10.008,2.2801316604852775,2.07720018498799,6.106879037731079,-0.0026604070435142894,0.22264588126236542,0.05694576668956935,8,4.173913043478261,29.973186273622975,30.612729407969777,29.973186273622975,walk_cleaned.geojson,2009-03-24 23:24:07,2009-03-24 23:26:07,120.0,walk,22,2,9.090909090909092,3,1,2.78,"
Trip Summary:
- Start: 2009-03-24 23:24:07 at 首都博物馆, 16, 复兴门外大街, 月坛街道, 首都功能核心区, 西城区, 北京市, 100032, 中国
- End: 2009-03-24 23:26:07 at 白云路北口, 白云路, 月坛街道, 首都功能核心区, 西城区, 北京市, 100032, 中国
- Duration: 0 days 00:02:00
- Distance: 0.21 km
- Average Speed: 6.11 km/h
- Average Bearing Change: 29.97°
- Max Speed: 10.01 km/h
- Min Speed: 2.28 km/h
- Speed Variability: 2.08 km/h
- Average Acceleration: -0.00 m/s²
- Max Acceleration: 0.22 m/s²
- Number of Turns: 8
- Turn Rate: 4.17 turns/min
- Average Turn Angle: 29.97°
- Turn Angle Variability: 30.61°
- Transport Mode: walk
    "
0.6589025908304675,7.753596894480718,0.7285624450388931,1.8440091704355392,5.246511082127218,-0.000923949036219783,0.2307792293945968,0.050131455418546064,33,4.52054794520548,33.559196248503966,30.08524188805151,33.559196248503966,walk_cleaned.geojson,2009-05-12 14:43:18,2009-05-12 14:50:23,425.0,walk,82,3,3.6585365853658534,2,2,2.78,"
Trip Summary:
- Start: 2009-05-12 14:43:18 at 星规路, 知春东里社区, 中关村街道, 海淀区, 北京市, 100098, 中国
- End: 2009-05-12 14:50:23 at 中关村南三条, 中关村街道, 海淀区, 北京市, 100190, 中国
- Duration: 0 days 00:07:05
- Distance: 0.66 km
- Average Speed: 5.25 km/h
- Average Bearing Change: 33.56°
- Max Speed: 7.75 km/h
- Min Speed: 0.73 km/h
- Speed Variability: 1.84 km/h
- Average Acceleration: -0.00 m/s²
- Max Acceleration: 0.23 m/s²
- Number of Turns: 33
- Turn Rate: 4.52 turns/min
- Average Turn Angle: 33.56°
- Turn Angle Variability: 30.09°
- Transport Mode: walk
    "
0.04791615692851956,8.762115641332185,0.4283291883791747,2.2642799191623952,3.000031284064964,-0.005935231742194667,0.5196093414157629,0.17352977047704168,8,9.6,34.07036135500192,40.805017186465406,34.07036135500192,subway_cleaned.geojson,2008-10-16 02:37:34,2008-10-16 02:38:24,50.0,subway,27,1,3.7037037037037033,0,0,6.94,"
Trip Summary:
- Start: 2008-10-16 02:37:34 at 五棵松桥, 西四环中路, 永定路街道, 海淀区, 北京市, 100039, 中国
- End: 2008-10-16 02:38:24 at 中国人民解放军总医院, 复兴路, 万寿路街道, 海淀区, 北京市, 100858, 中国
- Duration: 0 days 00:00:50
- Distance: 0.05 km
- Average Speed: 3.00 km/h
- Average Bearing Change: 34.07°
- Max Speed: 8.76 km/h
- Min Speed: 0.43 km/h
- Speed Variability: 2.26 km/h
- Average Acceleration: -0.01 m/s²
- Max Acceleration: 0.52 m/s²
- Number of Turns: 8
- Turn Rate: 9.60 turns/min
- Average Turn Angle: 34.07°
- Turn Angle Variability: 40.81°
- Transport Mode: subway
    "
8.484638771656293,37.360495512816215,0.19986000296960543,10.832890461536422,10.190960715525321,-0.008343537716608666,3.056104498541721,0.367015388346164,241,5.604651162790698,22.589283635015285,31.70898523016227,22.589283635015285,bus_cleaned.geojson,2008-10-16 00:02:20,2008-10-16 00:46:00,2620.0,bus,1086,20,1.841620626151013,34,19,11.11,"
Trip Summary:
- Start: 2008-10-16 00:02:20 at 北四环东路, 小关街道, 朝阳区, 北京市, 100012, 中国
- End: 2008-10-16 00:46:00 at 工人体育场北路, 东直门, 东直门街道, 首都功能核心区, 东城区, 北京市, 100010, 中国
- Duration: 0 days 00:43:40
- Distance: 8.48 km
- Average Speed: 10.19 km/h
- Average Bearing Change: 22.59°
- Max Speed: 37.36 km/h
- Min Speed: 0.20 km/h
- Speed Variability: 10.83 km/h
- Average Acceleration: -0.01 m/s²
- Max Acceleration: 3.06 m/s²
- Number of Turns: 241
- Turn Rate: 5.60 turns/min
- Average Turn Angle: 22.59°
- Turn Angle Variability: 31.71°
- Transport Mode: bus
    "
6.339009614267745,50.004000000000005,0.6739943745573399,17.990318292411235,25.201517039713448,0.0017453495591244162,1.88903579138604,0.3760582504710289,69,2.7023498694516968,16.291365311112646,29.71869711951053,16.291365311112646,taxi_cleaned.geojson,2008-10-16 02:11:52,2008-10-16 02:37:28,1536.0,taxi,417,3,0.7194244604316548,62,2,13.89,"
Trip Summary:
- Start: 2008-10-16 02:11:52 at 西四环中路, 万寿路街道, 海淀区, 北京市, 100039, 中国
- End: 2008-10-16 02:37:28 at 五棵松桥, 西四环中路, 永定路街道, 海淀区, 北京市, 100039, 中国
- Duration: 0 days 00:25:36
- Distance: 6.34 km
- Average Speed: 25.20 km/h
- Average Bearing Change: 16.29°
- Max Speed: 50.00 km/h
- Min Speed: 0.67 km/h
- Speed Variability: 17.99 km/h
- Average Acceleration: 0.00 m/s²
- Max Acceleration: 1.89 m/s²
- Number of Turns: 69
- Turn Rate: 2.70 turns/min
- Average Turn Angle: 16.29°
- Turn Angle Variability: 29.72°
- Transport Mode: taxi
    "
0.6638226979714565,10.008,0.3076980570940189,2.4172977117586862,4.394929451658003,0.004864136403835777,0.9984287762291009,0.1905063527138369,67,9.095022624434389,33.08434993464044,36.87276561252251,33.08434993464044,walk_cleaned.geojson,2008-10-16 03:35:32,2008-10-16 03:43:08,456.0,walk,210,10,4.761904761904762,15,9,2.78,"
Trip Summary:
- Start: 2008-10-16 03:35:32 at 世界资源研究所, 9, 东中街, 东直门, 东直门街道, 首都功能核心区, 东城区, 北京市, 100027, 中国
- End: 2008-10-16 03:43:08 at 佰和居, 十字坡街, 东直门, 东直门街道, 首都功能核心区, 东城区, 北京市, 100010, 中国
- Duration: 0 days 00:07:36
- Distance: 0.66 km
- Average Speed: 4.39 km/h
- Average Bearing Change: 33.08°
- Max Speed: 10.01 km/h
- Min Speed: 0.31 km/h
- Speed Variability: 2.42 km/h
- Average Acceleration: 0.00 m/s²
- Max Acceleration: 1.00 m/s²
- Number of Turns: 67
- Turn Rate: 9.10 turns/min
- Average Turn Angle: 33.08°
- Turn Angle Variability: 36.87°
- Transport Mode: walk
    "
1.7310110421100058,10.008,0.25278393305494007,1.8611358863434986,5.311745994239428,-0.003072136911185844,0.20935965091008452,0.07395986096983057,50,2.8708133971291865,32.58517838757416,37.42825944510915,32.58517838757416,walk_cleaned.geojson,2009-05-12 01:47:08,2009-05-12 02:04:33,1045.0,walk,163,10,6.134969325153374,11,9,2.78,"
Trip Summary:
- Start: 2009-05-12 01:47:08 at 复兴路, 木樨地小区, 月坛街道, 首都功能核心区, 西城区, 北京市, 100032, 中国
- End: 2009-05-12 02:04:33 at 月坛街道, 首都功能核心区, 西城区, 北京市, 100032, 中国
- Duration: 0 days 00:17:25
- Distance: 1.73 km
- Average Speed: 5.31 km/h
- Average Bearing Change: 32.59°
- Max Speed: 10.01 km/h
- Min Speed: 0.25 km/h
- Speed Variability: 1.86 km/h
- Average Acceleration: -0.00 m/s²
- Max Acceleration: 0.21 m/s²
- Number of Turns: 50
- Turn Rate: 2.87 turns/min
- Average Turn Angle: 32.59°
- Turn Angle Variability: 37.43°
- Transport Mode: walk
    "
20.499766861975885,24.984,0.39972817505922864,7.908932526666208,5.967111788534496,0.011185742680711912,1.28138321443405,0.25188103284260843,48,3.2,47.659338323598845,47.24608989295816,47.659338323598845,subway_cleaned.geojson,2009-06-15 03:52:15,2009-06-15 04:21:55,1780.0,subway,265,177,66.79245283018868,5,176,6.94,"
Trip Summary:
- Start: 2009-06-15 03:52:15 at 立水桥, 立汤路, 来广营乡, 朝阳区, 北京市, 102218, 中国
- End: 2009-06-15 04:21:55 at 地铁知春路站, 知春路, 花园路街道, 中关村街道, 海淀区, 北京市, 100081, 中国
- Duration: 0 days 00:29:40
- Distance: 20.50 km
- Average Speed: 5.97 km/h
- Average Bearing Change: 47.66°
- Max Speed: 24.98 km/h
- Min Speed: 0.40 km/h
- Speed Variability: 7.91 km/h
- Average Acceleration: 0.01 m/s²
- Max Acceleration: 1.28 m/s²
- Number of Turns: 48
- Turn Rate: 3.20 turns/min
- Average Turn Angle: 47.66°
- Turn Angle Variability: 47.25°
- Transport Mode: subway
    "
0.3999992624024841,6.339869543183248,1.2397716052875989,1.1123192217257307,4.56549007988188,-0.0012919214452132696,0.11831890432060448,0.04267359886057984,10,1.791044776119403,19.44878639772351,20.41003420226509,19.44878639772351,walk_cleaned.geojson,2009-06-15 03:36:40,2009-06-15 03:42:15,335.0,walk,60,1,1.6666666666666667,0,0,2.78,"
Trip Summary:
- Start: 2009-06-15 03:36:40 at 立汤路, 天通苑北街道, 东小口镇, 昌平区, 北京市, 102218, 中国
- End: 2009-06-15 03:42:15 at 天通苑南, 立汤路, 天通苑北街道, 东小口镇, 昌平区, 北京市, 102218, 中国
- Duration: 0 days 00:05:35
- Distance: 0.40 km
- Average Speed: 4.57 km/h
- Average Bearing Change: 19.45°
- Max Speed: 6.34 km/h
- Min Speed: 1.24 km/h
- Speed Variability: 1.11 km/h
- Average Acceleration: -0.00 m/s²
- Max Acceleration: 0.12 m/s²
- Number of Turns: 10
- Turn Rate: 1.79 turns/min
- Average Turn Angle: 19.45°
- Turn Angle Variability: 20.41°
- Transport Mode: walk
    "
3.757182207540246,19.317357409616005,9.49485579535408,1.7427726725666997,13.871910268726282,-0.002148750940748717,0.6091467654875178,0.09731837367696052,15,0.9221311475409837,7.713207877375451,8.576902294368749,7.713207877375451,bike_cleaned.geojson,2008-10-22 16:44:10,2008-10-22 17:00:36,986.0,bike,453,6,1.3245033112582782,8,5,6.94,"
Trip Summary:
- Start: 2008-10-22 16:44:10 at 中关村东路, 知春东里社区, 中关村街道, 海淀区, 北京市, 100190, 中国
- End: 2008-10-22 17:00:36 at 清华大学, 30, 双清路, 东升镇, 海淀区, 北京市, 100084, 中国
- Duration: 0 days 00:16:26
- Distance: 3.76 km
- Average Speed: 13.87 km/h
- Average Bearing Change: 7.71°
- Max Speed: 19.32 km/h
- Min Speed: 9.49 km/h
- Speed Variability: 1.74 km/h
- Average Acceleration: -0.00 m/s²
- Max Acceleration: 0.61 m/s²
- Number of Turns: 15
- Turn Rate: 0.92 turns/min
- Average Turn Angle: 7.71°
- Turn Angle Variability: 8.58°
- Transport Mode: bike
    "
11.14061986304276,39.996,0.24417085891898682,14.323703104511024,18.264310658364842,0.025452522472075655,4.815756607193114,0.48431732687604817,123,3.5652173913043477,33.91054169982899,48.03731001750345,33.91054169982899,bus_cleaned.geojson,2009-04-28 22:47:01,2009-04-28 23:21:53,2092.0,bus,411,5,1.2165450121654502,52,4,11.11,"
Trip Summary:
- Start: 2009-04-28 22:47:01 at 中关村东路, 清华园, 中关村街道, 海淀区, 北京市, 100190, 中国
- End: 2009-04-28 23:21:53 at 三里河东路, 月坛街道, 首都功能核心区, 西城区, 北京市, 100032, 中国
- Duration: 0 days 00:34:52
- Distance: 11.14 km
- Average Speed: 18.26 km/h
- Average Bearing Change: 33.91°
- Max Speed: 40.00 km/h
- Min Speed: 0.24 km/h
- Speed Variability: 14.32 km/h
- Average Acceleration: 0.03 m/s²
- Max Acceleration: 4.82 m/s²
- Number of Turns: 123
- Turn Rate: 3.57 turns/min
- Average Turn Angle: 33.91°
- Turn Angle Variability: 48.04°
- Transport Mode: bus
    "
0.05352273702377909,3.4671284575217913,0.572607997778198,0.7175675079228563,1.1593975021337737,-0.008063095943947957,0.12291492997034856,0.06224153793432166,14,8.842105263157896,54.67020915837768,39.314511059200214,54.67020915837768,walk_cleaned.geojson,2009-04-28 22:45:11,2009-04-28 22:46:48,97.0,walk,23,1,4.3478260869565215,2,0,2.78,"
Trip Summary:
- Start: 2009-04-28 22:45:11 at Unknown Location
- End: 2009-04-28 22:46:48 at 中关村东路, 清华园, 中关村街道, 海淀区, 北京市, 100190, 中国
- Duration: 0 days 00:01:37
- Distance: 0.05 km
- Average Speed: 1.16 km/h
- Average Bearing Change: 54.67°
- Max Speed: 3.47 km/h
- Min Speed: 0.57 km/h
- Speed Variability: 0.72 km/h
- Average Acceleration: -0.01 m/s²
- Max Acceleration: 0.12 m/s²
- Number of Turns: 14
- Turn Rate: 8.84 turns/min
- Average Turn Angle: 54.67°
- Turn Angle Variability: 39.31°
- Transport Mode: walk
    "
15.93223885003144,39.996,0.0,14.255148073329972,14.492363954996295,0.0033595424001126293,1.8173409155485225,0.3339171035866978,367,5.4316724222989645,25.46625579523394,42.759108834532405,25.46625579523394,bus_cleaned.geojson,2008-10-08 23:37:58,2008-10-09 00:46:04,4086.0,bus,1658,17,1.0253317249698433,172,16,11.11,"
Trip Summary:
- Start: 2008-10-08 23:37:58 at 中国科学院物理研究所, 中关村东路, 清华园, 中关村街道, 海淀区, 北京市, 100190, 中国
- End: 2008-10-09 00:46:04 at 工人体育场北路, 东直门街道, 首都功能核心区, 东城区, 北京市, 100010, 中国
- Duration: 0 days 01:08:06
- Distance: 15.93 km
- Average Speed: 14.49 km/h
- Average Bearing Change: 25.47°
- Max Speed: 40.00 km/h
- Min Speed: 0.00 km/h
- Speed Variability: 14.26 km/h
- Average Acceleration: 0.00 m/s²
- Max Acceleration: 1.82 m/s²
- Number of Turns: 367
- Turn Rate: 5.43 turns/min
- Average Turn Angle: 25.47°
- Turn Angle Variability: 42.76°
- Transport Mode: bus
    "
0.8427035488019288,10.008,0.3077146762808044,1.9875096267931043,4.919363131506301,0.0012940783592366397,0.8968310800025975,0.15555058224492171,56,6.666666666666666,26.886286030315542,31.943862544522293,26.886286030315542,walk_cleaned.geojson,2008-10-09 00:46:10,2008-10-09 00:54:42,512.0,walk,217,5,2.3041474654377883,11,4,2.78,"
Trip Summary:
- Start: 2008-10-09 00:46:10 at 工人体育场北路, 东直门街道, 首都功能核心区, 东城区, 北京市, 100010, 中国
- End: 2008-10-09 00:54:42 at 巫山烤全鱼, 东中街, 东直门, 东直门街道, 首都功能核心区, 东城区, 北京市, 100010, 中国
- Duration: 0 days 00:08:32
- Distance: 0.84 km
- Average Speed: 4.92 km/h
- Average Bearing Change: 26.89°
- Max Speed: 10.01 km/h
- Min Speed: 0.31 km/h
- Speed Variability: 1.99 km/h
- Average Acceleration: 0.00 m/s²
- Max Acceleration: 0.90 m/s²
- Number of Turns: 56
- Turn Rate: 6.67 turns/min
- Average Turn Angle: 26.89°
- Turn Angle Variability: 31.94°
- Transport Mode: walk
    "
4.092511977151691,20.510506816717744,0.0,7.394691099098818,11.403615656227407,0.00335351916526912,0.4329106924985659,0.07440384299455567,55,2.7027027027027026,30.88736024449368,49.16126683271861,30.88736024449368,bike_cleaned.geojson,2008-09-12 01:53:41,2008-09-12 02:14:14,1233.0,bike,236,5,2.11864406779661,5,4,6.94,"
Trip Summary:
- Start: 2008-09-12 01:53:41 at 清华大学, 30, 双清路, 东升镇, 海淀区, 北京市, 100084, 中国
- End: 2008-09-12 02:14:14 at 中关村街道, 海淀区, 北京市, 100098, 中国
- Duration: 0 days 00:20:33
- Distance: 4.09 km
- Average Speed: 11.40 km/h
- Average Bearing Change: 30.89°
- Max Speed: 20.51 km/h
- Min Speed: 0.00 km/h
- Speed Variability: 7.39 km/h
- Average Acceleration: 0.00 m/s²
- Max Acceleration: 0.43 m/s²
- Number of Turns: 55
- Turn Rate: 2.70 turns/min
- Average Turn Angle: 30.89°
- Turn Angle Variability: 49.16°
- Transport Mode: bike
    "
0.04072117460227914,5.1532898958791495,0.4044272285042596,2.0964271977991715,3.0790104192052086,-0.02723167841443314,0.0187405980131512,0.038937467219879965,1,1.3333333333333333,28.079208003015346,52.2265291398938,28.079208003015346,walk_cleaned.geojson,2008-09-12 02:14:26,2008-09-12 02:15:11,45.0,walk,11,1,9.090909090909092,0,0,2.78,"
Trip Summary:
- Start: 2008-09-12 02:14:26 at 中关村街道, 海淀区, 北京市, 100098, 中国
- End: 2008-09-12 02:15:11 at 希格玛大厦, 知春路, 中关村街道, 海淀区, 北京市, 100098, 中国
- Duration: 0 days 00:00:45
- Distance: 0.04 km
- Average Speed: 3.08 km/h
- Average Bearing Change: 28.08°
- Max Speed: 5.15 km/h
- Min Speed: 0.40 km/h
- Speed Variability: 2.10 km/h
- Average Acceleration: -0.03 m/s²
- Max Acceleration: 0.02 m/s²
- Number of Turns: 1
- Turn Rate: 1.33 turns/min
- Average Turn Angle: 28.08°
- Turn Angle Variability: 52.23°
- Transport Mode: walk
    "
0.1282269346476866,10.455526439221076,6.12673932573937,1.4364070802826177,8.169495147627272,-0.0023450903790735275,0.3730182625443602,0.09296541796566526,0,0.0,10.855732414258119,9.61741467161372,10.855732414258119,bike_cleaned.geojson,2008-04-13 20:00:34,2008-04-13 20:01:29,55.0,bike,28,1,3.571428571428571,0,0,6.94,"
Trip Summary:
- Start: 2008-04-13 20:00:34 at 中关村东路, 知春东里社区, 中关村街道, 海淀区, 北京市, 100098, 中国
- End: 2008-04-13 20:01:29 at 智能化大厦, 95号, 中关村东路, 知春东里社区, 中关村街道, 海淀区, 北京市, 100098, 中国
- Duration: 0 days 00:00:55
- Distance: 0.13 km
- Average Speed: 8.17 km/h
- Average Bearing Change: 10.86°
- Max Speed: 10.46 km/h
- Min Speed: 6.13 km/h
- Speed Variability: 1.44 km/h
- Average Acceleration: -0.00 m/s²
- Max Acceleration: 0.37 m/s²
- Number of Turns: 0
- Turn Rate: 0.00 turns/min
- Average Turn Angle: 10.86°
- Turn Angle Variability: 9.62°
- Transport Mode: bike
    "
0.3302002510187235,19.224755894348085,6.441612661978004,3.269793982252085,14.539202573825198,-0.020740039256143778,0.6946941590342124,0.20531524373991156,1,0.75,8.425597676719889,8.23047654502004,8.425597676719889,bike_cleaned.geojson,2008-08-15 01:19:24,2008-08-15 01:20:44,80.0,bike,42,1,2.380952380952381,0,0,6.94,"
Trip Summary:
- Start: 2008-08-15 01:19:24 at 知春路, 知春东里社区, 中关村街道, 海淀区, 北京市, 100098, 中国
- End: 2008-08-15 01:20:44 at 大钟寺东路, 中关村街道, 海淀区, 北京市, 100081, 中国
- Duration: 0 days 00:01:20
- Distance: 0.33 km
- Average Speed: 14.54 km/h
- Average Bearing Change: 8.43°
- Max Speed: 19.22 km/h
- Min Speed: 6.44 km/h
- Speed Variability: 3.27 km/h
- Average Acceleration: -0.02 m/s²
- Max Acceleration: 0.69 m/s²
- Number of Turns: 1
- Turn Rate: 0.75 turns/min
- Average Turn Angle: 8.43°
- Turn Angle Variability: 8.23°
- Transport Mode: bike
    "
0.05349208110897429,4.868403123684518,0.0,1.874128790261954,2.2797897033082237,0.002650084227960499,0.22278518068467743,0.08107819212030871,6,6.0,54.981091429282735,49.58531052203463,54.981091429282735,walk_cleaned.geojson,2008-10-19 03:49:44,2008-10-19 03:50:44,60.0,walk,17,2,11.76470588235294,1,1,2.78,"
Trip Summary:
- Start: 2008-10-19 03:49:44 at 中国工商银行, 100, 中关村东路, 知春东里社区, 中关村街道, 海淀区, 北京市, 100190, 中国
- End: 2008-10-19 03:50:44 at 中国工商银行, 100, 中关村东路, 知春东里社区, 中关村街道, 海淀区, 北京市, 100190, 中国
- Duration: 0 days 00:01:00
- Distance: 0.05 km
- Average Speed: 2.28 km/h
- Average Bearing Change: 54.98°
- Max Speed: 4.87 km/h
- Min Speed: 0.00 km/h
- Speed Variability: 1.87 km/h
- Average Acceleration: 0.00 m/s²
- Max Acceleration: 0.22 m/s²
- Number of Turns: 6
- Turn Rate: 6.00 turns/min
- Average Turn Angle: 54.98°
- Turn Angle Variability: 49.59°
- Transport Mode: walk
    "
2.614936358958263,39.996,0.19985806701908929,13.806064779914678,14.522102439418315,0.007576415000644918,1.2781713858162582,0.2969332437329666,70,5.46875,22.266282528550484,32.94164228022261,22.266282528550484,bus_cleaned.geojson,2008-10-28 23:38:33,2008-10-28 23:51:30,777.0,bus,303,3,0.9900990099009901,15,2,11.11,"
Trip Summary:
- Start: 2008-10-28 23:38:33 at 西二环, 白菜湾社区, 广安门外街道, 首都功能核心区, 西城区, 北京市, 100032, 中国
- End: 2008-10-28 23:51:30 at 右安门西滨河路, 玉林东里一区社区, 右安门街道, 西铁营村, 丰台区, 北京市, 100069, 中国
- Duration: 0 days 00:12:57
- Distance: 2.61 km
- Average Speed: 14.52 km/h
- Average Bearing Change: 22.27°
- Max Speed: 40.00 km/h
- Min Speed: 0.20 km/h
- Speed Variability: 13.81 km/h
- Average Acceleration: 0.01 m/s²
- Max Acceleration: 1.28 m/s²
- Number of Turns: 70
- Turn Rate: 5.47 turns/min
- Average Turn Angle: 22.27°
- Turn Angle Variability: 32.94°
- Transport Mode: bus
    "
0.5291379121387163,10.008,0.0,2.4288972619254103,3.7206837010153784,-0.0018455384838442876,0.4819369815077809,0.11290040003328738,72,8.852459016393443,32.4257541385787,37.302414922942965,32.4257541385787,walk_cleaned.geojson,2008-10-28 23:51:42,2008-10-28 23:59:56,494.0,walk,201,3,1.4925373134328357,11,2,2.78,"
Trip Summary:
- Start: 2008-10-28 23:51:42 at 右安门西滨河路, 玉林东里一区社区, 右安门街道, 西铁营村, 丰台区, 北京市, 100069, 中国
- End: 2008-10-28 23:59:56 at 首都医科大学, 右安门西滨河路, 玉林西里社区, 右安门街道, 菜户营村, 丰台区, 北京市, 100069, 中国
- Duration: 0 days 00:08:14
- Distance: 0.53 km
- Average Speed: 3.72 km/h
- Average Bearing Change: 32.43°
- Max Speed: 10.01 km/h
- Min Speed: 0.00 km/h
- Speed Variability: 2.43 km/h
- Average Acceleration: -0.00 m/s²
- Max Acceleration: 0.48 m/s²
- Number of Turns: 72
- Turn Rate: 8.85 turns/min
- Average Turn Angle: 32.43°
- Turn Angle Variability: 37.30°
- Transport Mode: walk
    "
3.007635416033463,10.008,0.1634090177975824,2.2428238726324863,4.411072045541763,0.0002347655518285884,1.1504141100280683,0.15870803419521126,172,5.238578680203045,38.17798282576362,43.81573384284598,38.17798282576362,walk_cleaned.geojson,2008-11-17 12:25:58,2008-11-17 12:59:14,1996.0,walk,477,28,5.870020964360587,20,27,2.78,"
Trip Summary:
- Start: 2008-11-17 12:25:58 at 白云观, 白云观街, 月坛街道, 首都功能核心区, 西城区, 北京市, 100032, 中国
- End: 2008-11-17 12:59:14 at 月坛街道, 首都功能核心区, 西城区, 北京市, 100032, 中国
- Duration: 0 days 00:33:16
- Distance: 3.01 km
- Average Speed: 4.41 km/h
- Average Bearing Change: 38.18°
- Max Speed: 10.01 km/h
- Min Speed: 0.16 km/h
- Speed Variability: 2.24 km/h
- Average Acceleration: 0.00 m/s²
- Max Acceleration: 1.15 m/s²
- Number of Turns: 172
- Turn Rate: 5.24 turns/min
- Average Turn Angle: 38.18°
- Turn Angle Variability: 43.82°
- Transport Mode: walk
    "
2.1327515878620775,20.059060366034053,5.968553711945822,5.4057202136242495,12.072538928833803,-0.0036834994593553678,0.05078398664633038,0.03498504865875695,0,0.0,2.8754873269911343,2.1207384045756927,2.8754873269911343,bike_cleaned.geojson,2008-03-12 02:19:15,2008-03-12 02:28:00,525.0,bike,11,1,9.090909090909092,3,0,6.94,"
Trip Summary:
- Start: 2008-03-12 02:19:15 at 日新路, 清华园街道, 八家村总支委员会, 海淀区, 北京市, 100084, 中国
- End: 2008-03-12 02:28:00 at 智能化大厦, 95号, 中关村东路, 知春东里社区, 中关村街道, 海淀区, 北京市, 100098, 中国
- Duration: 0 days 00:08:45
- Distance: 2.13 km
- Average Speed: 12.07 km/h
- Average Bearing Change: 2.88°
- Max Speed: 20.06 km/h
- Min Speed: 5.97 km/h
- Speed Variability: 5.41 km/h
- Average Acceleration: -0.00 m/s²
- Max Acceleration: 0.05 m/s²
- Number of Turns: 0
- Turn Rate: 0.00 turns/min
- Average Turn Angle: 2.88°
- Turn Angle Variability: 2.12°
- Transport Mode: bike
    "
4.0389362759535,24.984,0.25218020197253055,9.914407681830916,14.98654642682856,-0.022030400373897526,3.3496354531759582,0.4535384262673981,16,3.934426229508197,20.64790052098171,37.521483255139586,20.64790052098171,subway_cleaned.geojson,2008-08-07 22:04:05,2008-08-07 22:10:37,392.0,subway,182,74,40.65934065934066,25,73,6.94,"
Trip Summary:
- Start: 2008-08-07 22:04:05 at 知春路, 北太平庄街道, 中关村街道, 海淀区, 北京市, 100081, 中国
- End: 2008-08-07 22:10:37 at 西直门, 西直门站换乘通道, 展览路街道, 首都功能核心区, 西城区, 北京市, 100032, 中国
- Duration: 0 days 00:06:32
- Distance: 4.04 km
- Average Speed: 14.99 km/h
- Average Bearing Change: 20.65°
- Max Speed: 24.98 km/h
- Min Speed: 0.25 km/h
- Speed Variability: 9.91 km/h
- Average Acceleration: -0.02 m/s²
- Max Acceleration: 3.35 m/s²
- Number of Turns: 16
- Turn Rate: 3.93 turns/min
- Average Turn Angle: 20.65°
- Turn Angle Variability: 37.52°
- Transport Mode: subway
    "
13.587157073079482,39.996,0.0,14.662967501003102,23.673149177327822,0.03069791310011822,3.53290017078682,0.25710229681142943,73,2.1726190476190474,11.576175449723747,27.368543591291054,11.576175449723747,bus_cleaned.geojson,2008-08-08 02:10:24,2008-08-08 02:44:16,2032.0,bus,931,9,0.966702470461869,219,8,11.11,"
Trip Summary:
- Start: 2008-08-08 02:10:24 at 戴河镇, 北戴河区, 秦皇岛市, 河北省, 中国
- End: 2008-08-08 02:44:16 at 海宁路, 西山街道, 北戴河区, 秦皇岛市, 河北省, 中国
- Duration: 0 days 00:33:52
- Distance: 13.59 km
- Average Speed: 23.67 km/h
- Average Bearing Change: 11.58°
- Max Speed: 40.00 km/h
- Min Speed: 0.00 km/h
- Speed Variability: 14.66 km/h
- Average Acceleration: 0.03 m/s²
- Max Acceleration: 3.53 m/s²
- Number of Turns: 73
- Turn Rate: 2.17 turns/min
- Average Turn Angle: 11.58°
- Turn Angle Variability: 27.37°
- Transport Mode: bus
    "
3.770870840810022,24.984,16.9154251823915,1.732587316412136,24.481794900199258,-0.012049842917575425,0.0,0.051671256679097104,0,0.0,2.451973960373072,2.0155701805097452,2.451973960373072,train_cleaned.geojson,2008-08-08 01:20:16,2008-08-08 01:24:46,270.0,train,137,43,31.386861313868614,82,42,6.94,"
Trip Summary:
- Start: 2008-08-08 01:20:16 at 牛头崖镇, 北戴河区, 秦皇岛市, 河北省, 中国
- End: 2008-08-08 01:24:46 at 戴河镇, 北戴河区, 秦皇岛市, 河北省, 中国
- Duration: 0 days 00:04:30
- Distance: 3.77 km
- Average Speed: 24.48 km/h
- Average Bearing Change: 2.45°
- Max Speed: 24.98 km/h
- Min Speed: 16.92 km/h
- Speed Variability: 1.73 km/h
- Average Acceleration: -0.01 m/s²
- Max Acceleration: 0.00 m/s²
- Number of Turns: 0
- Turn Rate: 0.00 turns/min
- Average Turn Angle: 2.45°
- Turn Angle Variability: 2.02°
- Transport Mode: train
    "
0.46682093884637166,7.037850953142824,0.6190574591900772,1.3597730840319169,3.477521912770424,-0.003201076190018644,0.5050315832238695,0.09472852398742729,67,7.701149425287357,29.931953567607728,30.02636189970917,29.931953567607728,walk_cleaned.geojson,2008-08-08 04:06:46,2008-08-08 04:15:36,530.0,walk,177,5,2.824858757062147,6,4,2.78,"
Trip Summary:
- Start: 2008-08-08 04:06:46 at 草厂中路, 西山街道, 北戴河区, 秦皇岛市, 河北省, 中国
- End: 2008-08-08 04:15:36 at 海滨镇, 北戴河区, 秦皇岛市, 河北省, 中国
- Duration: 0 days 00:08:50
- Distance: 0.47 km
- Average Speed: 3.48 km/h
- Average Bearing Change: 29.93°
- Max Speed: 7.04 km/h
- Min Speed: 0.62 km/h
- Speed Variability: 1.36 km/h
- Average Acceleration: -0.00 m/s²
- Max Acceleration: 0.51 m/s²
- Number of Turns: 67
- Turn Rate: 7.70 turns/min
- Average Turn Angle: 29.93°
- Turn Angle Variability: 30.03°
- Transport Mode: walk
    "
0.29811255491979044,4.300766489235935,1.0717242950031733,0.9327208601282942,2.969770987037084,0.0015355318842305028,0.08733272826229717,0.028847679625045152,22,4.0740740740740735,30.030019524263903,31.953359621796658,30.030019524263903,subway_cleaned.geojson,2009-09-01 11:07:36,2009-09-01 11:13:00,324.0,subway,64,1,1.5625,0,0,6.94,"
Trip Summary:
- Start: 2009-09-01 11:07:36 at 中滩村北三街, 天通西苑一区, 天通苑南街道, 中滩村, 昌平区, 北京市, 102218, 中国
- End: 2009-09-01 11:13:00 at Unknown Location
- Duration: 0 days 00:05:24
- Distance: 0.30 km
- Average Speed: 2.97 km/h
- Average Bearing Change: 30.03°
- Max Speed: 4.30 km/h
- Min Speed: 1.07 km/h
- Speed Variability: 0.93 km/h
- Average Acceleration: 0.00 m/s²
- Max Acceleration: 0.09 m/s²
- Number of Turns: 22
- Turn Rate: 4.07 turns/min
- Average Turn Angle: 30.03°
- Turn Angle Variability: 31.95°
- Transport Mode: subway
    "
0.21530500382392903,4.560637156625827,2.9526195274373364,0.536666894114852,3.706903640986826,8.614859437104865e-05,0.03877990035047474,0.014465380423282749,6,2.1176470588235294,17.10391405227882,15.585190231505445,17.10391405227882,walk_cleaned.geojson,2009-09-01 11:13:15,2009-09-01 11:16:40,205.0,walk,37,2,5.405405405405405,0,1,2.78,"
Trip Summary:
- Start: 2009-09-01 11:13:15 at 天通苑南, 立汤路, 天通苑北街道, 东小口镇, 昌平区, 北京市, 102218, 中国
- End: 2009-09-01 11:16:40 at 太平庄中街, 天通苑南街道, 中滩村, 昌平区, 北京市, 102218, 中国
- Duration: 0 days 00:03:25
- Distance: 0.22 km
- Average Speed: 3.71 km/h
- Average Bearing Change: 17.10°
- Max Speed: 4.56 km/h
- Min Speed: 2.95 km/h
- Speed Variability: 0.54 km/h
- Average Acceleration: 0.00 m/s²
- Max Acceleration: 0.04 m/s²
- Number of Turns: 6
- Turn Rate: 2.12 turns/min
- Average Turn Angle: 17.10°
- Turn Angle Variability: 15.59°
- Transport Mode: walk
    "
2.292602715490373,14.067963447300057,0.0,3.4095881989197183,8.36564894466636,-0.0014921361629045545,0.12484612593999751,0.04326834815240194,28,1.696969696969697,19.645367504116006,30.157945978328577,19.645367504116006,bike_cleaned.geojson,2008-08-22 13:11:19,2008-08-22 13:27:57,998.0,bike,180,2,1.1111111111111112,4,1,6.94,"
Trip Summary:
- Start: 2008-08-22 13:11:19 at 中关村东路, 东升镇, 海淀区, 北京市, 100190, 中国
- End: 2008-08-22 13:27:57 at 希格玛大厦, 知春路, 中关村街道, 海淀区, 北京市, 100098, 中国
- Duration: 0 days 00:16:38
- Distance: 2.29 km
- Average Speed: 8.37 km/h
- Average Bearing Change: 19.65°
- Max Speed: 14.07 km/h
- Min Speed: 0.00 km/h
- Speed Variability: 3.41 km/h
- Average Acceleration: -0.00 m/s²
- Max Acceleration: 0.12 m/s²
- Number of Turns: 28
- Turn Rate: 1.70 turns/min
- Average Turn Angle: 19.65°
- Turn Angle Variability: 30.16°
- Transport Mode: bike
    "
1.1127707132021791,4.3973990454372816,0.0,1.176216677150351,2.3849523768366336,-0.00018919808999665218,0.07737221926780538,0.02130438031693993,40,1.9559902200488999,24.55612132693957,34.85554852834696,24.55612132693957,walk_cleaned.geojson,2008-08-22 12:17:54,2008-08-22 12:38:51,1257.0,walk,202,6,2.9702970297029703,2,5,2.78,"
Trip Summary:
- Start: 2008-08-22 12:17:54 at 清华大学, 30, 双清路, 东升镇, 海淀区, 北京市, 100084, 中国
- End: 2008-08-22 12:38:51 at 东升大厦, 8, 中关村东路, 东升镇, 海淀区, 北京市, 100083, 中国
- Duration: 0 days 00:20:57
- Distance: 1.11 km
- Average Speed: 2.38 km/h
- Average Bearing Change: 24.56°
- Max Speed: 4.40 km/h
- Min Speed: 0.00 km/h
- Speed Variability: 1.18 km/h
- Average Acceleration: -0.00 m/s²
- Max Acceleration: 0.08 m/s²
- Number of Turns: 40
- Turn Rate: 1.96 turns/min
- Average Turn Angle: 24.56°
- Turn Angle Variability: 34.86°
- Transport Mode: walk
    "
4.408135659988592,22.905750517030594,0.5474169803648573,4.458386551159785,13.522816305135995,0.004479166406556239,2.7363640365864397,0.31241528033462507,98,3.6499068901303535,13.420269329515,21.551147226185602,13.420269329515,bike_cleaned.geojson,2008-05-20 01:23:32,2008-05-20 01:50:27,1615.0,bike,1134,5,0.4409171075837742,10,4,6.94,"
Trip Summary:
- Start: 2008-05-20 01:23:32 at 清华大学, 30, 双清路, 东升镇, 海淀区, 北京市, 100084, 中国
- End: 2008-05-20 01:50:27 at 中关村街道, 海淀区, 北京市, 100098, 中国
- Duration: 0 days 00:26:55
- Distance: 4.41 km
- Average Speed: 13.52 km/h
- Average Bearing Change: 13.42°
- Max Speed: 22.91 km/h
- Min Speed: 0.55 km/h
- Speed Variability: 4.46 km/h
- Average Acceleration: 0.00 m/s²
- Max Acceleration: 2.74 m/s²
- Number of Turns: 98
- Turn Rate: 3.65 turns/min
- Average Turn Angle: 13.42°
- Turn Angle Variability: 21.55°
- Transport Mode: bike
    "
0.050779024713956025,6.057773095129989,0.46936596633908234,1.873806223938146,4.233358768365021,-0.018090236535070574,0.3507328812035355,0.205666531464918,4,12.0,21.25092302734932,22.512874625397878,21.25092302734932,walk_cleaned.geojson,2008-05-20 01:51:44,2008-05-20 01:52:06,22.0,walk,18,3,16.666666666666664,1,2,2.78,"
Trip Summary:
- Start: 2008-05-20 01:51:44 at 希格玛大厦, 知春路, 中关村街道, 海淀区, 北京市, 100098, 中国
- End: 2008-05-20 01:52:06 at 希格玛大厦, 知春路, 中关村街道, 海淀区, 北京市, 100098, 中国
- Duration: 0 days 00:00:22
- Distance: 0.05 km
- Average Speed: 4.23 km/h
- Average Bearing Change: 21.25°
- Max Speed: 6.06 km/h
- Min Speed: 0.47 km/h
- Speed Variability: 1.87 km/h
- Average Acceleration: -0.02 m/s²
- Max Acceleration: 0.35 m/s²
- Number of Turns: 4
- Turn Rate: 12.00 turns/min
- Average Turn Angle: 21.25°
- Turn Angle Variability: 22.51°
- Transport Mode: walk
    "
0.9109236920650308,19.8155483106598,0.0,6.926969896669853,11.979254119591838,0.0027387573472126077,0.9589959441317994,0.1659092663352086,19,4.253731343283582,22.5329766068092,37.287666170200914,22.5329766068092,bike_cleaned.geojson,2008-08-05 10:45:10,2008-08-05 10:49:40,270.0,bike,123,2,1.6260162601626018,2,1,6.94,"
Trip Summary:
- Start: 2008-08-05 10:45:10 at 中关村街道, 海淀区, 北京市, 100098, 中国
- End: 2008-08-05 10:49:40 at 中关村南路, 科育社区, 中关村街道, 海淀区, 北京市, 100086, 中国
- Duration: 0 days 00:04:30
- Distance: 0.91 km
- Average Speed: 11.98 km/h
- Average Bearing Change: 22.53°
- Max Speed: 19.82 km/h
- Min Speed: 0.00 km/h
- Speed Variability: 6.93 km/h
- Average Acceleration: 0.00 m/s²
- Max Acceleration: 0.96 m/s²
- Number of Turns: 19
- Turn Rate: 4.25 turns/min
- Average Turn Angle: 22.53°
- Turn Angle Variability: 37.29°
- Transport Mode: bike
    "
0.8612719723215697,6.798735894675847,0.5027193293968939,1.269495187177415,3.6521947777909647,0.0021180890907153446,0.3954069689275641,0.06796022562582651,96,6.206896551724138,25.902152640797276,26.66857795851671,25.902152640797276,walk_cleaned.geojson,2008-08-05 11:21:40,2008-08-05 11:37:16,936.0,walk,323,10,3.0959752321981426,3,9,2.78,"
Trip Summary:
- Start: 2008-08-05 11:21:40 at 中国科学院物理研究所, 中关村东路, 清华园, 中关村街道, 海淀区, 北京市, 100190, 中国
- End: 2008-08-05 11:37:16 at 中关村街道, 海淀区, 北京市, 100098, 中国
- Duration: 0 days 00:15:36
- Distance: 0.86 km
- Average Speed: 3.65 km/h
- Average Bearing Change: 25.90°
- Max Speed: 6.80 km/h
- Min Speed: 0.50 km/h
- Speed Variability: 1.27 km/h
- Average Acceleration: 0.00 m/s²
- Max Acceleration: 0.40 m/s²
- Number of Turns: 96
- Turn Rate: 6.21 turns/min
- Average Turn Angle: 25.90°
- Turn Angle Variability: 26.67°
- Transport Mode: walk
    "
4.624535173855785,24.984,1.001198431901822,4.504569711926413,14.75469711606444,-0.002181902073384107,0.3039996500446002,0.08765806988643168,23,1.173469387755102,14.42427832032397,25.637320243722584,14.42427832032397,bike_cleaned.geojson,2008-09-02 03:36:59,2008-09-02 03:56:34,1175.0,bike,216,1,0.4629629629629629,7,0,6.94,"
Trip Summary:
- Start: 2008-09-02 03:36:59 at 清华大学, 30, 双清路, 东升镇, 海淀区, 北京市, 100084, 中国
- End: 2008-09-02 03:56:34 at 中关村街道, 海淀区, 北京市, 100098, 中国
- Duration: 0 days 00:19:35
- Distance: 4.62 km
- Average Speed: 14.75 km/h
- Average Bearing Change: 14.42°
- Max Speed: 24.98 km/h
- Min Speed: 1.00 km/h
- Speed Variability: 4.50 km/h
- Average Acceleration: -0.00 m/s²
- Max Acceleration: 0.30 m/s²
- Number of Turns: 23
- Turn Rate: 1.17 turns/min
- Average Turn Angle: 14.42°
- Turn Angle Variability: 25.64°
- Transport Mode: bike
    "
7.953976734627834,39.996,0.0,15.3007172027532,20.93733555296262,0.03329469644786565,3.260576070178149,0.44209316600202936,87,3.59504132231405,17.51538051977271,34.65446401258916,17.51538051977271,bus_cleaned.geojson,2008-10-12 06:59:54,2008-10-12 07:24:22,1468.0,bus,641,11,1.71606864274571,104,10,11.11,"
Trip Summary:
- Start: 2008-10-12 06:59:54 at 北京银行, 北三环东路, 和平街街道, 朝阳区, 北京市, 100029, 中国
- End: 2008-10-12 07:24:22 at 知春路, 花园路街道, 中关村街道, 海淀区, 北京市, 100081, 中国
- Duration: 0 days 00:24:28
- Distance: 7.95 km
- Average Speed: 20.94 km/h
- Average Bearing Change: 17.52°
- Max Speed: 40.00 km/h
- Min Speed: 0.00 km/h
- Speed Variability: 15.30 km/h
- Average Acceleration: 0.03 m/s²
- Max Acceleration: 3.26 m/s²
- Number of Turns: 87
- Turn Rate: 3.60 turns/min
- Average Turn Angle: 17.52°
- Turn Angle Variability: 34.65°
- Transport Mode: bus
    "
9.120433893990338,8.321718035824086,0.0,2.049498953321352,2.560712066462679,-0.0009716177532898231,0.7785899727964487,0.09362483682364894,333,4.760543245175125,34.04524481801443,40.96253574438093,34.04524481801443,walk_cleaned.geojson,2008-10-12 06:17:47,2008-10-12 07:28:16,4229.0,walk,979,17,1.7364657814096014,22,16,2.78,"
Trip Summary:
- Start: 2008-10-12 06:17:47 at 北京中医药大学（西校区）, 11号, 北三环东路, 和平街街道, 朝阳区, 北京市, 100029, 中国
- End: 2008-10-12 07:28:16 at 希格玛大厦, 知春路, 中关村街道, 海淀区, 北京市, 100098, 中国
- Duration: 0 days 01:10:29
- Distance: 9.12 km
- Average Speed: 2.56 km/h
- Average Bearing Change: 34.05°
- Max Speed: 8.32 km/h
- Min Speed: 0.00 km/h
- Speed Variability: 2.05 km/h
- Average Acceleration: -0.00 m/s²
- Max Acceleration: 0.78 m/s²
- Number of Turns: 333
- Turn Rate: 4.76 turns/min
- Average Turn Angle: 34.05°
- Turn Angle Variability: 40.96°
- Transport Mode: walk
    "
4.589243574741917,21.20239915351213,2.7734975051392965,2.1602649828272296,15.321499228954151,0.0010927993296052758,0.5065137305795907,0.1007952519906182,22,1.0256410256410258,8.354002391108617,12.797872112910627,8.354002391108617,bike_cleaned.geojson,2008-05-06 02:11:08,2008-05-06 02:32:41,1293.0,bike,505,4,0.7920792079207921,13,3,6.94,"
Trip Summary:
- Start: 2008-05-06 02:11:08 at 清华大学, 30, 双清路, 东升镇, 海淀区, 北京市, 100084, 中国
- End: 2008-05-06 02:32:41 at 中关村街道, 海淀区, 北京市, 100098, 中国
- Duration: 0 days 00:21:33
- Distance: 4.59 km
- Average Speed: 15.32 km/h
- Average Bearing Change: 8.35°
- Max Speed: 21.20 km/h
- Min Speed: 2.77 km/h
- Speed Variability: 2.16 km/h
- Average Acceleration: 0.00 m/s²
- Max Acceleration: 0.51 m/s²
- Number of Turns: 22
- Turn Rate: 1.03 turns/min
- Average Turn Angle: 8.35°
- Turn Angle Variability: 12.80°
- Transport Mode: bike
    "
0.10372710439186114,8.507489421263552,0.19986151504529814,2.4416666655226207,4.603335032136917,-0.011171538807629014,0.7293187345070771,0.1782723971338733,10,7.894736842105264,20.59194406430495,19.392783021474248,20.59194406430495,walk_cleaned.geojson,2008-05-06 02:33:22,2008-05-06 02:34:38,76.0,walk,40,1,2.5,3,0,2.78,"
Trip Summary:
- Start: 2008-05-06 02:33:22 at 中关村街道, 海淀区, 北京市, 100098, 中国
- End: 2008-05-06 02:34:38 at 希格玛大厦, 知春路, 中关村街道, 海淀区, 北京市, 100098, 中国
- Duration: 0 days 00:01:16
- Distance: 0.10 km
- Average Speed: 4.60 km/h
- Average Bearing Change: 20.59°
- Max Speed: 8.51 km/h
- Min Speed: 0.20 km/h
- Speed Variability: 2.44 km/h
- Average Acceleration: -0.01 m/s²
- Max Acceleration: 0.73 m/s²
- Number of Turns: 10
- Turn Rate: 7.89 turns/min
- Average Turn Angle: 20.59°
- Turn Angle Variability: 19.39°
- Transport Mode: walk
    "
1.2422025038799265,10.008,0.42827367367610264,2.1679099120834455,5.563335110796242,-0.000948960358768086,0.5371054448684839,0.11829818980159458,73,6.2039660056657215,23.055430335833655,29.19721153310755,23.055430335833655,walk_cleaned.geojson,2008-12-27 10:12:10,2008-12-27 10:24:08,718.0,walk,336,8,2.380952380952381,19,7,2.78,"
Trip Summary:
- Start: 2008-12-27 10:12:10 at 中关村南四街, 知春东里社区, 中关村街道, 海淀区, 北京市, 100098, 中国
- End: 2008-12-27 10:24:08 at 知春路, 花园路街道, 中关村街道, 海淀区, 北京市, 100081, 中国
- Duration: 0 days 00:11:58
- Distance: 1.24 km
- Average Speed: 5.56 km/h
- Average Bearing Change: 23.06°
- Max Speed: 10.01 km/h
- Min Speed: 0.43 km/h
- Speed Variability: 2.17 km/h
- Average Acceleration: -0.00 m/s²
- Max Acceleration: 0.54 m/s²
- Number of Turns: 73
- Turn Rate: 6.20 turns/min
- Average Turn Angle: 23.06°
- Turn Angle Variability: 29.20°
- Transport Mode: walk
    "
4.055597689976675,24.984,0.0,7.573292809331411,8.141652939823189,0.005966702205399057,0.9038961838469127,0.12698252490110293,33,3.338954468802698,37.7878091704026,43.24092125621237,37.7878091704026,subway_cleaned.geojson,2008-08-23 02:41:02,2008-08-23 02:52:12,670.0,subway,113,24,21.238938053097346,4,23,6.94,"
Trip Summary:
- Start: 2008-08-23 02:41:02 at 北太平庄街道, 海淀区, 北京市, 100081, 中国
- End: 2008-08-23 02:52:12 at 展览路街道, 首都功能核心区, 西城区, 北京市, 100032, 中国
- Duration: 0 days 00:11:10
- Distance: 4.06 km
- Average Speed: 8.14 km/h
- Average Bearing Change: 37.79°
- Max Speed: 24.98 km/h
- Min Speed: 0.00 km/h
- Speed Variability: 7.57 km/h
- Average Acceleration: 0.01 m/s²
- Max Acceleration: 0.90 m/s²
- Number of Turns: 33
- Turn Rate: 3.34 turns/min
- Average Turn Angle: 37.79°
- Turn Angle Variability: 43.24°
- Transport Mode: subway
    "
0.5206976723467502,5.346202512315302,0.6817483974111835,0.7769145474789861,3.859141818138845,-0.0014118119827970267,0.08381994021112893,0.026521600333179584,17,2.1205821205821205,17.949022528640135,19.381599175164123,17.949022528640135,walk_cleaned.geojson,2008-08-23 03:28:16,2008-08-23 03:36:20,484.0,walk,98,1,1.0204081632653061,0,0,2.78,"
Trip Summary:
- Start: 2008-08-23 03:28:16 at yaxiu hotel, 阜成门内大街, 新街口街道, 首都功能核心区, 西城区, 北京市, 100032, 中国
- End: 2008-08-23 03:36:20 at 受壁街, 新街口街道, 首都功能核心区, 西城区, 北京市, 100032, 中国
- Duration: 0 days 00:08:04
- Distance: 0.52 km
- Average Speed: 3.86 km/h
- Average Bearing Change: 17.95°
- Max Speed: 5.35 km/h
- Min Speed: 0.68 km/h
- Speed Variability: 0.78 km/h
- Average Acceleration: -0.00 m/s²
- Max Acceleration: 0.08 m/s²
- Number of Turns: 17
- Turn Rate: 2.12 turns/min
- Average Turn Angle: 17.95°
- Turn Angle Variability: 19.38°
- Transport Mode: walk
    "
3.105334088970426,24.984,0.25221161419063653,8.30228767634092,13.695292808683883,-0.00439967177285563,2.1345219663255905,0.32195659987712716,30,5.960264900662252,24.931725561853572,36.21957773533763,24.931725561853572,subway_cleaned.geojson,2008-12-13 00:50:48,2008-12-13 00:56:54,366.0,subway,175,42,24.0,26,41,6.94,"
Trip Summary:
- Start: 2008-12-13 00:50:48 at 北三环西路, 北下关街道, 海淀区, 北京市, 100081, 中国
- End: 2008-12-13 00:56:54 at 凯德MALL•西直门, 西直门站换乘通道, 展览路街道, 首都功能核心区, 西城区, 北京市, 100032, 中国
- Duration: 0 days 00:06:06
- Distance: 3.11 km
- Average Speed: 13.70 km/h
- Average Bearing Change: 24.93°
- Max Speed: 24.98 km/h
- Min Speed: 0.25 km/h
- Speed Variability: 8.30 km/h
- Average Acceleration: -0.00 m/s²
- Max Acceleration: 2.13 m/s²
- Number of Turns: 30
- Turn Rate: 5.96 turns/min
- Average Turn Angle: 24.93°
- Turn Angle Variability: 36.22°
- Transport Mode: subway
    "
0.6000800597562408,2.1317168923658403,0.15347747577581128,0.6488999660997613,0.7637442172107787,-0.0023047019648927934,0.22635775656479964,0.04021441713878436,192,7.977839335180056,47.97033335971736,46.947507845784344,47.97033335971736,walk_cleaned.geojson,2008-12-13 02:59:52,2008-12-13 03:23:58,1446.0,walk,375,9,2.4,13,8,2.78,"
Trip Summary:
- Start: 2008-12-13 02:59:52 at 温都水城, 平西府村, 昌平区, 北京市, 102209, 中国
- End: 2008-12-13 03:23:58 at 宏福中路, 温都水城, 平西府村, 昌平区, 北京市, 102209, 中国
- Duration: 0 days 00:24:06
- Distance: 0.60 km
- Average Speed: 0.76 km/h
- Average Bearing Change: 47.97°
- Max Speed: 2.13 km/h
- Min Speed: 0.15 km/h
- Speed Variability: 0.65 km/h
- Average Acceleration: -0.00 m/s²
- Max Acceleration: 0.23 m/s²
- Number of Turns: 192
- Turn Rate: 7.98 turns/min
- Average Turn Angle: 47.97°
- Turn Angle Variability: 46.95°
- Transport Mode: walk
    "
14.09125778665934,39.996,0.15373985171275642,13.423394092968577,16.820092021742887,0.008506238927407516,2.180728567406555,0.37926086924116176,237,4.128919860627178,19.95508830740943,34.47122178557864,19.95508830740943,bus_cleaned.geojson,2008-10-16 23:28:39,2008-10-17 00:26:19,3460.0,bus,1371,9,0.6564551422319475,129,8,11.11,"
Trip Summary:
- Start: 2008-10-16 23:28:39 at 北京城市学院, 269号;269, 北四环中路, 学院路街道, 海淀区, 北京市, 100191, 中国
- End: 2008-10-17 00:26:19 at 工人体育场北路, 东直门街道, 首都功能核心区, 东城区, 北京市, 100010, 中国
- Duration: 0 days 00:57:40
- Distance: 14.09 km
- Average Speed: 16.82 km/h
- Average Bearing Change: 19.96°
- Max Speed: 40.00 km/h
- Min Speed: 0.15 km/h
- Speed Variability: 13.42 km/h
- Average Acceleration: 0.01 m/s²
- Max Acceleration: 2.18 m/s²
- Number of Turns: 237
- Turn Rate: 4.13 turns/min
- Average Turn Angle: 19.96°
- Turn Angle Variability: 34.47°
- Transport Mode: bus
    "
0.8229077907306849,10.008,0.0,2.506941588754676,4.503040226445982,0.0017521861158108173,0.735570390843497,0.15757171109247337,69,7.392857142857142,32.50632276818112,33.407060353067564,32.50632276818112,walk_cleaned.geojson,2008-10-17 00:26:25,2008-10-17 00:36:01,576.0,walk,194,9,4.639175257731959,14,8,2.78,"
Trip Summary:
- Start: 2008-10-17 00:26:25 at 工人体育场北路, 东直门街道, 首都功能核心区, 东城区, 北京市, 100010, 中国
- End: 2008-10-17 00:36:01 at 巫山烤全鱼, 东中街, 东直门, 东直门街道, 首都功能核心区, 东城区, 北京市, 100010, 中国
- Duration: 0 days 00:09:36
- Distance: 0.82 km
- Average Speed: 4.50 km/h
- Average Bearing Change: 32.51°
- Max Speed: 10.01 km/h
- Min Speed: 0.00 km/h
- Speed Variability: 2.51 km/h
- Average Acceleration: 0.00 m/s²
- Max Acceleration: 0.74 m/s²
- Number of Turns: 69
- Turn Rate: 7.39 turns/min
- Average Turn Angle: 32.51°
- Turn Angle Variability: 33.41°
- Transport Mode: walk
    "
7.6505441814809485,10.008,0.27095460984371983,2.306353169743182,4.046793217443693,0.002739411293251955,0.7069989008553026,0.07064862540191144,408,4.0664451827242525,49.5213273383418,49.04261740920895,49.5213273383418,walk_cleaned.geojson,2008-10-24 13:50:27,2008-10-24 15:33:14,6167.0,walk,882,30,3.4013605442176873,50,29,2.78,"
Trip Summary:
- Start: 2008-10-24 13:50:27 at 中关村南四街, 知春东里社区, 中关村街道, 海淀区, 北京市, 100098, 中国
- End: 2008-10-24 15:33:14 at 中关村东路天桥, 中关村街道, 海淀区, 北京市, 100190, 中国
- Duration: 0 days 01:42:47
- Distance: 7.65 km
- Average Speed: 4.05 km/h
- Average Bearing Change: 49.52°
- Max Speed: 10.01 km/h
- Min Speed: 0.27 km/h
- Speed Variability: 2.31 km/h
- Average Acceleration: 0.00 m/s²
- Max Acceleration: 0.71 m/s²
- Number of Turns: 408
- Turn Rate: 4.07 turns/min
- Average Turn Angle: 49.52°
- Turn Angle Variability: 49.04°
- Transport Mode: walk
    "
3.4964821814483704,21.718162584618927,10.244422798636776,2.020134554044526,16.219857659330227,0.004226024463098418,1.5391823854703544,0.1775796171093931,8,0.49535603715170284,8.254580654625755,13.705419098209186,8.254580654625755,bike_cleaned.geojson,2008-05-05 02:17:13,2008-05-05 02:33:38,985.0,bike,355,9,2.535211267605634,4,8,6.94,"
Trip Summary:
- Start: 2008-05-05 02:17:13 at 清华大学, 30, 双清路, 东升镇, 海淀区, 北京市, 100084, 中国
- End: 2008-05-05 02:33:38 at 白塔庵东, 知春路, 中关村街道, 海淀区, 北京市, 100098, 中国
- Duration: 0 days 00:16:25
- Distance: 3.50 km
- Average Speed: 16.22 km/h
- Average Bearing Change: 8.25°
- Max Speed: 21.72 km/h
- Min Speed: 10.24 km/h
- Speed Variability: 2.02 km/h
- Average Acceleration: 0.00 m/s²
- Max Acceleration: 1.54 m/s²
- Number of Turns: 8
- Turn Rate: 0.50 turns/min
- Average Turn Angle: 8.25°
- Turn Angle Variability: 13.71°
- Transport Mode: bike
    "
4.179295228649177,50.004000000000005,0.19986145029461813,19.385426847219975,24.40883659638118,0.04508447493926707,6.587143872888377,0.6909945911911292,38,3.0278884462151394,13.605858838969725,27.27736842883527,13.605858838969725,taxi_cleaned.geojson,2008-05-05 05:33:21,2008-05-05 05:46:05,764.0,taxi,361,10,2.7700831024930745,75,9,13.89,"
Trip Summary:
- Start: 2008-05-05 05:33:21 at 中关村南大街, 北下关街道, 海淀区, 北京市, 100872, 中国
- End: 2008-05-05 05:46:05 at 中关村街道, 海淀区, 北京市, 100098, 中国
- Duration: 0 days 00:12:44
- Distance: 4.18 km
- Average Speed: 24.41 km/h
- Average Bearing Change: 13.61°
- Max Speed: 50.00 km/h
- Min Speed: 0.20 km/h
- Speed Variability: 19.39 km/h
- Average Acceleration: 0.05 m/s²
- Max Acceleration: 6.59 m/s²
- Number of Turns: 38
- Turn Rate: 3.03 turns/min
- Average Turn Angle: 13.61°
- Turn Angle Variability: 27.28°
- Transport Mode: taxi
    "
0.01430726205781407,2.5322224673081615,1.368453779504836,0.35612149509510715,2.367962859979862,0.0159052015269643,0.13956569501250873,0.04367623867646025,0,0.0,5.750257335927864,6.613753067350548,5.750257335927864,walk_cleaned.geojson,2008-05-05 05:46:21,2008-05-05 05:46:41,20.0,walk,12,1,8.333333333333332,0,0,2.78,"
Trip Summary:
- Start: 2008-05-05 05:46:21 at 希格玛大厦, 知春路, 中关村街道, 海淀区, 北京市, 100098, 中国
- End: 2008-05-05 05:46:41 at 希格玛大厦, 知春路, 中关村街道, 海淀区, 北京市, 100098, 中国
- Duration: 0 days 00:00:20
- Distance: 0.01 km
- Average Speed: 2.37 km/h
- Average Bearing Change: 5.75°
- Max Speed: 2.53 km/h
- Min Speed: 1.37 km/h
- Speed Variability: 0.36 km/h
- Average Acceleration: 0.02 m/s²
- Max Acceleration: 0.14 m/s²
- Number of Turns: 0
- Turn Rate: 0.00 turns/min
- Average Turn Angle: 5.75°
- Turn Angle Variability: 6.61°
- Transport Mode: walk
    "
17.27453255624539,24.984,0.8204191911537209,9.517431759299061,11.839585062518582,0.03862497382581788,2.186390157785039,0.28822184589574834,29,1.4332784184514002,38.4215928984389,46.702624658104966,38.4215928984389,subway_cleaned.geojson,2009-06-11 01:01:10,2009-06-11 01:30:36,1766.0,subway,235,153,65.1063829787234,6,152,6.94,"
Trip Summary:
- Start: 2009-06-11 01:01:10 at 知春路, 知春东里社区, 中关村街道, 海淀区, 北京市, 100081, 中国
- End: 2009-06-11 01:30:36 at 华龙苑南里, 霍营街道, 兰各庄村, 昌平区, 北京市, 100196, 中国
- Duration: 0 days 00:29:26
- Distance: 17.27 km
- Average Speed: 11.84 km/h
- Average Bearing Change: 38.42°
- Max Speed: 24.98 km/h
- Min Speed: 0.82 km/h
- Speed Variability: 9.52 km/h
- Average Acceleration: 0.04 m/s²
- Max Acceleration: 2.19 m/s²
- Number of Turns: 29
- Turn Rate: 1.43 turns/min
- Average Turn Angle: 38.42°
- Turn Angle Variability: 46.70°
- Transport Mode: subway
    "
0.2572101740265139,5.134890711087094,1.8595177228027724,0.7415911972641586,3.9299008760915344,-0.003574115448570452,0.14383137797447806,0.04938079714843588,11,2.8085106382978724,34.12786895410087,36.05031618625934,34.12786895410087,walk_cleaned.geojson,2009-06-11 05:49:57,2009-06-11 05:53:57,240.0,walk,42,2,4.761904761904762,0,1,2.78,"
Trip Summary:
- Start: 2009-06-11 05:49:57 at 地铁知春路站, 知春路, 花园路街道, 中关村街道, 海淀区, 北京市, 100081, 中国
- End: 2009-06-11 05:53:57 at 中关村街道, 海淀区, 北京市, 100098, 中国
- Duration: 0 days 00:04:00
- Distance: 0.26 km
- Average Speed: 3.93 km/h
- Average Bearing Change: 34.13°
- Max Speed: 5.13 km/h
- Min Speed: 1.86 km/h
- Speed Variability: 0.74 km/h
- Average Acceleration: -0.00 m/s²
- Max Acceleration: 0.14 m/s²
- Number of Turns: 11
- Turn Rate: 2.81 turns/min
- Average Turn Angle: 34.13°
- Turn Angle Variability: 36.05°
- Transport Mode: walk
    "
2.2911034955180614,19.467484564523435,4.530787368785858,2.8662368542339847,11.486226261487024,-0.0033369077545328334,0.36110289055586003,0.08740133960855441,18,1.553956834532374,14.170075128149461,18.387739521050612,14.170075128149461,bike_cleaned.geojson,2011-11-01 01:26:45,2011-11-01 01:38:40,715.0,bike,126,5,3.968253968253968,0,4,6.94,"
Trip Summary:
- Start: 2011-11-01 01:26:45 at 京东科技大厦（原翠宫饭店）, 76, 知春路, 知春东里社区, 中关村街道, 海淀区, 北京市, 100098, 中国
- End: 2011-11-01 01:38:40 at 中关村地下环廊, 中关村核心区, 海淀街道, 海淀区, 北京市, 100080, 中国
- Duration: 0 days 00:11:55
- Distance: 2.29 km
- Average Speed: 11.49 km/h
- Average Bearing Change: 14.17°
- Max Speed: 19.47 km/h
- Min Speed: 4.53 km/h
- Speed Variability: 2.87 km/h
- Average Acceleration: -0.00 m/s²
- Max Acceleration: 0.36 m/s²
- Number of Turns: 18
- Turn Rate: 1.55 turns/min
- Average Turn Angle: 14.17°
- Turn Angle Variability: 18.39°
- Transport Mode: bike
    "
4.194477378629181,24.984,0.7365585723538057,4.0875658585314305,15.08370991174151,-0.0015591040188878498,1.8039747423862027,0.22427828436034025,32,1.80620884289746,11.683517410431275,20.74068522150799,11.683517410431275,bike_cleaned.geojson,2008-11-25 04:42:14,2008-11-25 05:00:05,1071.0,bike,473,3,0.6342494714587738,11,2,6.94,"
Trip Summary:
- Start: 2008-11-25 04:42:14 at 学堂路, 清华园街道, 西洼村, 海淀区, 北京市, 100084, 中国
- End: 2008-11-25 05:00:05 at 希格玛大厦, 知春路, 中关村街道, 海淀区, 北京市, 100098, 中国
- Duration: 0 days 00:17:51
- Distance: 4.19 km
- Average Speed: 15.08 km/h
- Average Bearing Change: 11.68°
- Max Speed: 24.98 km/h
- Min Speed: 0.74 km/h
- Speed Variability: 4.09 km/h
- Average Acceleration: -0.00 m/s²
- Max Acceleration: 1.80 m/s²
- Number of Turns: 32
- Turn Rate: 1.81 turns/min
- Average Turn Angle: 11.68°
- Turn Angle Variability: 20.74°
- Transport Mode: bike
    "
2.181768479534344,19.564590125922333,0.133240987782816,6.122391303433996,14.007613098689307,0.004893038161434549,0.23943604768763188,0.07771895383112484,15,1.6216216216216217,19.988981290527693,32.152615806321215,19.988981290527693,bike_cleaned.geojson,2011-10-29 07:13:11,2011-10-29 07:22:46,575.0,bike,101,3,2.9702970297029703,6,2,6.94,"
Trip Summary:
- Start: 2011-10-29 07:13:11 at 中关村大街, 中关村核心区, 海淀街道, 海淀区, 北京市, 100872, 中国
- End: 2011-10-29 07:22:46 at 中关村街道, 海淀区, 北京市, 100098, 中国
- Duration: 0 days 00:09:35
- Distance: 2.18 km
- Average Speed: 14.01 km/h
- Average Bearing Change: 19.99°
- Max Speed: 19.56 km/h
- Min Speed: 0.13 km/h
- Speed Variability: 6.12 km/h
- Average Acceleration: 0.00 m/s²
- Max Acceleration: 0.24 m/s²
- Number of Turns: 15
- Turn Rate: 1.62 turns/min
- Average Turn Angle: 19.99°
- Turn Angle Variability: 32.15°
- Transport Mode: bike
    "
6.131862880479927,39.596219468835294,0.0,12.746374108018241,13.017260705639353,0.016058318692079243,1.617121175681349,0.3207949973370613,160,5.748502994011976,25.013371587282368,43.01061079044896,25.013371587282368,bus_cleaned.geojson,2008-12-17 09:57:08,2008-12-17 10:25:08,1680.0,bus,752,6,0.7978723404255319,20,5,11.11,"
Trip Summary:
- Start: 2008-12-17 09:57:08 at 首都医科大学, 右安门西滨河路, 玉林西里社区, 右安门街道, 菜户营村, 丰台区, 北京市, 100069, 中国
- End: 2008-12-17 10:25:08 at 莲花池东路, 月坛街道, 首都功能核心区, 西城区, 北京市, 100032, 中国
- Duration: 0 days 00:28:00
- Distance: 6.13 km
- Average Speed: 13.02 km/h
- Average Bearing Change: 25.01°
- Max Speed: 39.60 km/h
- Min Speed: 0.00 km/h
- Speed Variability: 12.75 km/h
- Average Acceleration: 0.02 m/s²
- Max Acceleration: 1.62 m/s²
- Number of Turns: 160
- Turn Rate: 5.75 turns/min
- Average Turn Angle: 25.01°
- Turn Angle Variability: 43.01°
- Transport Mode: bus
    "
0.6467192538408983,10.008,0.0004119658580212882,1.7076480904509395,5.004784752007634,0.003143293738366852,0.4707904959237581,0.11541055183906583,79,2.158469945355191,32.2917355221481,32.44252377597251,32.2917355221481,walk_cleaned.geojson,2008-12-17 10:25:20,2008-12-17 10:32:26,426.0,walk,202,6,2.9702970297029703,10,5,2.78,"
Trip Summary:
- Start: 2008-12-17 10:25:20 at 莲花池东路, 月坛街道, 首都功能核心区, 西城区, 北京市, 100032, 中国
- End: 2008-12-17 10:32:26 at 月坛街道, 首都功能核心区, 西城区, 北京市, 100032, 中国
- Duration: 0 days 00:07:06
- Distance: 0.65 km
- Average Speed: 5.00 km/h
- Average Bearing Change: 32.29°
- Max Speed: 10.01 km/h
- Min Speed: 0.00 km/h
- Speed Variability: 1.71 km/h
- Average Acceleration: 0.00 m/s²
- Max Acceleration: 0.47 m/s²
- Number of Turns: 79
- Turn Rate: 2.16 turns/min
- Average Turn Angle: 32.29°
- Turn Angle Variability: 32.44°
- Transport Mode: walk
    "
4.675237834934038,39.996,0.7994329388231672,13.034026471666685,22.88072246917912,0.02378281607479689,2.9524823773522906,0.5024285327773884,52,4.890282131661443,17.550091908868193,23.61457988418089,17.550091908868193,bus_cleaned.geojson,2008-12-11 23:41:38,2008-12-11 23:52:24,646.0,bus,298,7,2.348993288590604,34,6,11.11,"
Trip Summary:
- Start: 2008-12-11 23:41:38 at 广安门内街道, 首都功能核心区, 西城区, 北京市, 100032, 中国
- End: 2008-12-11 23:52:24 at 右安门西滨河路, 玉林里社区, 右安门街道, 西铁营村, 丰台区, 北京市, 100069, 中国
- Duration: 0 days 00:10:46
- Distance: 4.68 km
- Average Speed: 22.88 km/h
- Average Bearing Change: 17.55°
- Max Speed: 40.00 km/h
- Min Speed: 0.80 km/h
- Speed Variability: 13.03 km/h
- Average Acceleration: 0.02 m/s²
- Max Acceleration: 2.95 m/s²
- Number of Turns: 52
- Turn Rate: 4.89 turns/min
- Average Turn Angle: 17.55°
- Turn Angle Variability: 23.61°
- Transport Mode: bus
    "
0.8693801877335878,10.008,0.5995731278862313,2.233512985120623,4.400711211975123,-0.0021058135749234368,0.8666347611321175,0.15056172865249023,61,7.546391752577319,30.063939049992698,35.416300695767255,30.063939049992698,walk_cleaned.geojson,2008-12-11 23:53:54,2008-12-12 00:02:11,497.0,walk,212,7,3.30188679245283,9,6,2.78,"
Trip Summary:
- Start: 2008-12-11 23:53:54 at 首都医科大学, 右安门西滨河路, 玉林西里社区, 右安门街道, 菜户营村, 丰台区, 北京市, 100069, 中国
- End: 2008-12-12 00:02:11 at 首都医科大学, 右安门西滨河路, 玉林西里社区, 右安门街道, 菜户营村, 丰台区, 北京市, 100069, 中国
- Duration: 0 days 00:08:17
- Distance: 0.87 km
- Average Speed: 4.40 km/h
- Average Bearing Change: 30.06°
- Max Speed: 10.01 km/h
- Min Speed: 0.60 km/h
- Speed Variability: 2.23 km/h
- Average Acceleration: -0.00 m/s²
- Max Acceleration: 0.87 m/s²
- Number of Turns: 61
- Turn Rate: 7.55 turns/min
- Average Turn Angle: 30.06°
- Turn Angle Variability: 35.42°
- Transport Mode: walk
    "
3.808339952087437,20.745064012044864,9.490026573342606,1.813426995619164,15.748475865517335,5.946900352327357e-05,0.5281388893295875,0.09410803824902658,8,0.5607476635514018,6.118467674700363,6.97843338157665,6.118467674700363,bike_cleaned.geojson,2008-05-13 16:32:21,2008-05-13 16:46:50,869.0,bike,400,7,1.7500000000000002,6,6,6.94,"
Trip Summary:
- Start: 2008-05-13 16:32:21 at 星规路, 知春东里社区, 中关村街道, 海淀区, 北京市, 100098, 中国
- End: 2008-05-13 16:46:50 at 清华大学, 30, 双清路, 东升镇, 海淀区, 北京市, 100084, 中国
- Duration: 0 days 00:14:29
- Distance: 3.81 km
- Average Speed: 15.75 km/h
- Average Bearing Change: 6.12°
- Max Speed: 20.75 km/h
- Min Speed: 9.49 km/h
- Speed Variability: 1.81 km/h
- Average Acceleration: 0.00 m/s²
- Max Acceleration: 0.53 m/s²
- Number of Turns: 8
- Turn Rate: 0.56 turns/min
- Average Turn Angle: 6.12°
- Turn Angle Variability: 6.98°
- Transport Mode: bike
    "
4.023357750276445,10.008,0.46129038506408065,2.705838537132486,5.715528847336603,-0.004959324484443618,0.6706573483147508,0.18610224462150513,58,2.3689584751531654,40.9313451011039,41.76558443609121,40.9313451011039,walk_cleaned.geojson,2008-05-13 16:30:05,2008-05-13 16:54:42,1477.0,walk,139,5,3.597122302158273,29,4,2.78,"
Trip Summary:
- Start: 2008-05-13 16:30:05 at 希格玛大厦, 知春路, 中关村街道, 海淀区, 北京市, 100098, 中国
- End: 2008-05-13 16:54:42 at 30, 双清路, 东升镇, 海淀区, 北京市, 100084, 中国
- Duration: 0 days 00:24:37
- Distance: 4.02 km
- Average Speed: 5.72 km/h
- Average Bearing Change: 40.93°
- Max Speed: 10.01 km/h
- Min Speed: 0.46 km/h
- Speed Variability: 2.71 km/h
- Average Acceleration: -0.00 m/s²
- Max Acceleration: 0.67 m/s²
- Number of Turns: 58
- Turn Rate: 2.37 turns/min
- Average Turn Angle: 40.93°
- Turn Angle Variability: 41.77°
- Transport Mode: walk
    "
4.681667622900694,22.48667533345707,0.7693133547348103,2.322047314338822,15.1959071759217,-0.005672717247339113,3.4044754108758286,0.2790491085254366,41,2.107969151670951,9.557608163688688,11.539318052675284,9.557608163688688,bike_cleaned.geojson,2008-05-21 03:16:37,2008-05-21 03:36:20,1183.0,bike,999,17,1.7017017017017018,23,16,6.94,"
Trip Summary:
- Start: 2008-05-21 03:16:37 at 30, 双清路, 学院路街道, 东升镇, 海淀区, 北京市, 100084, 中国
- End: 2008-05-21 03:36:20 at 中关村街道, 海淀区, 北京市, 100098, 中国
- Duration: 0 days 00:19:43
- Distance: 4.68 km
- Average Speed: 15.20 km/h
- Average Bearing Change: 9.56°
- Max Speed: 22.49 km/h
- Min Speed: 0.77 km/h
- Speed Variability: 2.32 km/h
- Average Acceleration: -0.01 m/s²
- Max Acceleration: 3.40 m/s²
- Number of Turns: 41
- Turn Rate: 2.11 turns/min
- Average Turn Angle: 9.56°
- Turn Angle Variability: 11.54°
- Transport Mode: bike
    "
0.4894496041424763,10.008,0.07994458777952024,2.764574275830376,4.839932249968616,-0.021539536968531295,1.5659897099350601,0.3597477768501461,48,8.64864864864865,38.78686027935502,42.493519079093474,38.78686027935502,walk_cleaned.geojson,2008-05-21 03:36:25,2008-05-21 03:42:56,391.0,walk,128,11,8.59375,14,10,2.78,"
Trip Summary:
- Start: 2008-05-21 03:36:25 at 中关村街道, 海淀区, 北京市, 100098, 中国
- End: 2008-05-21 03:42:56 at 知春路, 知春东里社区, 中关村街道, 海淀区, 北京市, 100081, 中国
- Duration: 0 days 00:06:31
- Distance: 0.49 km
- Average Speed: 4.84 km/h
- Average Bearing Change: 38.79°
- Max Speed: 10.01 km/h
- Min Speed: 0.08 km/h
- Speed Variability: 2.76 km/h
- Average Acceleration: -0.02 m/s²
- Max Acceleration: 1.57 m/s²
- Number of Turns: 48
- Turn Rate: 8.65 turns/min
- Average Turn Angle: 38.79°
- Turn Angle Variability: 42.49°
- Transport Mode: walk
    "
4.220022316600314,21.305136722324637,1.2248019405687811,2.821203720255625,14.619983275101761,0.007550198949005881,2.3179582261395364,0.27744340330065514,43,2.485549132947977,8.881706705908083,12.712870891029812,8.881706705908083,bike_cleaned.geojson,2008-06-03 16:01:37,2008-06-03 16:19:11,1054.0,bike,905,13,1.4364640883977902,19,12,6.94,"
Trip Summary:
- Start: 2008-06-03 16:01:37 at 希格玛大厦, 知春路, 中关村街道, 海淀区, 北京市, 100098, 中国
- End: 2008-06-03 16:19:11 at 清华大学, 30, 双清路, 东升镇, 海淀区, 北京市, 100084, 中国
- Duration: 0 days 00:17:34
- Distance: 4.22 km
- Average Speed: 14.62 km/h
- Average Bearing Change: 8.88°
- Max Speed: 21.31 km/h
- Min Speed: 1.22 km/h
- Speed Variability: 2.82 km/h
- Average Acceleration: 0.01 m/s²
- Max Acceleration: 2.32 m/s²
- Number of Turns: 43
- Turn Rate: 2.49 turns/min
- Average Turn Angle: 8.88°
- Turn Angle Variability: 12.71°
- Transport Mode: bike
    "
3.9107264876562127,24.984,0.0,7.521515118496836,10.87031158803931,0.0029379537442563186,2.3206232473731268,0.1689762526791552,76,3.0339321357285427,17.088915530441447,29.965241581623953,17.088915530441447,bike_cleaned.geojson,2008-05-09 01:35:24,2008-05-09 02:00:30,1506.0,bike,543,9,1.6574585635359116,22,8,6.94,"
Trip Summary:
- Start: 2008-05-09 01:35:24 at 清华大学, 30, 双清路, 东升镇, 海淀区, 北京市, 100084, 中国
- End: 2008-05-09 02:00:30 at 中关村街道, 海淀区, 北京市, 100098, 中国
- Duration: 0 days 00:25:06
- Distance: 3.91 km
- Average Speed: 10.87 km/h
- Average Bearing Change: 17.09°
- Max Speed: 24.98 km/h
- Min Speed: 0.00 km/h
- Speed Variability: 7.52 km/h
- Average Acceleration: 0.00 m/s²
- Max Acceleration: 2.32 m/s²
- Number of Turns: 76
- Turn Rate: 3.03 turns/min
- Average Turn Angle: 17.09°
- Turn Angle Variability: 29.97°
- Transport Mode: bike
    "
4.268594037266139,10.008,0.42825478511550247,3.4014524154893704,7.028373435310241,-0.00235430296128237,0.774906683882729,0.1687403311947874,54,1.6119402985074627,34.49494194488687,41.07747372306585,34.49494194488687,walk_cleaned.geojson,2008-05-09 01:28:38,2008-05-09 02:02:42,2044.0,walk,168,19,11.30952380952381,58,18,2.78,"
Trip Summary:
- Start: 2008-05-09 01:28:38 at 清华大学, 30, 双清路, 东升镇, 海淀区, 北京市, 100084, 中国
- End: 2008-05-09 02:02:42 at 希格玛大厦, 知春路, 中关村街道, 海淀区, 北京市, 100098, 中国
- Duration: 0 days 00:34:04
- Distance: 4.27 km
- Average Speed: 7.03 km/h
- Average Bearing Change: 34.49°
- Max Speed: 10.01 km/h
- Min Speed: 0.43 km/h
- Speed Variability: 3.40 km/h
- Average Acceleration: -0.00 m/s²
- Max Acceleration: 0.77 m/s²
- Number of Turns: 54
- Turn Rate: 1.61 turns/min
- Average Turn Angle: 34.49°
- Turn Angle Variability: 41.08°
- Transport Mode: walk
    "
1.502393623707696,18.134778332523958,10.345331851725389,1.9478139936153076,14.793885617324404,-0.004265830139835538,0.44470627401887164,0.11035576581217023,9,1.565217391304348,9.938305719119022,10.562434119567701,9.938305719119022,bike_cleaned.geojson,2008-04-14 03:56:50,2008-04-14 04:02:41,351.0,bike,169,4,2.366863905325444,0,3,6.94,"
Trip Summary:
- Start: 2008-04-14 03:56:50 at 双清路, 东升镇, 海淀区, 北京市, 100084, 中国
- End: 2008-04-14 04:02:41 at 清华大学, 30, 双清路, 东升镇, 海淀区, 北京市, 100084, 中国
- Duration: 0 days 00:05:51
- Distance: 1.50 km
- Average Speed: 14.79 km/h
- Average Bearing Change: 9.94°
- Max Speed: 18.13 km/h
- Min Speed: 10.35 km/h
- Speed Variability: 1.95 km/h
- Average Acceleration: -0.00 m/s²
- Max Acceleration: 0.44 m/s²
- Number of Turns: 9
- Turn Rate: 1.57 turns/min
- Average Turn Angle: 9.94°
- Turn Angle Variability: 10.56°
- Transport Mode: bike
    "
15.717077053379214,39.996,0.15383599074053927,14.20860238785337,18.36510167574851,0.010794461161180997,3.386737615937183,0.4615361681749986,208,3.8071995118974984,19.835850103731268,37.26562851327358,19.835850103731268,bus_cleaned.geojson,2008-05-22 06:47:22,2008-05-22 07:42:32,3310.0,bus,1363,17,1.247248716067498,149,16,11.11,"
Trip Summary:
- Start: 2008-05-22 06:47:22 at 玉林西路, 玉林里社区, 右安门街道, 西铁营村, 丰台区, 北京市, 100069, 中国
- End: 2008-05-22 07:42:32 at 中关村东路, 知春东里社区, 中关村街道, 海淀区, 北京市, 100098, 中国
- Duration: 0 days 00:55:10
- Distance: 15.72 km
- Average Speed: 18.37 km/h
- Average Bearing Change: 19.84°
- Max Speed: 40.00 km/h
- Min Speed: 0.15 km/h
- Speed Variability: 14.21 km/h
- Average Acceleration: 0.01 m/s²
- Max Acceleration: 3.39 m/s²
- Number of Turns: 208
- Turn Rate: 3.81 turns/min
- Average Turn Angle: 19.84°
- Turn Angle Variability: 37.27°
- Transport Mode: bus
    "
0.0474821625757017,10.008,0.12615610053244689,3.7620754183354745,2.4219730750308752,0.011468344625652724,0.6261792389094176,0.2859694765920448,8,11.428571428571429,46.43669931891004,41.7474732589463,46.43669931891004,walk_cleaned.geojson,2008-05-22 06:46:42,2008-05-22 06:47:16,34.0,walk,17,3,17.647058823529413,3,2,2.78,"
Trip Summary:
- Start: 2008-05-22 06:46:42 at 右安门西滨河路, 玉林里社区, 右安门街道, 菜户营村, 丰台区, 北京市, 100069, 中国
- End: 2008-05-22 06:47:16 at 玉林西路, 玉林里社区, 右安门街道, 西铁营村, 丰台区, 北京市, 100069, 中国
- Duration: 0 days 00:00:34
- Distance: 0.05 km
- Average Speed: 2.42 km/h
- Average Bearing Change: 46.44°
- Max Speed: 10.01 km/h
- Min Speed: 0.13 km/h
- Speed Variability: 3.76 km/h
- Average Acceleration: 0.01 m/s²
- Max Acceleration: 0.63 m/s²
- Number of Turns: 8
- Turn Rate: 11.43 turns/min
- Average Turn Angle: 46.44°
- Turn Angle Variability: 41.75°
- Transport Mode: walk
    "
3.9809167386485016,19.098950676810745,8.298008386410594,1.733848992405023,14.551977183873632,-0.0002344910561426859,0.3138925786523301,0.06067801986487765,9,0.5217391304347826,9.954156305371434,10.158404895028713,9.954156305371434,bike_cleaned.geojson,2008-08-17 17:58:16,2008-08-17 18:15:46,1050.0,bike,180,4,2.2222222222222223,5,3,6.94,"
Trip Summary:
- Start: 2008-08-17 17:58:16 at 白塔庵东, 知春路, 中关村街道, 海淀区, 北京市, 100098, 中国
- End: 2008-08-17 18:15:46 at 清华大学, 30, 双清路, 东升镇, 海淀区, 北京市, 100084, 中国
- Duration: 0 days 00:17:30
- Distance: 3.98 km
- Average Speed: 14.55 km/h
- Average Bearing Change: 9.95°
- Max Speed: 19.10 km/h
- Min Speed: 8.30 km/h
- Speed Variability: 1.73 km/h
- Average Acceleration: -0.00 m/s²
- Max Acceleration: 0.31 m/s²
- Number of Turns: 9
- Turn Rate: 0.52 turns/min
- Average Turn Angle: 9.95°
- Turn Angle Variability: 10.16°
- Transport Mode: bike
    "
8.033824493389305,39.996,0.3776388544493466,12.086135574804974,22.792282686356955,0.0025026814686859634,2.7869896975841186,0.5180829109886143,78,3.466666666666667,10.136255010998054,18.78137077369184,10.136255010998054,bus_cleaned.geojson,2008-06-29 12:34:41,2008-06-29 12:57:25,1364.0,bus,1143,15,1.3123359580052494,95,14,11.11,"
Trip Summary:
- Start: 2008-06-29 12:34:41 at 和平东桥, 北三环东路, 和平街街道, 朝阳区, 北京市, 100029, 中国
- End: 2008-06-29 12:57:25 at 知春路, 花园路街道, 中关村街道, 海淀区, 北京市, 100081, 中国
- Duration: 0 days 00:22:44
- Distance: 8.03 km
- Average Speed: 22.79 km/h
- Average Bearing Change: 10.14°
- Max Speed: 40.00 km/h
- Min Speed: 0.38 km/h
- Speed Variability: 12.09 km/h
- Average Acceleration: 0.00 m/s²
- Max Acceleration: 2.79 m/s²
- Number of Turns: 78
- Turn Rate: 3.47 turns/min
- Average Turn Angle: 10.14°
- Turn Angle Variability: 18.78°
- Transport Mode: bus
    "
7.7444583948536625,10.008,0.09277990976027191,2.3761235332718664,5.226866271502382,0.006858220191260826,1.424498713206542,0.28395340520158524,75,2.494456762749446,26.996340006580937,28.318742421567347,26.996340006580937,walk_cleaned.geojson,2008-06-29 12:31:01,2008-06-29 13:01:26,1825.0,walk,262,17,6.488549618320611,24,16,2.78,"
Trip Summary:
- Start: 2008-06-29 12:31:01 at 樱花园东街, 和平街街道, 朝阳区, 北京市, 100029, 中国
- End: 2008-06-29 13:01:26 at 知春路, 中关村街道, 海淀区, 北京市, 100098, 中国
- Duration: 0 days 00:30:25
- Distance: 7.74 km
- Average Speed: 5.23 km/h
- Average Bearing Change: 27.00°
- Max Speed: 10.01 km/h
- Min Speed: 0.09 km/h
- Speed Variability: 2.38 km/h
- Average Acceleration: 0.01 m/s²
- Max Acceleration: 1.42 m/s²
- Number of Turns: 75
- Turn Rate: 2.49 turns/min
- Average Turn Angle: 27.00°
- Turn Angle Variability: 28.32°
- Transport Mode: walk
    "
4.205360645495222,39.996,0.1998587063815711,13.823158674384079,13.850150475698348,-0.0013237604387587782,3.8454920003177655,0.3723961779527971,112,6.746987951807228,28.907994522019354,42.13248743804558,28.907994522019354,bus_cleaned.geojson,2008-10-23 06:34:34,2008-10-23 06:51:26,1012.0,bus,455,10,2.197802197802198,32,9,11.11,"
Trip Summary:
- Start: 2008-10-23 06:34:34 at 右安门西滨河路, 玉林里社区, 右安门街道, 西铁营村, 丰台区, 北京市, 100069, 中国
- End: 2008-10-23 06:51:26 at 西二环, 广安门外街道, 首都功能核心区, 西城区, 北京市, 100032, 中国
- Duration: 0 days 00:16:52
- Distance: 4.21 km
- Average Speed: 13.85 km/h
- Average Bearing Change: 28.91°
- Max Speed: 40.00 km/h
- Min Speed: 0.20 km/h
- Speed Variability: 13.82 km/h
- Average Acceleration: -0.00 m/s²
- Max Acceleration: 3.85 m/s²
- Number of Turns: 112
- Turn Rate: 6.75 turns/min
- Average Turn Angle: 28.91°
- Turn Angle Variability: 42.13°
- Transport Mode: bus
    "
0.2840602306944192,9.736851498098696,0.5045364026191335,2.336361110519441,5.052409131931037,0.0029223118908081585,0.5516460828361764,0.10241328543994468,21,6.3,23.53507059826833,27.911692882853366,23.53507059826833,walk_cleaned.geojson,2008-10-23 06:52:13,2008-10-23 06:55:33,200.0,walk,97,1,1.0309278350515463,6,0,2.78,"
Trip Summary:
- Start: 2008-10-23 06:52:13 at 广安门北滨河路, 月坛街道, 首都功能核心区, 西城区, 北京市, 100032, 中国
- End: 2008-10-23 06:55:33 at 月坛街道, 首都功能核心区, 西城区, 北京市, 100032, 中国
- Duration: 0 days 00:03:20
- Distance: 0.28 km
- Average Speed: 5.05 km/h
- Average Bearing Change: 23.54°
- Max Speed: 9.74 km/h
- Min Speed: 0.50 km/h
- Speed Variability: 2.34 km/h
- Average Acceleration: 0.00 m/s²
- Max Acceleration: 0.55 m/s²
- Number of Turns: 21
- Turn Rate: 6.30 turns/min
- Average Turn Angle: 23.54°
- Turn Angle Variability: 27.91°
- Transport Mode: walk
    "
7.939380497044693,39.996,0.1537522774660115,14.292779190666119,13.102190924881274,-0.008705187650205254,3.357178725789111,0.3430531302367672,177,4.699115044247788,27.650601270542353,39.77228751610996,27.650601270542353,bus_cleaned.geojson,2008-05-20 10:00:21,2008-05-20 10:38:25,2284.0,bus,683,18,2.635431918008785,91,17,11.11,"
Trip Summary:
- Start: 2008-05-20 10:00:21 at 紫竹桥, 紫竹院路, 紫竹院街道, 海淀区, 北京市, 100048, 中国
- End: 2008-05-20 10:38:25 at 财经东路, 清华园, 中关村街道, 海淀区, 北京市, 100190, 中国
- Duration: 0 days 00:38:04
- Distance: 7.94 km
- Average Speed: 13.10 km/h
- Average Bearing Change: 27.65°
- Max Speed: 40.00 km/h
- Min Speed: 0.15 km/h
- Speed Variability: 14.29 km/h
- Average Acceleration: -0.01 m/s²
- Max Acceleration: 3.36 m/s²
- Number of Turns: 177
- Turn Rate: 4.70 turns/min
- Average Turn Angle: 27.65°
- Turn Angle Variability: 39.77°
- Transport Mode: bus
    "
0.8173937230251846,10.008,0.610561621496285,2.8565184937242267,5.747699648195258,-0.005075961990998815,0.7119136306366882,0.19284756925081792,61,13.071428571428571,48.31287315374327,45.91246855312922,48.31287315374327,walk_cleaned.geojson,2008-05-20 09:54:57,2008-05-20 10:00:05,308.0,walk,130,14,10.76923076923077,23,13,2.78,"
Trip Summary:
- Start: 2008-05-20 09:54:57 at 北京化工大学(西校区), 98, 紫竹院路, 紫竹院街道, 海淀区, 北京市, 100089, 中国
- End: 2008-05-20 10:00:05 at 紫竹院路, 紫竹院街道, 海淀区, 北京市, 100048, 中国
- Duration: 0 days 00:05:08
- Distance: 0.82 km
- Average Speed: 5.75 km/h
- Average Bearing Change: 48.31°
- Max Speed: 10.01 km/h
- Min Speed: 0.61 km/h
- Speed Variability: 2.86 km/h
- Average Acceleration: -0.01 m/s²
- Max Acceleration: 0.71 m/s²
- Number of Turns: 61
- Turn Rate: 13.07 turns/min
- Average Turn Angle: 48.31°
- Turn Angle Variability: 45.91°
- Transport Mode: walk
    "
4.562533090054858,22.48776169939519,1.2379430071512172,4.443781447647856,13.004766828420633,-0.001245488236569974,1.3469891692316378,0.18178373119642244,49,2.2720247295208655,13.707871739146057,20.55211375988229,13.707871739146057,bike_cleaned.geojson,2008-10-08 04:35:41,2008-10-08 04:57:15,1294.0,bike,588,4,0.6802721088435374,14,3,6.94,"
Trip Summary:
- Start: 2008-10-08 04:35:41 at 桃李园餐厅, 紫荆路, 清华园街道, 西洼村, 海淀区, 北京市, 100084, 中国
- End: 2008-10-08 04:57:15 at 中关村街道, 海淀区, 北京市, 100098, 中国
- Duration: 0 days 00:21:34
- Distance: 4.56 km
- Average Speed: 13.00 km/h
- Average Bearing Change: 13.71°
- Max Speed: 22.49 km/h
- Min Speed: 1.24 km/h
- Speed Variability: 4.44 km/h
- Average Acceleration: -0.00 m/s²
- Max Acceleration: 1.35 m/s²
- Number of Turns: 49
- Turn Rate: 2.27 turns/min
- Average Turn Angle: 13.71°
- Turn Angle Variability: 20.55°
- Transport Mode: bike
    "
3.598626587988715,19.79066766177042,8.950088918635833,1.708307589993871,13.576188017424764,-0.005966378243774282,2.7464153465883077,0.2996158258818131,28,1.8481848184818481,8.394058483850996,9.673197818242098,8.394058483850996,bike_cleaned.geojson,2008-07-17 17:52:49,2008-07-17 18:08:12,923.0,bike,824,15,1.820388349514563,21,14,6.94,"
Trip Summary:
- Start: 2008-07-17 17:52:49 at 中关村东路, 知春东里社区, 中关村街道, 海淀区, 北京市, 100190, 中国
- End: 2008-07-17 18:08:12 at 清华大学, 30, 双清路, 东升镇, 海淀区, 北京市, 100084, 中国
- Duration: 0 days 00:15:23
- Distance: 3.60 km
- Average Speed: 13.58 km/h
- Average Bearing Change: 8.39°
- Max Speed: 19.79 km/h
- Min Speed: 8.95 km/h
- Speed Variability: 1.71 km/h
- Average Acceleration: -0.01 m/s²
- Max Acceleration: 2.75 m/s²
- Number of Turns: 28
- Turn Rate: 1.85 turns/min
- Average Turn Angle: 8.39°
- Turn Angle Variability: 9.67°
- Transport Mode: bike
    "
1.0940447331851821,9.860785114129063,1.0054006559504252,1.2379066051911602,4.567343667782884,-0.005155266377901388,1.1423187063965539,0.22778000940986787,199,16.51452282157676,29.96933038323055,33.809559479853576,29.96933038323055,walk_cleaned.geojson,2008-07-17 15:20:25,2008-07-17 15:32:47,742.0,walk,631,20,3.1695721077654517,33,19,2.78,"
Trip Summary:
- Start: 2008-07-17 15:20:25 at 知春路, 中关村街道, 海淀区, 北京市, 100098, 中国
- End: 2008-07-17 15:32:47 at 中国科学院物理研究所, 中关村东路, 清华园, 中关村街道, 海淀区, 北京市, 100190, 中国
- Duration: 0 days 00:12:22
- Distance: 1.09 km
- Average Speed: 4.57 km/h
- Average Bearing Change: 29.97°
- Max Speed: 9.86 km/h
- Min Speed: 1.01 km/h
- Speed Variability: 1.24 km/h
- Average Acceleration: -0.01 m/s²
- Max Acceleration: 1.14 m/s²
- Number of Turns: 199
- Turn Rate: 16.51 turns/min
- Average Turn Angle: 29.97°
- Turn Angle Variability: 33.81°
- Transport Mode: walk
    "
1.110245321806855,16.62579175079335,0.961713414050726,3.719913767146781,7.340968768097276,0.0030186427431587587,1.4482568584655797,0.18699127534854063,45,5.103969754253308,14.880338249590165,18.423209754408607,14.880338249590165,bike_cleaned.geojson,2008-05-29 11:11:46,2008-05-29 11:20:21,515.0,bike,478,2,0.41841004184100417,4,1,6.94,"
Trip Summary:
- Start: 2008-05-29 11:11:46 at 大运村路, 花园路街道, 海淀区, 北京市, 100098, 中国
- End: 2008-05-29 11:20:21 at 中关村街道, 海淀区, 北京市, 100098, 中国
- Duration: 0 days 00:08:35
- Distance: 1.11 km
- Average Speed: 7.34 km/h
- Average Bearing Change: 14.88°
- Max Speed: 16.63 km/h
- Min Speed: 0.96 km/h
- Speed Variability: 3.72 km/h
- Average Acceleration: 0.00 m/s²
- Max Acceleration: 1.45 m/s²
- Number of Turns: 45
- Turn Rate: 5.10 turns/min
- Average Turn Angle: 14.88°
- Turn Angle Variability: 18.42°
- Transport Mode: bike
    "
6.214985370352742,39.996,0.15378674755362,16.753138265047106,18.35508207673183,0.028483835678377825,3.850361900004173,0.37009924331427346,102,4.9275362318840585,26.345653551151184,43.190915795221116,26.345653551151184,bus_cleaned.geojson,2008-05-29 10:48:34,2008-05-29 11:09:42,1268.0,bus,430,12,2.7906976744186047,100,11,11.11,"
Trip Summary:
- Start: 2008-05-29 10:48:34 at 西三环, 紫竹院街道, 海淀区, 北京市, 100048, 中国
- End: 2008-05-29 11:09:42 at 中关村东路, 知春东里社区, 中关村街道, 海淀区, 北京市, 100190, 中国
- Duration: 0 days 00:21:08
- Distance: 6.21 km
- Average Speed: 18.36 km/h
- Average Bearing Change: 26.35°
- Max Speed: 40.00 km/h
- Min Speed: 0.15 km/h
- Speed Variability: 16.75 km/h
- Average Acceleration: 0.03 m/s²
- Max Acceleration: 3.85 m/s²
- Number of Turns: 102
- Turn Rate: 4.93 turns/min
- Average Turn Angle: 26.35°
- Turn Angle Variability: 43.19°
- Transport Mode: bus
    "
0.7168061456836323,10.008,0.15374981310170965,2.977627419627182,4.350855800282624,-0.002715921378863857,0.3906915260632,0.13394083694747835,27,4.402173913043478,38.04863336226797,40.68819566379442,38.04863336226797,walk_cleaned.geojson,2008-05-29 11:10:14,2008-05-29 11:17:38,444.0,walk,79,7,8.860759493670885,9,6,2.78,"
Trip Summary:
- Start: 2008-05-29 11:10:14 at 中关村东路, 清华园, 中关村街道, 海淀区, 北京市, 100190, 中国
- End: 2008-05-29 11:17:38 at 中关村南四街, 知春东里社区, 中关村街道, 海淀区, 北京市, 100098, 中国
- Duration: 0 days 00:07:24
- Distance: 0.72 km
- Average Speed: 4.35 km/h
- Average Bearing Change: 38.05°
- Max Speed: 10.01 km/h
- Min Speed: 0.15 km/h
- Speed Variability: 2.98 km/h
- Average Acceleration: -0.00 m/s²
- Max Acceleration: 0.39 m/s²
- Number of Turns: 27
- Turn Rate: 4.40 turns/min
- Average Turn Angle: 38.05°
- Turn Angle Variability: 40.69°
- Transport Mode: walk
    "
12.591373525431782,50.004000000000005,0.3997252775134181,18.852463232459645,31.39452151914903,-0.03598052363789366,2.7497214569327166,0.41881049442539653,49,2.340764331210191,15.8367226108439,33.28560814483275,15.8367226108439,car_cleaned.geojson,2008-11-30 12:32:28,2008-11-30 12:53:54,1286.0,car,398,16,4.0201005025125625,102,15,13.89,"
Trip Summary:
- Start: 2008-11-30 12:32:28 at 安立路, 奥运村街道, 朝阳区, 北京市, 100101, 中国
- End: 2008-11-30 12:53:54 at 中关村街道, 海淀区, 北京市, 100098, 中国
- Duration: 0 days 00:21:26
- Distance: 12.59 km
- Average Speed: 31.39 km/h
- Average Bearing Change: 15.84°
- Max Speed: 50.00 km/h
- Min Speed: 0.40 km/h
- Speed Variability: 18.85 km/h
- Average Acceleration: -0.04 m/s²
- Max Acceleration: 2.75 m/s²
- Number of Turns: 49
- Turn Rate: 2.34 turns/min
- Average Turn Angle: 15.84°
- Turn Angle Variability: 33.29°
- Transport Mode: car
    "
0.03461929257366224,0.5026942131952733,0.0,0.09510226563721443,0.2213645312848947,0.00016460848192362143,0.042708854520231744,0.00856554395120033,162,20.0,63.506479125503915,51.320458692918024,63.506479125503915,walk_cleaned.geojson,2008-11-30 13:14:10,2008-11-30 13:22:16,486.0,walk,226,1,0.4424778761061947,0,0,2.78,"
Trip Summary:
- Start: 2008-11-30 13:14:10 at 中关村南三条, 中关村街道, 海淀区, 北京市, 100190, 中国
- End: 2008-11-30 13:22:16 at 中关村南三条, 中关村街道, 海淀区, 北京市, 100190, 中国
- Duration: 0 days 00:08:06
- Distance: 0.03 km
- Average Speed: 0.22 km/h
- Average Bearing Change: 63.51°
- Max Speed: 0.50 km/h
- Min Speed: 0.00 km/h
- Speed Variability: 0.10 km/h
- Average Acceleration: 0.00 m/s²
- Max Acceleration: 0.04 m/s²
- Number of Turns: 162
- Turn Rate: 20.00 turns/min
- Average Turn Angle: 63.51°
- Turn Angle Variability: 51.32°
- Transport Mode: walk
    "
6.0483849854304035,39.996,0.1998604697965709,12.207784463987375,23.924397923778997,0.01683592805915076,1.6873966861997767,0.4308251892652391,57,3.1491712707182318,16.399934403592454,31.4479249287212,16.399934403592454,bus_cleaned.geojson,2008-05-27 22:49:09,2008-05-27 23:07:23,1094.0,bus,402,5,1.2437810945273633,73,4,11.11,"
Trip Summary:
- Start: 2008-05-27 22:49:09 at 中关村东路, 知春东里社区, 中关村街道, 海淀区, 北京市, 100190, 中国
- End: 2008-05-27 23:07:23 at 西三环, 紫竹院街道, 海淀区, 北京市, 100048, 中国
- Duration: 0 days 00:18:14
- Distance: 6.05 km
- Average Speed: 23.92 km/h
- Average Bearing Change: 16.40°
- Max Speed: 40.00 km/h
- Min Speed: 0.20 km/h
- Speed Variability: 12.21 km/h
- Average Acceleration: 0.02 m/s²
- Max Acceleration: 1.69 m/s²
- Number of Turns: 57
- Turn Rate: 3.15 turns/min
- Average Turn Angle: 16.40°
- Turn Angle Variability: 31.45°
- Transport Mode: bus
    "
1.0506013303366541,9.3244670512302,0.15384294652595362,2.131202439754563,4.076252233005956,-8.899419755151319e-05,0.7072462889868978,0.13017163042434668,122,9.656992084432718,32.99206400867953,38.96053449141713,32.99206400867953,walk_cleaned.geojson,2008-05-27 23:07:31,2008-05-27 23:22:05,874.0,walk,356,8,2.247191011235955,14,7,2.78,"
Trip Summary:
- Start: 2008-05-27 23:07:31 at 紫竹桥, 西三环北路, 紫竹院街道, 海淀区, 北京市, 100048, 中国
- End: 2008-05-27 23:22:05 at 空军航空医学研究所附属医院, 北洼路, 紫竹院街道, 海淀区, 北京市, 100048, 中国
- Duration: 0 days 00:14:34
- Distance: 1.05 km
- Average Speed: 4.08 km/h
- Average Bearing Change: 32.99°
- Max Speed: 9.32 km/h
- Min Speed: 0.15 km/h
- Speed Variability: 2.13 km/h
- Average Acceleration: -0.00 m/s²
- Max Acceleration: 0.71 m/s²
- Number of Turns: 122
- Turn Rate: 9.66 turns/min
- Average Turn Angle: 32.99°
- Turn Angle Variability: 38.96°
- Transport Mode: walk
    "
2.5972256774074975,39.996,0.3179793145975818,13.649057759239536,17.028279776590566,0.006662757981221523,1.9762967959707285,0.34080733556768567,31,3.381818181818182,27.749892516194056,37.100149075921834,27.749892516194056,bus_cleaned.geojson,2009-03-22 23:00:56,2009-03-22 23:10:06,550.0,bus,111,1,0.9009009009009009,6,0,11.11,"
Trip Summary:
- Start: 2009-03-22 23:00:56 at 展览馆路, 黄瓜园社区, 展览路街道, 首都功能核心区, 西城区, 北京市, 100032, 中国
- End: 2009-03-22 23:10:06 at 三里河东路, 月坛街道, 首都功能核心区, 西城区, 北京市, 100032, 中国
- Duration: 0 days 00:09:10
- Distance: 2.60 km
- Average Speed: 17.03 km/h
- Average Bearing Change: 27.75°
- Max Speed: 40.00 km/h
- Min Speed: 0.32 km/h
- Speed Variability: 13.65 km/h
- Average Acceleration: 0.01 m/s²
- Max Acceleration: 1.98 m/s²
- Number of Turns: 31
- Turn Rate: 3.38 turns/min
- Average Turn Angle: 27.75°
- Turn Angle Variability: 37.10°
- Transport Mode: bus
    "
0.26684008317029795,2.809124669732753,0.0,0.7661861568182452,1.46462625740966,0.01338853100589569,0.05781342899991134,0.031370614964013555,7,4.329896907216495,43.290208313255484,37.593094321066964,43.290208313255484,walk_cleaned.geojson,2009-03-22 23:10:21,2009-03-22 23:12:13,112.0,walk,21,7,33.33333333333333,3,6,2.78,"
Trip Summary:
- Start: 2009-03-22 23:10:21 at 三里河东路, 月坛街道, 首都功能核心区, 西城区, 北京市, 100032, 中国
- End: 2009-03-22 23:12:13 at 白云路, 月坛街道, 首都功能核心区, 西城区, 北京市, 100032, 中国
- Duration: 0 days 00:01:52
- Distance: 0.27 km
- Average Speed: 1.46 km/h
- Average Bearing Change: 43.29°
- Max Speed: 2.81 km/h
- Min Speed: 0.00 km/h
- Speed Variability: 0.77 km/h
- Average Acceleration: 0.01 m/s²
- Max Acceleration: 0.06 m/s²
- Number of Turns: 7
- Turn Rate: 4.33 turns/min
- Average Turn Angle: 43.29°
- Turn Angle Variability: 37.59°
- Transport Mode: walk
    "
3.6824549989512465,24.984,1.3115094881604021,9.543976709153531,13.90635508687549,-0.002357489106908521,1.144054271451316,0.2283980156001543,9,1.8,29.766835940986336,40.63707240763825,29.766835940986336,subway_cleaned.geojson,2009-06-14 02:55:26,2009-06-14 03:02:26,420.0,subway,61,27,44.26229508196721,7,26,6.94,"
Trip Summary:
- Start: 2009-06-14 02:55:26 at 北太平庄街道, 海淀区, 北京市, 100081, 中国
- End: 2009-06-14 03:02:26 at 凯德MALL•西直门, 西直门站换乘通道, 展览路街道, 首都功能核心区, 西城区, 北京市, 100032, 中国
- Duration: 0 days 00:07:00
- Distance: 3.68 km
- Average Speed: 13.91 km/h
- Average Bearing Change: 29.77°
- Max Speed: 24.98 km/h
- Min Speed: 1.31 km/h
- Speed Variability: 9.54 km/h
- Average Acceleration: -0.00 m/s²
- Max Acceleration: 1.14 m/s²
- Number of Turns: 9
- Turn Rate: 1.80 turns/min
- Average Turn Angle: 29.77°
- Turn Angle Variability: 40.64°
- Transport Mode: subway
    "
2.6406198798245173,19.165921448864136,5.6154343435224865,2.277941298023103,14.60964353892508,0.0030673939601486865,0.47076706140641034,0.11484246041360775,8,0.6349206349206349,6.617840780150466,7.315541760192089,6.617840780150466,bike_cleaned.geojson,2008-12-04 02:01:08,2008-12-04 02:13:50,762.0,bike,291,6,2.0618556701030926,10,5,6.94,"
Trip Summary:
- Start: 2008-12-04 02:01:08 at 獬豸, 30, 双清路, 东升镇, 海淀区, 北京市, 100084, 中国
- End: 2008-12-04 02:13:50 at 知春路, 中关村街道, 海淀区, 北京市, 100098, 中国
- Duration: 0 days 00:12:42
- Distance: 2.64 km
- Average Speed: 14.61 km/h
- Average Bearing Change: 6.62°
- Max Speed: 19.17 km/h
- Min Speed: 5.62 km/h
- Speed Variability: 2.28 km/h
- Average Acceleration: 0.00 m/s²
- Max Acceleration: 0.47 m/s²
- Number of Turns: 8
- Turn Rate: 0.63 turns/min
- Average Turn Angle: 6.62°
- Turn Angle Variability: 7.32°
- Transport Mode: bike
    "
0.04712189445221895,9.214179213939108,0.1998614824444174,3.0328932888448072,4.061616242962759,0.01462526814976873,0.4558361020590379,0.1917591998008152,6,9.473684210526317,27.110064428131405,28.880434499264087,27.110064428131405,walk_cleaned.geojson,2008-12-04 02:13:56,2008-12-04 02:14:34,38.0,walk,21,1,4.761904761904762,1,0,2.78,"
Trip Summary:
- Start: 2008-12-04 02:13:56 at 知春路, 中关村街道, 海淀区, 北京市, 100098, 中国
- End: 2008-12-04 02:14:34 at 希格玛大厦, 知春路, 中关村街道, 海淀区, 北京市, 100098, 中国
- Duration: 0 days 00:00:38
- Distance: 0.05 km
- Average Speed: 4.06 km/h
- Average Bearing Change: 27.11°
- Max Speed: 9.21 km/h
- Min Speed: 0.20 km/h
- Speed Variability: 3.03 km/h
- Average Acceleration: 0.01 m/s²
- Max Acceleration: 0.46 m/s²
- Number of Turns: 6
- Turn Rate: 9.47 turns/min
- Average Turn Angle: 27.11°
- Turn Angle Variability: 28.88°
- Transport Mode: walk
    "
1.8565168941148855,7.740846766910686,0.08201397874998916,1.8905419141928732,3.334215994709996,-0.0001529367915737819,0.19706833858097178,0.036276222630060605,114,3.4720812182741114,35.97444293900149,44.57769426880979,35.97444293900149,walk_cleaned.geojson,2008-09-10 14:34:10,2008-09-10 15:07:15,1985.0,walk,332,5,1.5060240963855422,9,4,2.78,"
Trip Summary:
- Start: 2008-09-10 14:34:10 at 北京中医药大学（西校区）, 11号, 北三环东路, 和平街街道, 朝阳区, 北京市, 100029, 中国
- End: 2008-09-10 15:07:15 at 北土城东路, 小关街道, 太阳宫乡, 朝阳区, 北京市, 100000, 中国
- Duration: 0 days 00:33:05
- Distance: 1.86 km
- Average Speed: 3.33 km/h
- Average Bearing Change: 35.97°
- Max Speed: 7.74 km/h
- Min Speed: 0.08 km/h
- Speed Variability: 1.89 km/h
- Average Acceleration: -0.00 m/s²
- Max Acceleration: 0.20 m/s²
- Number of Turns: 114
- Turn Rate: 3.47 turns/min
- Average Turn Angle: 35.97°
- Turn Angle Variability: 44.58°
- Transport Mode: walk
    "
10.839173815039961,39.996,0.14676236131584872,14.393603021335151,16.372835641652383,0.009926523948021338,2.8227408998692685,0.37925098759841613,134,4.0,32.40226121005304,44.00835241908043,32.40226121005304,bus_cleaned.geojson,2009-03-31 22:41:34,2009-03-31 23:15:59,2065.0,bus,403,13,3.225806451612903,39,12,11.11,"
Trip Summary:
- Start: 2009-03-31 22:41:34 at 智能化大厦, 95号, 中关村东路, 知春东里社区, 中关村街道, 海淀区, 北京市, 100098, 中国
- End: 2009-03-31 23:15:59 at 三里河东路, 月坛街道, 首都功能核心区, 西城区, 北京市, 100032, 中国
- Duration: 0 days 00:34:25
- Distance: 10.84 km
- Average Speed: 16.37 km/h
- Average Bearing Change: 32.40°
- Max Speed: 40.00 km/h
- Min Speed: 0.15 km/h
- Speed Variability: 14.39 km/h
- Average Acceleration: 0.01 m/s²
- Max Acceleration: 2.82 m/s²
- Number of Turns: 134
- Turn Rate: 4.00 turns/min
- Average Turn Angle: 32.40°
- Turn Angle Variability: 44.01°
- Transport Mode: bus
    "
0.9718107431085878,10.008,1.2309507613531525,2.1833644795020635,5.661820045305897,0.0023622776882517797,0.1989368723243526,0.06391298846773022,37,4.577319587628866,44.45639743827349,42.891290472070416,44.45639743827349,walk_cleaned.geojson,2009-03-31 23:19:36,2009-03-31 23:28:06,510.0,walk,91,4,4.395604395604396,12,3,2.78,"
Trip Summary:
- Start: 2009-03-31 23:19:36 at 白云路, 月坛街道, 首都功能核心区, 西城区, 北京市, 100032, 中国
- End: 2009-03-31 23:28:06 at 首都医科大学附属复兴医院, 复兴路, 木樨地小区, 月坛街道, 首都功能核心区, 西城区, 北京市, 100032, 中国
- Duration: 0 days 00:08:30
- Distance: 0.97 km
- Average Speed: 5.66 km/h
- Average Bearing Change: 44.46°
- Max Speed: 10.01 km/h
- Min Speed: 1.23 km/h
- Speed Variability: 2.18 km/h
- Average Acceleration: 0.00 m/s²
- Max Acceleration: 0.20 m/s²
- Number of Turns: 37
- Turn Rate: 4.58 turns/min
- Average Turn Angle: 44.46°
- Turn Angle Variability: 42.89°
- Transport Mode: walk
    "
3.721253857873751,24.984,0.0,9.694682942619758,12.210453380355222,-0.01412359677807351,1.0075712719200702,0.1829768072068991,32,3.5555555555555554,33.705816717436875,42.51874725849786,33.705816717436875,subway_cleaned.geojson,2008-12-04 00:59:00,2008-12-04 01:09:03,603.0,subway,105,15,14.285714285714285,17,14,6.94,"
Trip Summary:
- Start: 2008-12-04 00:59:00 at 北太平庄街道, 海淀区, 北京市, 100081, 中国
- End: 2008-12-04 01:09:03 at 展览路街道, 首都功能核心区, 西城区, 北京市, 100032, 中国
- Duration: 0 days 00:10:03
- Distance: 3.72 km
- Average Speed: 12.21 km/h
- Average Bearing Change: 33.71°
- Max Speed: 24.98 km/h
- Min Speed: 0.00 km/h
- Speed Variability: 9.69 km/h
- Average Acceleration: -0.01 m/s²
- Max Acceleration: 1.01 m/s²
- Number of Turns: 32
- Turn Rate: 3.56 turns/min
- Average Turn Angle: 33.71°
- Turn Angle Variability: 42.52°
- Transport Mode: subway
    "
3.5435070275989617,10.008,0.1646457527560469,2.900155029800147,4.093234045532608,0.009107132439791969,0.704137629402283,0.1202014306329554,90,2.934782608695652,62.70258181644176,56.50627552771639,62.70258181644176,walk_cleaned.geojson,2008-12-04 04:55:35,2008-12-04 05:28:15,1960.0,walk,177,19,10.734463276836157,14,18,2.78,"
Trip Summary:
- Start: 2008-12-04 04:55:35 at 东中街, 东直门, 东直门街道, 首都功能核心区, 东城区, 北京市, 100010, 中国
- End: 2008-12-04 05:28:15 at 北京保利剧院, 东中街, 东直门, 东直门街道, 首都功能核心区, 东城区, 北京市, 100010, 中国
- Duration: 0 days 00:32:40
- Distance: 3.54 km
- Average Speed: 4.09 km/h
- Average Bearing Change: 62.70°
- Max Speed: 10.01 km/h
- Min Speed: 0.16 km/h
- Speed Variability: 2.90 km/h
- Average Acceleration: 0.01 m/s²
- Max Acceleration: 0.70 m/s²
- Number of Turns: 90
- Turn Rate: 2.93 turns/min
- Average Turn Angle: 62.70°
- Turn Angle Variability: 56.51°
- Transport Mode: walk
    "
4.084402496133248,22.144005738432533,5.187050748710033,2.3048441632787102,15.409105540761079,0.006420476802010382,1.5836444562342202,0.15493918259985875,6,0.36144578313253006,6.994625092521336,7.459922122483653,6.994625092521336,bike_cleaned.geojson,2008-10-09 04:24:33,2008-10-09 04:43:11,1118.0,bike,437,6,1.3729977116704806,8,5,6.94,"
Trip Summary:
- Start: 2008-10-09 04:24:33 at 清华大学, 30, 双清路, 东升镇, 海淀区, 北京市, 100084, 中国
- End: 2008-10-09 04:43:11 at 中关村街道, 海淀区, 北京市, 100098, 中国
- Duration: 0 days 00:18:38
- Distance: 4.08 km
- Average Speed: 15.41 km/h
- Average Bearing Change: 6.99°
- Max Speed: 22.14 km/h
- Min Speed: 5.19 km/h
- Speed Variability: 2.30 km/h
- Average Acceleration: 0.01 m/s²
- Max Acceleration: 1.58 m/s²
- Number of Turns: 6
- Turn Rate: 0.36 turns/min
- Average Turn Angle: 6.99°
- Turn Angle Variability: 7.46°
- Transport Mode: bike
    "
0.21465951147260312,5.610801384338121,0.8088536541358233,1.2894152112032755,2.7475806521679305,0.0020804171721839127,0.13090719764598052,0.049557545269524404,29,6.566037735849056,60.086272784535225,51.23150273870394,60.086272784535225,bus_cleaned.geojson,2009-07-06 10:14:58,2009-07-06 10:19:23,265.0,bus,53,1,1.8867924528301887,0,0,11.11,"
Trip Summary:
- Start: 2009-07-06 10:14:58 at 世纪科贸大厦C座, 66号, 中关村东路, 知春东里社区, 中关村街道, 海淀区, 北京市, 100190, 中国
- End: 2009-07-06 10:19:23 at 中关村街道, 海淀区, 北京市, 100190, 中国
- Duration: 0 days 00:04:25
- Distance: 0.21 km
- Average Speed: 2.75 km/h
- Average Bearing Change: 60.09°
- Max Speed: 5.61 km/h
- Min Speed: 0.81 km/h
- Speed Variability: 1.29 km/h
- Average Acceleration: 0.00 m/s²
- Max Acceleration: 0.13 m/s²
- Number of Turns: 29
- Turn Rate: 6.57 turns/min
- Average Turn Angle: 60.09°
- Turn Angle Variability: 51.23°
- Transport Mode: bus
    "
10.627609000220648,10.008,0.2442717577240456,3.4860134542835683,3.261868390486084,0.012946966489210397,1.2416620324723318,0.14568916249647554,236,5.718901453957997,58.94374064065689,54.09051128564727,58.94374064065689,walk_cleaned.geojson,2009-07-06 09:19:33,2009-07-06 10:11:43,3130.0,walk,548,135,24.635036496350367,60,134,2.78,"
Trip Summary:
- Start: 2009-07-06 09:19:33 at 三里河南六巷南侧路, 月坛街道, 首都功能核心区, 西城区, 北京市, 100032, 中国
- End: 2009-07-06 10:11:43 at 智能化大厦, 95号, 中关村东路, 知春东里社区, 中关村街道, 海淀区, 北京市, 100098, 中国
- Duration: 0 days 00:52:10
- Distance: 10.63 km
- Average Speed: 3.26 km/h
- Average Bearing Change: 58.94°
- Max Speed: 10.01 km/h
- Min Speed: 0.24 km/h
- Speed Variability: 3.49 km/h
- Average Acceleration: 0.01 m/s²
- Max Acceleration: 1.24 m/s²
- Number of Turns: 236
- Turn Rate: 5.72 turns/min
- Average Turn Angle: 58.94°
- Turn Angle Variability: 54.09°
- Transport Mode: walk
    "
14.257571964101396,39.996,0.15376564815956886,14.549004579686102,15.151495162650981,-0.00713365930288622,2.6808007565452745,0.3664224205215944,285,4.838709677419355,22.808182742846007,38.27790900201036,22.808182742846007,bus_cleaned.geojson,2008-10-08 06:26:36,2008-10-08 07:26:20,3584.0,bus,1426,26,1.8232819074333801,135,25,11.11,"
Trip Summary:
- Start: 2008-10-08 06:26:36 at 北京西站, 莲花池东路, 太平桥街道, 丰台区, 北京市, 100038, 中国
- End: 2008-10-08 07:26:20 at 中关村东路, 知春东里社区, 中关村街道, 海淀区, 北京市, 100190, 中国
- Duration: 0 days 00:59:44
- Distance: 14.26 km
- Average Speed: 15.15 km/h
- Average Bearing Change: 22.81°
- Max Speed: 40.00 km/h
- Min Speed: 0.15 km/h
- Speed Variability: 14.55 km/h
- Average Acceleration: -0.01 m/s²
- Max Acceleration: 2.68 m/s²
- Number of Turns: 285
- Turn Rate: 4.84 turns/min
- Average Turn Angle: 22.81°
- Turn Angle Variability: 38.28°
- Transport Mode: bus
    "
1.0936179126027186,10.008,0.017957460582654725,2.8944505887539176,4.176412699323378,-0.005095377770767874,0.7173491472043956,0.17468398507621163,82,4.072847682119205,38.48045214971822,45.54614084512413,38.48045214971822,walk_cleaned.geojson,2008-10-08 06:04:52,2008-10-08 06:22:26,1054.0,walk,228,15,6.578947368421052,14,14,2.78,"
Trip Summary:
- Start: 2008-10-08 06:04:52 at 华夏明珠宾馆, 莲花池东路, 太平桥街道, 丰台区, 北京市, 100862, 中国
- End: 2008-10-08 06:22:26 at 北京西站, 莲花池东路, 太平桥街道, 丰台区, 北京市, 100038, 中国
- Duration: 0 days 00:17:34
- Distance: 1.09 km
- Average Speed: 4.18 km/h
- Average Bearing Change: 38.48°
- Max Speed: 10.01 km/h
- Min Speed: 0.02 km/h
- Speed Variability: 2.89 km/h
- Average Acceleration: -0.01 m/s²
- Max Acceleration: 0.72 m/s²
- Number of Turns: 82
- Turn Rate: 4.07 turns/min
- Average Turn Angle: 38.48°
- Turn Angle Variability: 45.55°
- Transport Mode: walk
    "
4.540907617646838,20.021528204041648,0.0,5.016039343382053,11.808950164044932,-0.0015146018311270458,0.9085371289813902,0.12998155520326943,71,2.1745788667687598,14.827008214380003,26.948336468857864,14.827008214380003,bike_cleaned.geojson,2008-05-19 00:32:57,2008-05-19 01:05:50,1973.0,bike,628,6,0.9554140127388535,12,5,6.94,"
Trip Summary:
- Start: 2008-05-19 00:32:57 at 清华大学, 30, 双清路, 东升镇, 海淀区, 北京市, 100084, 中国
- End: 2008-05-19 01:05:50 at 星规路, 知春东里社区, 中关村街道, 海淀区, 北京市, 100098, 中国
- Duration: 0 days 00:32:53
- Distance: 4.54 km
- Average Speed: 11.81 km/h
- Average Bearing Change: 14.83°
- Max Speed: 20.02 km/h
- Min Speed: 0.00 km/h
- Speed Variability: 5.02 km/h
- Average Acceleration: -0.00 m/s²
- Max Acceleration: 0.91 m/s²
- Number of Turns: 71
- Turn Rate: 2.17 turns/min
- Average Turn Angle: 14.83°
- Turn Angle Variability: 26.95°
- Transport Mode: bike
    "
3.52304937722377,10.008,0.0,2.0059801958694754,4.041002624250732,-0.003997094283712153,0.7522515943625752,0.12939327648632445,41,1.486404833836858,30.56957193912777,40.18147301068566,30.56957193912777,walk_cleaned.geojson,2008-05-19 00:45:54,2008-05-19 01:13:29,1655.0,walk,147,4,2.7210884353741496,6,3,2.78,"
Trip Summary:
- Start: 2008-05-19 00:45:54 at 清华大学, 30, 双清路, 东升镇, 海淀区, 北京市, 100084, 中国
- End: 2008-05-19 01:13:29 at 希格玛大厦, 知春路, 中关村街道, 海淀区, 北京市, 100098, 中国
- Duration: 0 days 00:27:35
- Distance: 3.52 km
- Average Speed: 4.04 km/h
- Average Bearing Change: 30.57°
- Max Speed: 10.01 km/h
- Min Speed: 0.00 km/h
- Speed Variability: 2.01 km/h
- Average Acceleration: -0.00 m/s²
- Max Acceleration: 0.75 m/s²
- Number of Turns: 41
- Turn Rate: 1.49 turns/min
- Average Turn Angle: 30.57°
- Turn Angle Variability: 40.18°
- Transport Mode: walk
    "
2.284333396153663,39.996,0.0,15.295478549384883,14.268749097421,0.03709437513247642,1.2915275470748067,0.27545145178554914,63,6.847826086956522,25.904502280812494,40.63193227270053,25.904502280812494,bus_cleaned.geojson,2008-08-24 06:46:36,2008-08-24 06:55:54,558.0,bus,254,4,1.574803149606299,24,3,11.11,"
Trip Summary:
- Start: 2008-08-24 06:46:36 at 北四环中路, 学院路街道, 海淀区, 北京市, 100083, 中国
- End: 2008-08-24 06:55:54 at 丝路伊香兰州牛肉面, 29, 知春路, 花园路街道, 海淀区, 北京市, 100081, 中国
- Duration: 0 days 00:09:18
- Distance: 2.28 km
- Average Speed: 14.27 km/h
- Average Bearing Change: 25.90°
- Max Speed: 40.00 km/h
- Min Speed: 0.00 km/h
- Speed Variability: 15.30 km/h
- Average Acceleration: 0.04 m/s²
- Max Acceleration: 1.29 m/s²
- Number of Turns: 63
- Turn Rate: 6.85 turns/min
- Average Turn Angle: 25.90°
- Turn Angle Variability: 40.63°
- Transport Mode: bus
    "
0.012155660213252692,2.3731683417264158,0.0,1.0459680970655767,1.3184835715043859,-0.020726858211147878,0.06283975273064858,0.05903878117619427,5,11.538461538461538,35.93317749776628,29.12594019160727,35.93317749776628,walk_cleaned.geojson,2008-08-24 08:10:23,2008-08-24 08:10:49,26.0,walk,11,1,9.090909090909092,0,0,2.78,"
Trip Summary:
- Start: 2008-08-24 08:10:23 at 中关村街道, 海淀区, 北京市, 100190, 中国
- End: 2008-08-24 08:10:49 at 中关村街道, 海淀区, 北京市, 100190, 中国
- Duration: 0 days 00:00:26
- Distance: 0.01 km
- Average Speed: 1.32 km/h
- Average Bearing Change: 35.93°
- Max Speed: 2.37 km/h
- Min Speed: 0.00 km/h
- Speed Variability: 1.05 km/h
- Average Acceleration: -0.02 m/s²
- Max Acceleration: 0.06 m/s²
- Number of Turns: 5
- Turn Rate: 11.54 turns/min
- Average Turn Angle: 35.93°
- Turn Angle Variability: 29.13°
- Transport Mode: walk
    "
3.976259963025539,39.996,0.6109136929621213,13.25655870509592,22.008814212716047,0.030502819751006705,2.6052771539713886,0.3688660895112731,42,3.6,17.98808420371436,32.08558269848145,17.98808420371436,bus_cleaned.geojson,2008-11-07 01:19:09,2008-11-07 01:30:51,702.0,bus,295,2,0.6779661016949152,15,1,11.11,"
Trip Summary:
- Start: 2008-11-07 01:19:09 at 广安门北滨河路, 月坛街道, 首都功能核心区, 西城区, 北京市, 100032, 中国
- End: 2008-11-07 01:30:51 at 菜户营南路, 天伦北里社区, 太平桥街道, 丰台区, 北京市, 100069, 中国
- Duration: 0 days 00:11:42
- Distance: 3.98 km
- Average Speed: 22.01 km/h
- Average Bearing Change: 17.99°
- Max Speed: 40.00 km/h
- Min Speed: 0.61 km/h
- Speed Variability: 13.26 km/h
- Average Acceleration: 0.03 m/s²
- Max Acceleration: 2.61 m/s²
- Number of Turns: 42
- Turn Rate: 3.60 turns/min
- Average Turn Angle: 17.99°
- Turn Angle Variability: 32.09°
- Transport Mode: bus
    "
5.441387547539218,9.710939339663605,0.36705544461760425,1.9909187284287209,4.555203398315779,0.0022999148599868635,0.8071678347493723,0.12212771790250312,126,4.334862385321101,32.4646396677125,38.55283793349904,32.4646396677125,walk_cleaned.geojson,2008-11-07 01:14:39,2008-11-07 01:44:17,1778.0,walk,445,18,4.044943820224719,20,17,2.78,"
Trip Summary:
- Start: 2008-11-07 01:14:39 at 白云观街, 月坛街道, 首都功能核心区, 西城区, 北京市, 100032, 中国
- End: 2008-11-07 01:44:17 at 首都医科大学, 右安门西滨河路, 玉林西里社区, 右安门街道, 菜户营村, 丰台区, 北京市, 100069, 中国
- Duration: 0 days 00:29:38
- Distance: 5.44 km
- Average Speed: 4.56 km/h
- Average Bearing Change: 32.46°
- Max Speed: 9.71 km/h
- Min Speed: 0.37 km/h
- Speed Variability: 1.99 km/h
- Average Acceleration: 0.00 m/s²
- Max Acceleration: 0.81 m/s²
- Number of Turns: 126
- Turn Rate: 4.33 turns/min
- Average Turn Angle: 32.46°
- Turn Angle Variability: 38.55°
- Transport Mode: walk
    "
3.4376071841704423,24.080553944567686,1.8335164182552106,2.929421192293835,15.574266785635677,-0.002190963701081561,1.9892897676769221,0.211305958636957,22,1.709844559585492,11.61198364551238,18.220585651440732,11.61198364551238,bike_cleaned.geojson,2008-12-10 03:17:57,2008-12-10 03:30:55,778.0,bike,325,10,3.076923076923077,9,9,6.94,"
Trip Summary:
- Start: 2008-12-10 03:17:57 at 清华大学, 30, 双清路, 东升镇, 海淀区, 北京市, 100084, 中国
- End: 2008-12-10 03:30:55 at 中关村街道, 海淀区, 北京市, 100098, 中国
- Duration: 0 days 00:12:58
- Distance: 3.44 km
- Average Speed: 15.57 km/h
- Average Bearing Change: 11.61°
- Max Speed: 24.08 km/h
- Min Speed: 1.83 km/h
- Speed Variability: 2.93 km/h
- Average Acceleration: -0.00 m/s²
- Max Acceleration: 1.99 m/s²
- Number of Turns: 22
- Turn Rate: 1.71 turns/min
- Average Turn Angle: 11.61°
- Turn Angle Variability: 18.22°
- Transport Mode: bike
    "
0.08831387312399552,3.6686638381120935,0.0,1.1699487212869195,1.2073040870916465,-0.004186485558672715,0.16956187855377014,0.08089125103305116,27,14.727272727272728,55.29374639682526,53.03538352451186,55.29374639682526,walk_cleaned.geojson,2008-12-10 03:31:03,2008-12-10 03:32:55,112.0,walk,51,2,3.9215686274509802,0,1,2.78,"
Trip Summary:
- Start: 2008-12-10 03:31:03 at 知春路, 中关村街道, 海淀区, 北京市, 100098, 中国
- End: 2008-12-10 03:32:55 at 希格玛大厦, 知春路, 中关村街道, 海淀区, 北京市, 100098, 中国
- Duration: 0 days 00:01:52
- Distance: 0.09 km
- Average Speed: 1.21 km/h
- Average Bearing Change: 55.29°
- Max Speed: 3.67 km/h
- Min Speed: 0.00 km/h
- Speed Variability: 1.17 km/h
- Average Acceleration: -0.00 m/s²
- Max Acceleration: 0.17 m/s²
- Number of Turns: 27
- Turn Rate: 14.73 turns/min
- Average Turn Angle: 55.29°
- Turn Angle Variability: 53.04°
- Transport Mode: walk
    "
2.726232342758388,20.22349721680193,8.95507690642929,2.340832807482337,15.662364118832768,0.002143788996940687,0.72405800450203,0.14137375247688724,22,2.098569157392687,11.353885282760752,14.073366752978195,11.353885282760752,bike_cleaned.geojson,2008-12-08 15:49:21,2008-12-08 15:59:56,635.0,bike,285,4,1.4035087719298245,6,3,6.94,"
Trip Summary:
- Start: 2008-12-08 15:49:21 at 中航科技大厦, 56, 知春路, 知春东里社区, 中关村街道, 海淀区, 北京市, 100098, 中国
- End: 2008-12-08 15:59:56 at 日新路, 清华园街道, 八家村总支委员会, 海淀区, 北京市, 100084, 中国
- Duration: 0 days 00:10:35
- Distance: 2.73 km
- Average Speed: 15.66 km/h
- Average Bearing Change: 11.35°
- Max Speed: 20.22 km/h
- Min Speed: 8.96 km/h
- Speed Variability: 2.34 km/h
- Average Acceleration: 0.00 m/s²
- Max Acceleration: 0.72 m/s²
- Number of Turns: 22
- Turn Rate: 2.10 turns/min
- Average Turn Angle: 11.35°
- Turn Angle Variability: 14.07°
- Transport Mode: bike
    "
6.281492355141933,39.996,0.15376448063878165,14.043506115285622,20.067052234411697,0.01986133519277476,1.4465575846016043,0.30407587965513316,60,2.641232575201761,14.58293860955019,28.302351367044743,14.58293860955019,bus_cleaned.geojson,2008-12-08 10:21:45,2008-12-08 10:44:32,1367.0,bus,533,3,0.5628517823639775,54,2,11.11,"
Trip Summary:
- Start: 2008-12-08 10:21:45 at 北土城西路, 花园路街道, 海淀区, 北京市, 100191, 中国
- End: 2008-12-08 10:44:32 at 果多美, 和平里十一区甲16号楼, 北三环东路, 和平街街道, 朝阳区, 北京市, 100029, 中国
- Duration: 0 days 00:22:47
- Distance: 6.28 km
- Average Speed: 20.07 km/h
- Average Bearing Change: 14.58°
- Max Speed: 40.00 km/h
- Min Speed: 0.15 km/h
- Speed Variability: 14.04 km/h
- Average Acceleration: 0.02 m/s²
- Max Acceleration: 1.45 m/s²
- Number of Turns: 60
- Turn Rate: 2.64 turns/min
- Average Turn Angle: 14.58°
- Turn Angle Variability: 28.30°
- Transport Mode: bus
    "
0.3462450618809084,8.164010631566315,4.244149872475587,0.9974388447805854,5.981868940223431,0.0012555038079042145,0.26698105941688,0.08159832451250798,21,6.631578947368421,22.788326797307697,20.112019404875213,22.788326797307697,walk_cleaned.geojson,2008-12-08 15:45:45,2008-12-08 15:49:13,208.0,walk,98,3,3.061224489795918,2,2,2.78,"
Trip Summary:
- Start: 2008-12-08 15:45:45 at 知春路, 花园路街道, 中关村街道, 海淀区, 北京市, 100081, 中国
- End: 2008-12-08 15:49:13 at 知春路, 知春东里社区, 中关村街道, 海淀区, 北京市, 100098, 中国
- Duration: 0 days 00:03:28
- Distance: 0.35 km
- Average Speed: 5.98 km/h
- Average Bearing Change: 22.79°
- Max Speed: 8.16 km/h
- Min Speed: 4.24 km/h
- Speed Variability: 1.00 km/h
- Average Acceleration: 0.00 m/s²
- Max Acceleration: 0.27 m/s²
- Number of Turns: 21
- Turn Rate: 6.63 turns/min
- Average Turn Angle: 22.79°
- Turn Angle Variability: 20.11°
- Transport Mode: walk
    "
14.915194678046326,39.996,0.0591376589444639,16.8332287471324,26.12859212752136,0.011510098895265159,1.6249245058349682,0.22459693727403318,50,1.6666666666666667,23.287561398747822,46.63133479024791,23.287561398747822,bus_cleaned.geojson,2008-12-10 00:40:24,2008-12-10 01:11:01,1837.0,bus,299,6,2.0066889632107023,151,5,11.11,"
Trip Summary:
- Start: 2008-12-10 00:40:24 at 中国科学院力学研究所, 15号, 北四环西路, 科育社区, 中关村街道, 海淀区, 北京市, 100190, 中国
- End: 2008-12-10 01:11:01 at 西四环中路, 青塔街道, 岳各庄村, 丰台区, 北京市, 100141, 中国
- Duration: 0 days 00:30:37
- Distance: 14.92 km
- Average Speed: 26.13 km/h
- Average Bearing Change: 23.29°
- Max Speed: 40.00 km/h
- Min Speed: 0.06 km/h
- Speed Variability: 16.83 km/h
- Average Acceleration: 0.01 m/s²
- Max Acceleration: 1.62 m/s²
- Number of Turns: 50
- Turn Rate: 1.67 turns/min
- Average Turn Angle: 23.29°
- Turn Angle Variability: 46.63°
- Transport Mode: bus
    "
2.4515162030492235,49.08717004821869,0.07994362493826394,18.46228330463646,22.774597994800477,-0.026486146805499346,0.8534272080638434,0.23887252345213822,12,1.8461538461538463,18.543336095170616,33.907926380645506,18.543336095170616,taxi_cleaned.geojson,2008-12-10 01:24:56,2008-12-10 01:31:26,390.0,taxi,79,1,1.2658227848101267,1,0,13.89,"
Trip Summary:
- Start: 2008-12-10 01:24:56 at 西四环中路, 青塔街道, 六里桥街道, 丰台区, 北京市, 100141, 中国
- End: 2008-12-10 01:31:26 at 复兴路, 万寿路街道, 海淀区, 北京市, 100858, 中国
- Duration: 0 days 00:06:30
- Distance: 2.45 km
- Average Speed: 22.77 km/h
- Average Bearing Change: 18.54°
- Max Speed: 49.09 km/h
- Min Speed: 0.08 km/h
- Speed Variability: 18.46 km/h
- Average Acceleration: -0.03 m/s²
- Max Acceleration: 0.85 m/s²
- Number of Turns: 12
- Turn Rate: 1.85 turns/min
- Average Turn Angle: 18.54°
- Turn Angle Variability: 33.91°
- Transport Mode: taxi
    "
0.5215520859634111,7.199176294804459,0.3997204720383989,2.0039406322590563,3.0880395149767637,-0.006677638608230993,0.14123766032248364,0.049025812476237315,36,4.645161290322581,51.20118748886403,56.38878771453719,51.20118748886403,walk_cleaned.geojson,2008-12-10 02:23:18,2008-12-10 02:31:09,471.0,walk,82,3,3.6585365853658534,2,2,2.78,"
Trip Summary:
- Start: 2008-12-10 02:23:18 at 东直门桥, 北新桥街道, 首都功能核心区, 东城区, 北京市, 100010, 中国
- End: 2008-12-10 02:31:09 at 世界资源研究所, 9, 东中街, 东直门, 东直门街道, 首都功能核心区, 东城区, 北京市, 100027, 中国
- Duration: 0 days 00:07:51
- Distance: 0.52 km
- Average Speed: 3.09 km/h
- Average Bearing Change: 51.20°
- Max Speed: 7.20 km/h
- Min Speed: 0.40 km/h
- Speed Variability: 2.00 km/h
- Average Acceleration: -0.01 m/s²
- Max Acceleration: 0.14 m/s²
- Number of Turns: 36
- Turn Rate: 4.65 turns/min
- Average Turn Angle: 51.20°
- Turn Angle Variability: 56.39°
- Transport Mode: walk
    "
15.789850278573066,35.8496932173714,0.043857962294632194,11.505897742672138,8.724570521811446,0.0075855492289846616,1.6587559977627813,0.22154546226484206,318,3.681976071015052,45.71739911244352,53.30449250837661,45.71739911244352,bus_cleaned.geojson,2008-12-04 23:32:48,2008-12-05 00:57:58,5110.0,bus,806,30,3.722084367245657,51,29,11.11,"
Trip Summary:
- Start: 2008-12-04 23:32:48 at 中关村东路, 清华园, 中关村街道, 海淀区, 北京市, 100190, 中国
- End: 2008-12-05 00:57:58 at 工人体育场北路, 东直门, 东直门街道, 首都功能核心区, 东城区, 北京市, 100010, 中国
- Duration: 0 days 01:25:10
- Distance: 15.79 km
- Average Speed: 8.72 km/h
- Average Bearing Change: 45.72°
- Max Speed: 35.85 km/h
- Min Speed: 0.04 km/h
- Speed Variability: 11.51 km/h
- Average Acceleration: 0.01 m/s²
- Max Acceleration: 1.66 m/s²
- Number of Turns: 318
- Turn Rate: 3.68 turns/min
- Average Turn Angle: 45.72°
- Turn Angle Variability: 53.30°
- Transport Mode: bus
    "
4.798715879409319,10.008,0.0,2.4013950578540917,3.050838436056855,0.004112176802101561,0.802848236337003,0.08402059158683355,441,5.26671974522293,59.415088139777346,52.37631865011926,59.415088139777346,walk_cleaned.geojson,2008-12-05 04:37:33,2008-12-05 06:02:53,5120.0,walk,766,22,2.8720626631853787,49,21,2.78,"
Trip Summary:
- Start: 2008-12-05 04:37:33 at 东中街, 东直门, 东直门街道, 首都功能核心区, 东城区, 北京市, 100010, 中国
- End: 2008-12-05 06:02:53 at April Gourmet, 东中街, 东直门, 东直门街道, 首都功能核心区, 东城区, 北京市, 100010, 中国
- Duration: 0 days 01:25:20
- Distance: 4.80 km
- Average Speed: 3.05 km/h
- Average Bearing Change: 59.42°
- Max Speed: 10.01 km/h
- Min Speed: 0.00 km/h
- Speed Variability: 2.40 km/h
- Average Acceleration: 0.00 m/s²
- Max Acceleration: 0.80 m/s²
- Number of Turns: 441
- Turn Rate: 5.27 turns/min
- Average Turn Angle: 59.42°
- Turn Angle Variability: 52.38°
- Transport Mode: walk
    "
10.91446644841352,39.996,0.20111276486678661,14.259187540745103,14.598715782051176,0.004944158068460369,3.0347365230096988,0.3746791048934358,173,4.25061425061425,41.255897669161605,51.47320279495742,41.255897669161605,bus_cleaned.geojson,2009-05-04 22:46:02,2009-05-04 23:27:39,2497.0,bus,452,12,2.6548672566371683,37,11,11.11,"
Trip Summary:
- Start: 2009-05-04 22:46:02 at 中国工商银行, 100, 中关村东路, 知春东里社区, 中关村街道, 海淀区, 北京市, 100190, 中国
- End: 2009-05-04 23:27:39 at 白云路北口, 白云路, 月坛街道, 首都功能核心区, 西城区, 北京市, 100032, 中国
- Duration: 0 days 00:41:37
- Distance: 10.91 km
- Average Speed: 14.60 km/h
- Average Bearing Change: 41.26°
- Max Speed: 40.00 km/h
- Min Speed: 0.20 km/h
- Speed Variability: 14.26 km/h
- Average Acceleration: 0.00 m/s²
- Max Acceleration: 3.03 m/s²
- Number of Turns: 173
- Turn Rate: 4.25 turns/min
- Average Turn Angle: 41.26°
- Turn Angle Variability: 51.47°
- Transport Mode: bus
    "
0.7276478591815795,10.008,0.16817330846261766,2.6779026467933975,4.58558391940843,0.006712808674726754,0.6981397639213611,0.12220445721415611,32,3.934426229508197,45.83780842588613,47.37015765032026,45.83780842588613,walk_cleaned.geojson,2009-05-04 23:27:54,2009-05-04 23:36:14,500.0,walk,74,4,5.405405405405405,7,3,2.78,"
Trip Summary:
- Start: 2009-05-04 23:27:54 at 白云路北口, 白云路, 月坛街道, 首都功能核心区, 西城区, 北京市, 100032, 中国
- End: 2009-05-04 23:36:14 at 首都医科大学附属复兴医院, 复兴路, 木樨地小区, 月坛街道, 首都功能核心区, 西城区, 北京市, 100032, 中国
- Duration: 0 days 00:08:20
- Distance: 0.73 km
- Average Speed: 4.59 km/h
- Average Bearing Change: 45.84°
- Max Speed: 10.01 km/h
- Min Speed: 0.17 km/h
- Speed Variability: 2.68 km/h
- Average Acceleration: 0.01 m/s²
- Max Acceleration: 0.70 m/s²
- Number of Turns: 32
- Turn Rate: 3.93 turns/min
- Average Turn Angle: 45.84°
- Turn Angle Variability: 47.37°
- Transport Mode: walk
    "
3.8451307270490567,20.99955034907729,12.878516703974467,1.5477689739830203,17.345138588081163,-0.003337777219056735,0.3768412298676844,0.11032056966174789,9,0.6976744186046512,7.060849736689088,9.365012400293631,7.060849736689088,bike_cleaned.geojson,2008-05-08 17:06:28,2008-05-08 17:19:40,792.0,bike,357,9,2.5210084033613445,14,8,6.94,"
Trip Summary:
- Start: 2008-05-08 17:06:28 at 星规路, 知春东里社区, 中关村街道, 海淀区, 北京市, 100098, 中国
- End: 2008-05-08 17:19:40 at 清华大学, 30, 双清路, 东升镇, 海淀区, 北京市, 100084, 中国
- Duration: 0 days 00:13:12
- Distance: 3.85 km
- Average Speed: 17.35 km/h
- Average Bearing Change: 7.06°
- Max Speed: 21.00 km/h
- Min Speed: 12.88 km/h
- Speed Variability: 1.55 km/h
- Average Acceleration: -0.00 m/s²
- Max Acceleration: 0.38 m/s²
- Number of Turns: 9
- Turn Rate: 0.70 turns/min
- Average Turn Angle: 7.06°
- Turn Angle Variability: 9.37°
- Transport Mode: bike
    "
10.812018076794542,39.996,0.15376282449566214,12.905999620832805,18.721276118728163,-0.0044345537462545,1.6257416456856144,0.4115108825884476,157,3.6525785188057385,17.149244026776593,30.57624783207667,17.149244026776593,bus_cleaned.geojson,2008-05-08 09:37:45,2008-05-08 10:21:05,2600.0,bus,1065,14,1.3145539906103285,71,13,11.11,"
Trip Summary:
- Start: 2008-05-08 09:37:45 at 知春路, 中关村街道, 海淀区, 北京市, 100098, 中国
- End: 2008-05-08 10:21:05 at 3, 惠新东街, 小关街道, 朝阳区, 北京市, 100029, 中国
- Duration: 0 days 00:43:20
- Distance: 10.81 km
- Average Speed: 18.72 km/h
- Average Bearing Change: 17.15°
- Max Speed: 40.00 km/h
- Min Speed: 0.15 km/h
- Speed Variability: 12.91 km/h
- Average Acceleration: -0.00 m/s²
- Max Acceleration: 1.63 m/s²
- Number of Turns: 157
- Turn Rate: 3.65 turns/min
- Average Turn Angle: 17.15°
- Turn Angle Variability: 30.58°
- Transport Mode: bus
    "
3.705612424818303,7.85818603379567,0.15369492293622847,1.9315752260590484,2.6784037211613883,4.664729327055155e-05,0.3267518890451504,0.08014610103414484,48,2.553191489361702,35.321274498694805,39.11671825316177,35.321274498694805,walk_cleaned.geojson,2008-05-08 17:03:57,2008-05-08 17:22:46,1129.0,walk,119,6,5.042016806722689,0,5,2.78,"
Trip Summary:
- Start: 2008-05-08 17:03:57 at 中关村街道, 海淀区, 北京市, 100098, 中国
- End: 2008-05-08 17:22:46 at 清华大学, 30, 双清路, 东升镇, 海淀区, 北京市, 100084, 中国
- Duration: 0 days 00:18:49
- Distance: 3.71 km
- Average Speed: 2.68 km/h
- Average Bearing Change: 35.32°
- Max Speed: 7.86 km/h
- Min Speed: 0.15 km/h
- Speed Variability: 1.93 km/h
- Average Acceleration: 0.00 m/s²
- Max Acceleration: 0.33 m/s²
- Number of Turns: 48
- Turn Rate: 2.55 turns/min
- Average Turn Angle: 35.32°
- Turn Angle Variability: 39.12°
- Transport Mode: walk
    "
4.632835507216596,24.984,2.0214571244369646,4.486444576986466,13.730544202325765,-0.0006395649391898365,0.9144423134220916,0.18492631563835255,45,2.1044427123928293,13.265754959414853,19.564959019596284,13.265754959414853,bike_cleaned.geojson,2008-11-26 15:27:32,2008-11-26 15:49:16,1304.0,bike,534,12,2.247191011235955,10,11,6.94,"
Trip Summary:
- Start: 2008-11-26 15:27:32 at 地铁知春路站, 知春路, 花园路街道, 中关村街道, 海淀区, 北京市, 100081, 中国
- End: 2008-11-26 15:49:16 at 清华大学, 30, 双清路, 东升镇, 海淀区, 北京市, 100084, 中国
- Duration: 0 days 00:21:44
- Distance: 4.63 km
- Average Speed: 13.73 km/h
- Average Bearing Change: 13.27°
- Max Speed: 24.98 km/h
- Min Speed: 2.02 km/h
- Speed Variability: 4.49 km/h
- Average Acceleration: -0.00 m/s²
- Max Acceleration: 0.91 m/s²
- Number of Turns: 45
- Turn Rate: 2.10 turns/min
- Average Turn Angle: 13.27°
- Turn Angle Variability: 19.56°
- Transport Mode: bike
    "
8.23215461750776,39.996,0.10706936860831018,15.735472348827905,24.14142904427662,0.029976961513361256,2.898875968208386,0.5030632457583484,85,4.5212765957446805,18.15091231451558,32.8867899840116,18.15091231451558,bus_cleaned.geojson,2008-11-26 07:21:55,2008-11-26 07:41:06,1151.0,bus,508,11,2.1653543307086616,151,10,11.11,"
Trip Summary:
- Start: 2008-11-26 07:21:55 at 花园路街道, 海淀区, 北京市, 100081, 中国
- End: 2008-11-26 07:41:06 at 果多美, 和平里十一区甲16号楼, 北三环东路, 和平街街道, 朝阳区, 北京市, 100029, 中国
- Duration: 0 days 00:19:11
- Distance: 8.23 km
- Average Speed: 24.14 km/h
- Average Bearing Change: 18.15°
- Max Speed: 40.00 km/h
- Min Speed: 0.11 km/h
- Speed Variability: 15.74 km/h
- Average Acceleration: 0.03 m/s²
- Max Acceleration: 2.90 m/s²
- Number of Turns: 85
- Turn Rate: 4.52 turns/min
- Average Turn Angle: 18.15°
- Turn Angle Variability: 32.89°
- Transport Mode: bus
    "
1.101553622193023,48.386537019618515,0.0,16.658089126444644,15.351660710239187,0.018515622039647073,1.874330673106125,0.40657779080004136,19,3.9041095890410964,26.084658250864546,43.20452582097446,26.084658250864546,taxi_cleaned.geojson,2008-11-26 14:57:59,2008-11-26 15:02:59,300.0,taxi,95,5,5.263157894736842,1,4,13.89,"
Trip Summary:
- Start: 2008-11-26 14:57:59 at 樱花园东街, 和平街街道, 朝阳区, 北京市, 100029, 中国
- End: 2008-11-26 15:02:59 at 小关街道, 朝阳区, 北京市, 100029, 中国
- Duration: 0 days 00:05:00
- Distance: 1.10 km
- Average Speed: 15.35 km/h
- Average Bearing Change: 26.08°
- Max Speed: 48.39 km/h
- Min Speed: 0.00 km/h
- Speed Variability: 16.66 km/h
- Average Acceleration: 0.02 m/s²
- Max Acceleration: 1.87 m/s²
- Number of Turns: 19
- Turn Rate: 3.90 turns/min
- Average Turn Angle: 26.08°
- Turn Angle Variability: 43.20°
- Transport Mode: taxi
    "
0.40278294232222295,10.008,0.0,2.4404813073062717,4.341326058521727,0.007963211565319983,0.4513002348784355,0.1126979442779564,57,10.426829268292682,39.964452564778284,44.61995066288898,39.964452564778284,walk_cleaned.geojson,2008-11-26 14:52:17,2008-11-26 14:57:39,322.0,walk,151,3,1.9867549668874174,8,2,2.78,"
Trip Summary:
- Start: 2008-11-26 14:52:17 at 中日友好医院本部, 樱花巷, 和平街街道, 朝阳区, 北京市, 100029, 中国
- End: 2008-11-26 14:57:39 at 樱花园东街, 和平街街道, 朝阳区, 北京市, 100029, 中国
- Duration: 0 days 00:05:22
- Distance: 0.40 km
- Average Speed: 4.34 km/h
- Average Bearing Change: 39.96°
- Max Speed: 10.01 km/h
- Min Speed: 0.00 km/h
- Speed Variability: 2.44 km/h
- Average Acceleration: 0.01 m/s²
- Max Acceleration: 0.45 m/s²
- Number of Turns: 57
- Turn Rate: 10.43 turns/min
- Average Turn Angle: 39.96°
- Turn Angle Variability: 44.62°
- Transport Mode: walk
    "
8.910484756686767,37.314432528286204,0.6469322526307888,9.95152922360124,11.111680536495042,0.009835683416339877,1.4756222896772475,0.34239528391122603,266,6.305807981035165,26.215567036535752,37.48900439034283,26.215567036535752,bus_cleaned.geojson,2008-09-16 00:01:28,2008-09-16 00:44:06,2558.0,bus,1050,14,1.3333333333333335,37,13,11.11,"
Trip Summary:
- Start: 2008-09-16 00:01:28 at 北四环东路, 小关街道, 朝阳区, 北京市, 100012, 中国
- End: 2008-09-16 00:44:06 at 工人体育场北路, 东直门街道, 首都功能核心区, 东城区, 北京市, 100010, 中国
- Duration: 0 days 00:42:38
- Distance: 8.91 km
- Average Speed: 11.11 km/h
- Average Bearing Change: 26.22°
- Max Speed: 37.31 km/h
- Min Speed: 0.65 km/h
- Speed Variability: 9.95 km/h
- Average Acceleration: 0.01 m/s²
- Max Acceleration: 1.48 m/s²
- Number of Turns: 266
- Turn Rate: 6.31 turns/min
- Average Turn Angle: 26.22°
- Turn Angle Variability: 37.49°
- Transport Mode: bus
    "
0.9204013184023686,10.008,0.15386138181073772,2.302697367711546,3.2965678234573104,0.00023758967007728022,0.5610394103022533,0.13425445678235629,143,10.412621359223301,42.19750194353984,43.39364301128951,42.19750194353984,walk_cleaned.geojson,2008-09-16 00:44:12,2008-09-16 00:58:20,848.0,walk,309,12,3.8834951456310676,12,11,2.78,"
Trip Summary:
- Start: 2008-09-16 00:44:12 at 工人体育场北路, 东直门街道, 首都功能核心区, 东城区, 北京市, 100010, 中国
- End: 2008-09-16 00:58:20 at 东中街, 东直门, 东直门街道, 首都功能核心区, 东城区, 北京市, 100010, 中国
- Duration: 0 days 00:14:08
- Distance: 0.92 km
- Average Speed: 3.30 km/h
- Average Bearing Change: 42.20°
- Max Speed: 10.01 km/h
- Min Speed: 0.15 km/h
- Speed Variability: 2.30 km/h
- Average Acceleration: 0.00 m/s²
- Max Acceleration: 0.56 m/s²
- Number of Turns: 143
- Turn Rate: 10.41 turns/min
- Average Turn Angle: 42.20°
- Turn Angle Variability: 43.39°
- Transport Mode: walk
    "
4.079131425741947,39.996,0.6109134908362208,11.501130480802516,21.273512068531932,0.02329379923107162,1.1050061564515383,0.3389919574440446,33,3.5547576301615798,15.826625299173246,27.323735141521663,15.826625299173246,bus_cleaned.geojson,2008-10-20 23:31:10,2008-10-20 23:41:05,595.0,bus,273,3,1.098901098901099,13,2,11.11,"
Trip Summary:
- Start: 2008-10-20 23:31:10 at 广安门北滨河路, 月坛街道, 首都功能核心区, 西城区, 北京市, 100032, 中国
- End: 2008-10-20 23:41:05 at 菜户营路, 玉林西里社区, 右安门街道, 西铁营村, 丰台区, 北京市, 100069, 中国
- Duration: 0 days 00:09:55
- Distance: 4.08 km
- Average Speed: 21.27 km/h
- Average Bearing Change: 15.83°
- Max Speed: 40.00 km/h
- Min Speed: 0.61 km/h
- Speed Variability: 11.50 km/h
- Average Acceleration: 0.02 m/s²
- Max Acceleration: 1.11 m/s²
- Number of Turns: 33
- Turn Rate: 3.55 turns/min
- Average Turn Angle: 15.83°
- Turn Angle Variability: 27.32°
- Transport Mode: bus
    "
0.04364472076082176,4.986928286553649,1.2460172711468087,1.4240462482629817,3.993216875276886,0.057132241260649586,0.45369880357685566,0.210640681390424,1,3.75,39.66551992988772,52.582063057513814,39.66551992988772,walk_cleaned.geojson,2008-10-20 23:13:40,2008-10-20 23:16:20,160.0,walk,14,7,50.0,0,6,2.78,"
Trip Summary:
- Start: 2008-10-20 23:13:40 at 月坛街道, 首都功能核心区, 西城区, 北京市, 100032, 中国
- End: 2008-10-20 23:16:20 at 月坛街道, 首都功能核心区, 西城区, 北京市, 100032, 中国
- Duration: 0 days 00:02:40
- Distance: 0.04 km
- Average Speed: 3.99 km/h
- Average Bearing Change: 39.67°
- Max Speed: 4.99 km/h
- Min Speed: 1.25 km/h
- Speed Variability: 1.42 km/h
- Average Acceleration: 0.06 m/s²
- Max Acceleration: 0.45 m/s²
- Number of Turns: 1
- Turn Rate: 3.75 turns/min
- Average Turn Angle: 39.67°
- Turn Angle Variability: 52.58°
- Transport Mode: walk
    "
9.961513386282565,39.996,0.29354885961916255,14.092214267392453,15.970704030696663,0.020388334110679772,2.7205623668355017,0.37267076583337516,119,3.693740300051733,36.12739784862875,47.366377790488976,36.12739784862875,bus_cleaned.geojson,2009-05-08 11:54:36,2009-05-08 12:27:46,1990.0,bus,366,14,3.825136612021858,32,13,11.11,"
Trip Summary:
- Start: 2009-05-08 11:54:36 at 月坛南街, 月坛街道, 首都功能核心区, 西城区, 北京市, 100032, 中国
- End: 2009-05-08 12:27:46 at 中关村东路, 知春东里社区, 中关村街道, 海淀区, 北京市, 100098, 中国
- Duration: 0 days 00:33:10
- Distance: 9.96 km
- Average Speed: 15.97 km/h
- Average Bearing Change: 36.13°
- Max Speed: 40.00 km/h
- Min Speed: 0.29 km/h
- Speed Variability: 14.09 km/h
- Average Acceleration: 0.02 m/s²
- Max Acceleration: 2.72 m/s²
- Number of Turns: 119
- Turn Rate: 3.69 turns/min
- Average Turn Angle: 36.13°
- Turn Angle Variability: 47.37°
- Transport Mode: bus
    "
0.5633513540760007,9.100393960399396,1.1220540007367994,1.7616073529105873,4.751906234987855,0.0031002324945279373,0.20793632712123156,0.0657676638957982,33,3.3502538071065993,42.2463787207434,42.69684374639207,42.2463787207434,walk_cleaned.geojson,2009-05-08 12:30:50,2009-05-08 12:40:48,598.0,walk,75,3,4.0,6,2,2.78,"
Trip Summary:
- Start: 2009-05-08 12:30:50 at 中关村东路, 知春东里社区, 中关村街道, 海淀区, 北京市, 100190, 中国
- End: 2009-05-08 12:40:48 at 中国科学院大学（中关村校区）, 中关村南四街, 知春东里社区, 中关村街道, 海淀区, 北京市, 100098, 中国
- Duration: 0 days 00:09:58
- Distance: 0.56 km
- Average Speed: 4.75 km/h
- Average Bearing Change: 42.25°
- Max Speed: 9.10 km/h
- Min Speed: 1.12 km/h
- Speed Variability: 1.76 km/h
- Average Acceleration: 0.00 m/s²
- Max Acceleration: 0.21 m/s²
- Number of Turns: 33
- Turn Rate: 3.35 turns/min
- Average Turn Angle: 42.25°
- Turn Angle Variability: 42.70°
- Transport Mode: walk
    "
8.940572515946343,39.996,0.15376575802526168,13.503423272064472,21.937142320204757,-0.01654086906141577,3.3376301714366465,0.44716866019579543,144,4.585987261146497,14.889794497362152,30.785954394250517,14.889794497362152,bus_cleaned.geojson,2008-04-27 12:37:06,2008-04-27 13:08:47,1901.0,bus,1203,16,1.3300083125519535,93,15,11.11,"
Trip Summary:
- Start: 2008-04-27 12:37:06 at 北三环东路, 和平街街道, 朝阳区, 北京市, 100029, 中国
- End: 2008-04-27 13:08:47 at 中国卫星通信大厦, 63, 知春路, 知春东里社区, 中关村街道, 海淀区, 北京市, 100098, 中国
- Duration: 0 days 00:31:41
- Distance: 8.94 km
- Average Speed: 21.94 km/h
- Average Bearing Change: 14.89°
- Max Speed: 40.00 km/h
- Min Speed: 0.15 km/h
- Speed Variability: 13.50 km/h
- Average Acceleration: -0.02 m/s²
- Max Acceleration: 3.34 m/s²
- Number of Turns: 144
- Turn Rate: 4.59 turns/min
- Average Turn Angle: 14.89°
- Turn Angle Variability: 30.79°
- Transport Mode: bus
    "
8.935882565554529,8.791839741145873,0.3127677752605382,1.591634073173204,4.2586314597246755,0.0011055044501791138,0.4565625835443368,0.0893029830210961,98,2.0711518140190206,27.974532992702066,32.9794492647883,27.974532992702066,walk_cleaned.geojson,2008-04-27 12:27:43,2008-04-27 13:15:11,2848.0,walk,334,5,1.4970059880239521,5,4,2.78,"
Trip Summary:
- Start: 2008-04-27 12:27:43 at 中日友好医院本部, 樱花巷, 和平街街道, 朝阳区, 北京市, 100029, 中国
- End: 2008-04-27 13:15:11 at 希格玛大厦, 知春路, 中关村街道, 海淀区, 北京市, 100098, 中国
- Duration: 0 days 00:47:28
- Distance: 8.94 km
- Average Speed: 4.26 km/h
- Average Bearing Change: 27.97°
- Max Speed: 8.79 km/h
- Min Speed: 0.31 km/h
- Speed Variability: 1.59 km/h
- Average Acceleration: 0.00 m/s²
- Max Acceleration: 0.46 m/s²
- Number of Turns: 98
- Turn Rate: 2.07 turns/min
- Average Turn Angle: 27.97°
- Turn Angle Variability: 32.98°
- Transport Mode: walk
    "
0.3454636653820908,7.720498887615272,3.7119459325922812,1.5282933906566223,5.803522250084479,-0.0018084935792279304,0.15369610206835774,0.05712618696511133,2,1.0,17.51589486253613,18.277326714853356,17.51589486253613,bus_cleaned.geojson,2011-11-08 02:04:40,2011-11-08 02:06:45,125.0,bus,16,2,12.5,0,1,11.11,"
Trip Summary:
- Start: 2011-11-08 02:04:40 at 知春路, 中关村, 中关村街道, 海淀区, 北京市, 100086, 中国
- End: 2011-11-08 02:06:45 at 海淀医院, 海淀南路, 中关村核心区, 海淀街道, 六郎庄村, 海淀区, 北京市, 100872, 中国
- Duration: 0 days 00:02:05
- Distance: 0.35 km
- Average Speed: 5.80 km/h
- Average Bearing Change: 17.52°
- Max Speed: 7.72 km/h
- Min Speed: 3.71 km/h
- Speed Variability: 1.53 km/h
- Average Acceleration: -0.00 m/s²
- Max Acceleration: 0.15 m/s²
- Number of Turns: 2
- Turn Rate: 1.00 turns/min
- Average Turn Angle: 17.52°
- Turn Angle Variability: 18.28°
- Transport Mode: bus
    "
0.7125829884598108,10.008,2.6977884941536603,1.7244148871987444,9.102326659921442,0.0016003667903746951,0.1229072941520581,0.04516757064391853,5,1.5384615384615385,25.381813724145392,18.05456329336023,25.381813724145392,walk_cleaned.geojson,2011-11-08 02:07:20,2011-11-08 02:10:35,195.0,walk,27,5,18.51851851851852,14,4,2.78,"
Trip Summary:
- Start: 2011-11-08 02:07:20 at 海淀东三街, 中关村核心区, 海淀街道, 海淀区, 北京市, 100872, 中国
- End: 2011-11-08 02:10:35 at 立方庭, 1, 善缘街, 中关村核心区, 海淀街道, 海淀区, 北京市, 100080, 中国
- Duration: 0 days 00:03:15
- Distance: 0.71 km
- Average Speed: 9.10 km/h
- Average Bearing Change: 25.38°
- Max Speed: 10.01 km/h
- Min Speed: 2.70 km/h
- Speed Variability: 1.72 km/h
- Average Acceleration: 0.00 m/s²
- Max Acceleration: 0.12 m/s²
- Number of Turns: 5
- Turn Rate: 1.54 turns/min
- Average Turn Angle: 25.38°
- Turn Angle Variability: 18.05°
- Transport Mode: walk
    "
1.1727155372392934,10.008,0.8716458733634641,2.2791973537048014,3.767872826495294,0.010861008334438968,0.4332255198707482,0.08923657967442879,42,2.5,51.65028857533299,55.41795260094894,51.65028857533299,walk_cleaned.geojson,2008-10-20 12:27:47,2008-10-20 12:45:02,1035.0,walk,100,7,7.000000000000001,10,6,2.78,"
Trip Summary:
- Start: 2008-10-20 12:27:47 at 中关村南四街, 知春东里社区, 中关村街道, 海淀区, 北京市, 100098, 中国
- End: 2008-10-20 12:45:02 at 好利客超市, 中关村南四街, 中关村街道, 海淀区, 北京市, 100190, 中国
- Duration: 0 days 00:17:15
- Distance: 1.17 km
- Average Speed: 3.77 km/h
- Average Bearing Change: 51.65°
- Max Speed: 10.01 km/h
- Min Speed: 0.87 km/h
- Speed Variability: 2.28 km/h
- Average Acceleration: 0.01 m/s²
- Max Acceleration: 0.43 m/s²
- Number of Turns: 42
- Turn Rate: 2.50 turns/min
- Average Turn Angle: 51.65°
- Turn Angle Variability: 55.42°
- Transport Mode: walk
    "
2.4969777028158204,20.156359972565795,4.758558324393239,3.105116238056097,15.422751004976735,-0.008331032907065569,0.5311709588885609,0.12686415270077672,11,1.0543130990415335,8.080418205368536,11.871763004254843,8.080418205368536,bike_cleaned.geojson,2008-08-11 03:46:45,2008-08-11 03:57:19,634.0,bike,270,4,1.4814814814814816,5,3,6.94,"
Trip Summary:
- Start: 2008-08-11 03:46:45 at 清华大学, 双清路, 东升镇, 海淀区, 北京市, 100084, 中国
- End: 2008-08-11 03:57:19 at 中关村街道, 海淀区, 北京市, 100098, 中国
- Duration: 0 days 00:10:34
- Distance: 2.50 km
- Average Speed: 15.42 km/h
- Average Bearing Change: 8.08°
- Max Speed: 20.16 km/h
- Min Speed: 4.76 km/h
- Speed Variability: 3.11 km/h
- Average Acceleration: -0.01 m/s²
- Max Acceleration: 0.53 m/s²
- Number of Turns: 11
- Turn Rate: 1.05 turns/min
- Average Turn Angle: 8.08°
- Turn Angle Variability: 11.87°
- Transport Mode: bike
    "
0.047845586977297225,5.365738032651449,0.1537642856679218,2.008732472311925,2.4923650910239417,0.00015317339553093344,0.13020101402353512,0.05698354318688203,14,12.727272727272727,45.80811859805871,50.14640487972304,45.80811859805871,walk_cleaned.geojson,2008-08-11 03:57:31,2008-08-11 03:58:37,66.0,walk,33,1,3.0303030303030303,0,0,2.78,"
Trip Summary:
- Start: 2008-08-11 03:57:31 at 知春路, 中关村街道, 海淀区, 北京市, 100098, 中国
- End: 2008-08-11 03:58:37 at 希格玛大厦, 知春路, 中关村街道, 海淀区, 北京市, 100098, 中国
- Duration: 0 days 00:01:06
- Distance: 0.05 km
- Average Speed: 2.49 km/h
- Average Bearing Change: 45.81°
- Max Speed: 5.37 km/h
- Min Speed: 0.15 km/h
- Speed Variability: 2.01 km/h
- Average Acceleration: 0.00 m/s²
- Max Acceleration: 0.13 m/s²
- Number of Turns: 14
- Turn Rate: 12.73 turns/min
- Average Turn Angle: 45.81°
- Turn Angle Variability: 50.15°
- Transport Mode: walk
    "
2.0331947372850774,7.983573180703526,0.26656134609373533,1.6293087141438167,3.7679767926542604,0.0006822619583840941,0.4671022224144488,0.05615104452545397,140,4.1895261845386536,43.956207948083446,44.2002496772601,43.956207948083446,walk_cleaned.geojson,2009-08-03 05:47:33,2009-08-03 06:20:48,1995.0,walk,315,5,1.5873015873015872,6,4,2.78,"
Trip Summary:
- Start: 2009-08-03 05:47:33 at 长廊, 青龙桥街道, 海淀区, 北京市, 100093, 中国
- End: 2009-08-03 06:20:48 at 19, 新建宫门路, 青龙桥街道, 海淀区, 北京市, 100091, 中国
- Duration: 0 days 00:33:15
- Distance: 2.03 km
- Average Speed: 3.77 km/h
- Average Bearing Change: 43.96°
- Max Speed: 7.98 km/h
- Min Speed: 0.27 km/h
- Speed Variability: 1.63 km/h
- Average Acceleration: 0.00 m/s²
- Max Acceleration: 0.47 m/s²
- Number of Turns: 140
- Turn Rate: 4.19 turns/min
- Average Turn Angle: 43.96°
- Turn Angle Variability: 44.20°
- Transport Mode: walk
    "
0.5567057181643034,24.118224509132077,2.062372334686093,2.5671336279401538,18.755054042014176,0.03975598766016077,3.7594138265984753,0.5146361290122771,4,2.2857142857142856,12.40879555993879,9.295276208924136,12.40879555993879,bike_cleaned.geojson,2008-06-12 00:24:40,2008-06-12 00:26:27,107.0,bike,96,3,3.125,1,2,6.94,"
Trip Summary:
- Start: 2008-06-12 00:24:40 at 清华大学, 30, 双清路, 东升镇, 海淀区, 北京市, 100084, 中国
- End: 2008-06-12 00:26:27 at Future Internet Technology (FIT), 双清路, 东升镇, 海淀区, 北京市, 100084, 中国
- Duration: 0 days 00:01:47
- Distance: 0.56 km
- Average Speed: 18.76 km/h
- Average Bearing Change: 12.41°
- Max Speed: 24.12 km/h
- Min Speed: 2.06 km/h
- Speed Variability: 2.57 km/h
- Average Acceleration: 0.04 m/s²
- Max Acceleration: 3.76 m/s²
- Number of Turns: 4
- Turn Rate: 2.29 turns/min
- Average Turn Angle: 12.41°
- Turn Angle Variability: 9.30°
- Transport Mode: bike
    "
3.0824601611718494,50.004000000000005,0.07994466427645837,14.334268124244039,17.568852225884648,-0.0026324283748917435,6.233173069139394,0.6634876229780874,104,6.373850868232891,21.374241832954784,36.67153110476623,21.374241832954784,taxi_cleaned.geojson,2008-06-12 00:26:30,2008-06-12 00:42:55,985.0,taxi,585,4,0.6837606837606838,15,3,13.89,"
Trip Summary:
- Start: 2008-06-12 00:26:30 at Future Internet Technology (FIT), 双清路, 东升镇, 海淀区, 北京市, 100084, 中国
- End: 2008-06-12 00:42:55 at 希格玛大厦, 知春路, 中关村街道, 海淀区, 北京市, 100098, 中国
- Duration: 0 days 00:16:25
- Distance: 3.08 km
- Average Speed: 17.57 km/h
- Average Bearing Change: 21.37°
- Max Speed: 50.00 km/h
- Min Speed: 0.08 km/h
- Speed Variability: 14.33 km/h
- Average Acceleration: -0.00 m/s²
- Max Acceleration: 6.23 m/s²
- Number of Turns: 104
- Turn Rate: 6.37 turns/min
- Average Turn Angle: 21.37°
- Turn Angle Variability: 36.67°
- Transport Mode: taxi
    "
4.613339215553969,39.996,0.0,16.428162943260446,19.819940627553763,-0.007829220560775929,1.1352312706672467,0.30908662476722365,89,5.829694323144104,29.445597649031043,43.884467388111794,29.445597649031043,bus_cleaned.geojson,2008-05-22 23:04:09,2008-05-22 23:19:31,922.0,bus,328,4,1.2195121951219512,86,3,11.11,"
Trip Summary:
- Start: 2008-05-22 23:04:09 at 北三环西路, 北下关街道, 海淀区, 北京市, 100098, 中国
- End: 2008-05-22 23:19:31 at 西三环, 紫竹院街道, 海淀区, 北京市, 100048, 中国
- Duration: 0 days 00:15:22
- Distance: 4.61 km
- Average Speed: 19.82 km/h
- Average Bearing Change: 29.45°
- Max Speed: 40.00 km/h
- Min Speed: 0.00 km/h
- Speed Variability: 16.43 km/h
- Average Acceleration: -0.01 m/s²
- Max Acceleration: 1.14 m/s²
- Number of Turns: 89
- Turn Rate: 5.83 turns/min
- Average Turn Angle: 29.45°
- Turn Angle Variability: 43.88°
- Transport Mode: bus
    "
1.0802363409826101,8.934851360592795,0.2522126867597916,1.9129561429428295,4.027470338716349,0.0011584618572521017,0.6330601477596765,0.10664533062539727,110,8.029197080291972,28.431713937685732,31.29911012941797,28.431713937685732,walk_cleaned.geojson,2008-05-22 23:19:41,2008-05-22 23:33:33,832.0,walk,370,6,1.6216216216216217,7,5,2.78,"
Trip Summary:
- Start: 2008-05-22 23:19:41 at 西三环, 紫竹院街道, 海淀区, 北京市, 100048, 中国
- End: 2008-05-22 23:33:33 at 空军航空医学研究所附属医院, 北洼路, 紫竹院街道, 海淀区, 北京市, 100048, 中国
- Duration: 0 days 00:13:52
- Distance: 1.08 km
- Average Speed: 4.03 km/h
- Average Bearing Change: 28.43°
- Max Speed: 8.93 km/h
- Min Speed: 0.25 km/h
- Speed Variability: 1.91 km/h
- Average Acceleration: 0.00 m/s²
- Max Acceleration: 0.63 m/s²
- Number of Turns: 110
- Turn Rate: 8.03 turns/min
- Average Turn Angle: 28.43°
- Turn Angle Variability: 31.30°
- Transport Mode: walk
    "
2.6039206577113823,24.984,0.36676616157679315,7.268232825806566,12.339132889273188,-0.010022459282050842,1.6256927963151286,0.2653168312343105,59,5.130434782608695,23.10741192602421,36.0530277328991,23.10741192602421,bike_cleaned.geojson,2008-11-28 04:34:39,2008-11-28 04:46:37,718.0,bike,286,13,4.545454545454546,10,12,6.94,"
Trip Summary:
- Start: 2008-11-28 04:34:39 at 紫光大厦, 一号院10号楼, 中关村东路, 东升镇, 海淀区, 北京市, 100084, 中国
- End: 2008-11-28 04:46:37 at 希格玛大厦, 知春路, 中关村街道, 海淀区, 北京市, 100098, 中国
- Duration: 0 days 00:11:58
- Distance: 2.60 km
- Average Speed: 12.34 km/h
- Average Bearing Change: 23.11°
- Max Speed: 24.98 km/h
- Min Speed: 0.37 km/h
- Speed Variability: 7.27 km/h
- Average Acceleration: -0.01 m/s²
- Max Acceleration: 1.63 m/s²
- Number of Turns: 59
- Turn Rate: 5.13 turns/min
- Average Turn Angle: 23.11°
- Turn Angle Variability: 36.05°
- Transport Mode: bike
    "
4.090055482215868,19.12546399340822,2.4000597375357833,1.988178625615191,15.609873184646055,0.003336656731945047,0.20453705435001898,0.04591889880682133,13,0.7722772277227723,12.21705153008657,20.778788553404787,12.21705153008657,bike_cleaned.geojson,2008-08-20 17:30:47,2008-08-20 17:48:02,1035.0,bike,161,6,3.7267080745341614,4,5,6.94,"
Trip Summary:
- Start: 2008-08-20 17:30:47 at 希格玛大厦, 知春路, 中关村街道, 海淀区, 北京市, 100098, 中国
- End: 2008-08-20 17:48:02 at 清华大学, 30, 双清路, 东升镇, 海淀区, 北京市, 100084, 中国
- Duration: 0 days 00:17:15
- Distance: 4.09 km
- Average Speed: 15.61 km/h
- Average Bearing Change: 12.22°
- Max Speed: 19.13 km/h
- Min Speed: 2.40 km/h
- Speed Variability: 1.99 km/h
- Average Acceleration: 0.00 m/s²
- Max Acceleration: 0.20 m/s²
- Number of Turns: 13
- Turn Rate: 0.77 turns/min
- Average Turn Angle: 12.22°
- Turn Angle Variability: 20.78°
- Transport Mode: bike
    "
2.9691127828209245,19.845890640396288,0.15369547459020774,5.148557516102812,10.148937759069137,0.0031183283303753647,0.9397976337635234,0.1812764407490181,62,3.5094339622641506,19.49870526950814,31.742586486006545,19.49870526950814,bike_cleaned.geojson,2008-10-14 10:13:28,2008-10-14 10:31:18,1070.0,bike,456,6,1.3157894736842104,15,5,6.94,"
Trip Summary:
- Start: 2008-10-14 10:13:28 at 财智国际大厦, 18, 中关村东路, 清华园, 中关村街道, 海淀区, 北京市, 100190, 中国
- End: 2008-10-14 10:31:18 at 清华大学, 30, 双清路, 东升镇, 海淀区, 北京市, 100084, 中国
- Duration: 0 days 00:17:50
- Distance: 2.97 km
- Average Speed: 10.15 km/h
- Average Bearing Change: 19.50°
- Max Speed: 19.85 km/h
- Min Speed: 0.15 km/h
- Speed Variability: 5.15 km/h
- Average Acceleration: 0.00 m/s²
- Max Acceleration: 0.94 m/s²
- Number of Turns: 62
- Turn Rate: 3.51 turns/min
- Average Turn Angle: 19.50°
- Turn Angle Variability: 31.74°
- Transport Mode: bike
    "
0.033405879856592956,6.789590357226736,4.192295845413849,0.9091106717922857,5.943992452105604,-0.04242285068978802,0.05845016974019568,0.08170978389418479,0,0.0,7.1446034792455935,6.363859408662499,7.1446034792455935,bus_cleaned.geojson,2008-10-19 08:35:10,2008-10-19 08:35:26,16.0,bus,9,1,11.11111111111111,0,0,11.11,"
Trip Summary:
- Start: 2008-10-19 08:35:10 at 中关村东路, 清华园, 中关村街道, 海淀区, 北京市, 100190, 中国
- End: 2008-10-19 08:35:26 at 中关村东路天桥, 中关村街道, 海淀区, 北京市, 100190, 中国
- Duration: 0 days 00:00:16
- Distance: 0.03 km
- Average Speed: 5.94 km/h
- Average Bearing Change: 7.14°
- Max Speed: 6.79 km/h
- Min Speed: 4.19 km/h
- Speed Variability: 0.91 km/h
- Average Acceleration: -0.04 m/s²
- Max Acceleration: 0.06 m/s²
- Number of Turns: 0
- Turn Rate: 0.00 turns/min
- Average Turn Angle: 7.14°
- Turn Angle Variability: 6.36°
- Transport Mode: bus
    "
0.15411293402819984,7.847985588188546,1.3981120645558593,2.093497052748991,5.076684056890422,0.0005048444652610474,0.5751653694985281,0.1288913714889755,6,4.615384615384615,19.406325482883872,22.1273735791963,19.406325482883872,walk_cleaned.geojson,2008-10-19 08:35:32,2008-10-19 08:36:52,80.0,walk,36,2,5.555555555555555,4,1,2.78,"
Trip Summary:
- Start: 2008-10-19 08:35:32 at 中关村东路天桥, 中关村街道, 海淀区, 北京市, 100190, 中国
- End: 2008-10-19 08:36:52 at 中关村南四街, 知春东里社区, 中关村街道, 海淀区, 北京市, 100098, 中国
- Duration: 0 days 00:01:20
- Distance: 0.15 km
- Average Speed: 5.08 km/h
- Average Bearing Change: 19.41°
- Max Speed: 7.85 km/h
- Min Speed: 1.40 km/h
- Speed Variability: 2.09 km/h
- Average Acceleration: 0.00 m/s²
- Max Acceleration: 0.58 m/s²
- Number of Turns: 6
- Turn Rate: 4.62 turns/min
- Average Turn Angle: 19.41°
- Turn Angle Variability: 22.13°
- Transport Mode: walk
    "
3.9184254391808553,24.623241130311985,2.0561721221205826,3.387560983995792,15.551914672477318,0.007542290283545942,2.3937681089622727,0.4001231322402455,17,0.9479553903345724,7.6431978657350745,9.417079049439003,7.6431978657350745,bike_cleaned.geojson,2008-05-29 01:29:32,2008-05-29 01:47:47,1095.0,bike,766,18,2.3498694516971277,23,17,6.94,"
Trip Summary:
- Start: 2008-05-29 01:29:32 at 祖龙广场, 清华园街道, 西洼村, 海淀区, 北京市, 100084, 中国
- End: 2008-05-29 01:47:47 at 中关村街道, 海淀区, 北京市, 100098, 中国
- Duration: 0 days 00:18:15
- Distance: 3.92 km
- Average Speed: 15.55 km/h
- Average Bearing Change: 7.64°
- Max Speed: 24.62 km/h
- Min Speed: 2.06 km/h
- Speed Variability: 3.39 km/h
- Average Acceleration: 0.01 m/s²
- Max Acceleration: 2.39 m/s²
- Number of Turns: 17
- Turn Rate: 0.95 turns/min
- Average Turn Angle: 7.64°
- Turn Angle Variability: 9.42°
- Transport Mode: bike
    "
8.336375739674216,39.996,0.0,14.625730346378193,21.054195639690633,-0.011846019697464042,1.2182307571406759,0.2916946941947296,107,4.415405777166438,18.523836478197314,33.78346263048278,18.523836478197314,bus_cleaned.geojson,2008-10-02 11:18:08,2008-10-02 11:42:38,1470.0,bus,648,9,1.3888888888888888,51,8,11.11,"
Trip Summary:
- Start: 2008-10-02 11:18:08 at 北京银行, 北三环东路, 和平街街道, 朝阳区, 北京市, 100029, 中国
- End: 2008-10-02 11:42:38 at 知春路, 中关村街道, 海淀区, 北京市, 100098, 中国
- Duration: 0 days 00:24:30
- Distance: 8.34 km
- Average Speed: 21.05 km/h
- Average Bearing Change: 18.52°
- Max Speed: 40.00 km/h
- Min Speed: 0.00 km/h
- Speed Variability: 14.63 km/h
- Average Acceleration: -0.01 m/s²
- Max Acceleration: 1.22 m/s²
- Number of Turns: 107
- Turn Rate: 4.42 turns/min
- Average Turn Angle: 18.52°
- Turn Angle Variability: 33.78°
- Transport Mode: bus
    "
0.8261508069649098,5.704678555396084,0.02602295072236382,2.063748624500941,1.8452289084317797,0.00329097972375701,0.640261004478425,0.07754832586819997,91,6.10738255033557,30.189144061959233,41.57072065639352,30.189144061959233,walk_cleaned.geojson,2008-10-02 08:37:12,2008-10-02 08:52:34,922.0,walk,311,13,4.180064308681672,18,12,2.78,"
Trip Summary:
- Start: 2008-10-02 08:37:12 at 京客隆, 樱花园南街, 樱花园小区, 和平街街道, 朝阳区, 北京市, 100029, 中国
- End: 2008-10-02 08:52:34 at 樱花园西街, 和平街街道, 朝阳区, 北京市, 100029, 中国
- Duration: 0 days 00:15:22
- Distance: 0.83 km
- Average Speed: 1.85 km/h
- Average Bearing Change: 30.19°
- Max Speed: 5.70 km/h
- Min Speed: 0.03 km/h
- Speed Variability: 2.06 km/h
- Average Acceleration: 0.00 m/s²
- Max Acceleration: 0.64 m/s²
- Number of Turns: 91
- Turn Rate: 6.11 turns/min
- Average Turn Angle: 30.19°
- Turn Angle Variability: 41.57°
- Transport Mode: walk
    "
3.8230065218840763,18.239977572324825,6.397432906612553,2.4525674250108147,13.621516247910503,-0.0038618418545023113,0.5388538849715874,0.10754505830243434,16,0.8727272727272728,8.955639051554042,10.308533900978725,8.955639051554042,bike_cleaned.geojson,2008-05-12 01:47:38,2008-05-12 02:06:16,1118.0,bike,430,9,2.0930232558139537,12,8,6.94,"
Trip Summary:
- Start: 2008-05-12 01:47:38 at 清华大学研究生共青园, 祖龙广场, 清华园街道, 西洼村, 海淀区, 北京市, 100084, 中国
- End: 2008-05-12 02:06:16 at 中关村街道, 海淀区, 北京市, 100098, 中国
- Duration: 0 days 00:18:38
- Distance: 3.82 km
- Average Speed: 13.62 km/h
- Average Bearing Change: 8.96°
- Max Speed: 18.24 km/h
- Min Speed: 6.40 km/h
- Speed Variability: 2.45 km/h
- Average Acceleration: -0.00 m/s²
- Max Acceleration: 0.54 m/s²
- Number of Turns: 16
- Turn Rate: 0.87 turns/min
- Average Turn Angle: 8.96°
- Turn Angle Variability: 10.31°
- Transport Mode: bike
    "
12.76442659339959,9.467084640448903,0.0,2.479219559561779,4.0591028953599615,-0.004370691089793819,0.396069657782798,0.09009892353755267,36,0.8368849283223557,29.135056443148915,36.44763085259243,29.135056443148915,walk_cleaned.geojson,2009-09-27 11:32:25,2009-09-27 12:14:35,2530.0,walk,137,8,5.839416058394161,1,7,2.78,"
Trip Summary:
- Start: 2009-09-27 11:32:25 at 迎夏街, 中关村街道, 海淀区, 北京市, 100098, 中国
- End: 2009-09-27 12:14:35 at 太平庄中街, 天通苑南街道, 中滩村, 昌平区, 北京市, 102218, 中国
- Duration: 0 days 00:42:10
- Distance: 12.76 km
- Average Speed: 4.06 km/h
- Average Bearing Change: 29.14°
- Max Speed: 9.47 km/h
- Min Speed: 0.00 km/h
- Speed Variability: 2.48 km/h
- Average Acceleration: -0.00 m/s²
- Max Acceleration: 0.40 m/s²
- Number of Turns: 36
- Turn Rate: 0.84 turns/min
- Average Turn Angle: 29.14°
- Turn Angle Variability: 36.45°
- Transport Mode: walk
    "
1.2958704786844515,10.008,0.2521595465917562,2.1598022135109702,3.685002911986163,0.0024172978168790892,0.43962372277733447,0.09176332604796107,129,5.691176470588235,31.743155047146043,36.12859489283315,31.743155047146043,walk_cleaned.geojson,2008-10-26 13:47:43,2008-10-26 14:14:19,1596.0,walk,403,11,2.729528535980149,19,10,2.78,"
Trip Summary:
- Start: 2008-10-26 13:47:43 at 中关村街道, 海淀区, 北京市, 100098, 中国
- End: 2008-10-26 14:14:19 at 中关村南三条, 中关村街道, 海淀区, 北京市, 100190, 中国
- Duration: 0 days 00:26:36
- Distance: 1.30 km
- Average Speed: 3.69 km/h
- Average Bearing Change: 31.74°
- Max Speed: 10.01 km/h
- Min Speed: 0.25 km/h
- Speed Variability: 2.16 km/h
- Average Acceleration: 0.00 m/s²
- Max Acceleration: 0.44 m/s²
- Number of Turns: 129
- Turn Rate: 5.69 turns/min
- Average Turn Angle: 31.74°
- Turn Angle Variability: 36.13°
- Transport Mode: walk
    "
10.911123078901538,7.16712913195566,0.18879671727949857,2.2975650664735934,3.531276818911786,0.004941404022525933,0.09082429741889753,0.03575121410017045,28,0.7433628318584071,39.64103502349041,39.15258933274178,39.64103502349041,walk_cleaned.geojson,2009-09-10 01:10:50,2009-09-10 01:48:57,2287.0,walk,71,6,8.450704225352112,0,5,2.78,"
Trip Summary:
- Start: 2009-09-10 01:10:50 at 祥和珠宝古玩城, 来广营乡, 朝阳区, 北京市, 102218, 中国
- End: 2009-09-10 01:48:57 at 希格玛大厦, 知春路, 中关村街道, 海淀区, 北京市, 100098, 中国
- Duration: 0 days 00:38:07
- Distance: 10.91 km
- Average Speed: 3.53 km/h
- Average Bearing Change: 39.64°
- Max Speed: 7.17 km/h
- Min Speed: 0.19 km/h
- Speed Variability: 2.30 km/h
- Average Acceleration: 0.00 m/s²
- Max Acceleration: 0.09 m/s²
- Number of Turns: 28
- Turn Rate: 0.74 turns/min
- Average Turn Angle: 39.64°
- Turn Angle Variability: 39.15°
- Transport Mode: walk
    "
1.8638602225320886,15.81104383494002,4.9358014302049105,2.0886030911633187,11.48233411704907,-0.0033519336090363414,0.17683747203442168,0.07189509632985683,12,1.263157894736842,13.814473581356284,13.239097379883509,13.814473581356284,bike_cleaned.geojson,2008-09-04 13:11:59,2008-09-04 13:21:29,570.0,bike,110,1,0.9090909090909091,3,0,6.94,"
Trip Summary:
- Start: 2008-09-04 13:11:59 at 海淀医院, 海淀南路, 中关村核心区, 海淀街道, 六郎庄村, 海淀区, 北京市, 100872, 中国
- End: 2008-09-04 13:21:29 at 中关村街道, 海淀区, 北京市, 100098, 中国
- Duration: 0 days 00:09:30
- Distance: 1.86 km
- Average Speed: 11.48 km/h
- Average Bearing Change: 13.81°
- Max Speed: 15.81 km/h
- Min Speed: 4.94 km/h
- Speed Variability: 2.09 km/h
- Average Acceleration: -0.00 m/s²
- Max Acceleration: 0.18 m/s²
- Number of Turns: 12
- Turn Rate: 1.26 turns/min
- Average Turn Angle: 13.81°
- Turn Angle Variability: 13.24°
- Transport Mode: bike
    "
0.9410001721172332,6.9354811188077,0.0,1.652685302005566,3.0804001005508423,0.0014474465518955588,0.20586542169620853,0.048323031116135395,69,4.870588235294118,43.62908278590949,43.20439587481137,43.62908278590949,walk_cleaned.geojson,2008-09-04 12:57:14,2008-09-04 13:11:42,868.0,walk,148,5,3.3783783783783785,5,4,2.78,"
Trip Summary:
- Start: 2008-09-04 12:57:14 at 中关村地下环廊, 中关村核心区, 海淀街道, 海淀区, 北京市, 100080, 中国
- End: 2008-09-04 13:11:42 at 中国建设银行, 榆树林路, 中关村核心区, 海淀街道, 海淀区, 北京市, 100872, 中国
- Duration: 0 days 00:14:28
- Distance: 0.94 km
- Average Speed: 3.08 km/h
- Average Bearing Change: 43.63°
- Max Speed: 6.94 km/h
- Min Speed: 0.00 km/h
- Speed Variability: 1.65 km/h
- Average Acceleration: 0.00 m/s²
- Max Acceleration: 0.21 m/s²
- Number of Turns: 69
- Turn Rate: 4.87 turns/min
- Average Turn Angle: 43.63°
- Turn Angle Variability: 43.20°
- Transport Mode: walk
    "
4.142356372980171,23.91475230002296,4.65486547901692,2.897709524904207,14.138914180013069,-0.0030158907836007965,1.947569182906589,0.34327091066859294,44,2.323943661971831,9.729821398591058,12.368613541623096,9.729821398591058,bike_cleaned.geojson,2008-06-11 03:48:02,2008-06-11 04:07:13,1151.0,bike,936,16,1.7094017094017095,30,15,6.94,"
Trip Summary:
- Start: 2008-06-11 03:48:02 at 清华大学, 30, 双清路, 东升镇, 海淀区, 北京市, 100084, 中国
- End: 2008-06-11 04:07:13 at 星规路, 知春东里社区, 中关村街道, 海淀区, 北京市, 100098, 中国
- Duration: 0 days 00:19:11
- Distance: 4.14 km
- Average Speed: 14.14 km/h
- Average Bearing Change: 9.73°
- Max Speed: 23.91 km/h
- Min Speed: 4.65 km/h
- Speed Variability: 2.90 km/h
- Average Acceleration: -0.00 m/s²
- Max Acceleration: 1.95 m/s²
- Number of Turns: 44
- Turn Rate: 2.32 turns/min
- Average Turn Angle: 9.73°
- Turn Angle Variability: 12.37°
- Transport Mode: bike
    "
4.304811848771624,22.36163488459256,3.5756989347321806,3.6915417321737514,15.38684112841253,-0.009191199821696187,0.7811414837511877,0.18863449901468823,33,1.7710196779964222,11.163410509956462,18.432438008826747,11.163410509956462,bike_cleaned.geojson,2008-05-10 05:30:17,2008-05-10 05:49:02,1125.0,bike,467,5,1.070663811563169,12,4,6.94,"
Trip Summary:
- Start: 2008-05-10 05:30:17 at 清华大学, 30, 双清路, 东升镇, 海淀区, 北京市, 100084, 中国
- End: 2008-05-10 05:49:02 at 中关村街道, 海淀区, 北京市, 100098, 中国
- Duration: 0 days 00:18:45
- Distance: 4.30 km
- Average Speed: 15.39 km/h
- Average Bearing Change: 11.16°
- Max Speed: 22.36 km/h
- Min Speed: 3.58 km/h
- Speed Variability: 3.69 km/h
- Average Acceleration: -0.01 m/s²
- Max Acceleration: 0.78 m/s²
- Number of Turns: 33
- Turn Rate: 1.77 turns/min
- Average Turn Angle: 11.16°
- Turn Angle Variability: 18.43°
- Transport Mode: bike
    "
4.035127116768473,7.868562676101623,0.19986153438339238,1.9710549096498649,2.512051696032623,-0.005375865263500495,0.6988952288091428,0.12961994010721367,69,2.3958333333333335,44.35296034996347,52.07206702111176,44.35296034996347,walk_cleaned.geojson,2008-05-10 05:29:11,2008-05-10 05:58:35,1764.0,walk,177,10,5.649717514124294,7,9,2.78,"
Trip Summary:
- Start: 2008-05-10 05:29:11 at 清华大学, 30, 双清路, 东升镇, 海淀区, 北京市, 100084, 中国
- End: 2008-05-10 05:58:35 at 希格玛大厦, 知春路, 中关村街道, 海淀区, 北京市, 100098, 中国
- Duration: 0 days 00:29:24
- Distance: 4.04 km
- Average Speed: 2.51 km/h
- Average Bearing Change: 44.35°
- Max Speed: 7.87 km/h
- Min Speed: 0.20 km/h
- Speed Variability: 1.97 km/h
- Average Acceleration: -0.01 m/s²
- Max Acceleration: 0.70 m/s²
- Number of Turns: 69
- Turn Rate: 2.40 turns/min
- Average Turn Angle: 44.35°
- Turn Angle Variability: 52.07°
- Transport Mode: walk
    "
4.880248623727712,21.478199851396784,0.41967478858326906,4.333330947408303,15.382391018771923,0.005853209080911274,1.38541602585703,0.13370786857633615,28,1.2095032397408207,9.193344204280912,16.852022936423765,9.193344204280912,bike_cleaned.geojson,2008-05-08 01:39:28,2008-05-08 02:02:39,1391.0,bike,546,2,0.3663003663003663,11,1,6.94,"
Trip Summary:
- Start: 2008-05-08 01:39:28 at 桃李园餐厅, 紫荆路, 清华园街道, 西洼村, 海淀区, 北京市, 100084, 中国
- End: 2008-05-08 02:02:39 at 希格玛大厦, 知春路, 中关村街道, 海淀区, 北京市, 100098, 中国
- Duration: 0 days 00:23:11
- Distance: 4.88 km
- Average Speed: 15.38 km/h
- Average Bearing Change: 9.19°
- Max Speed: 21.48 km/h
- Min Speed: 0.42 km/h
- Speed Variability: 4.33 km/h
- Average Acceleration: 0.01 m/s²
- Max Acceleration: 1.39 m/s²
- Number of Turns: 28
- Turn Rate: 1.21 turns/min
- Average Turn Angle: 9.19°
- Turn Angle Variability: 16.85°
- Transport Mode: bike
    "
4.611318756613588,20.136931032246334,3.4700963125759143,2.288797041474833,14.405749907010131,-0.0062762182837726496,0.8005950498089629,0.11352343855653868,29,1.1828687967369138,9.7886143197638,11.975731512682858,9.7886143197638,bike_cleaned.geojson,2008-05-13 03:13:16,2008-05-13 03:38:01,1485.0,bike,536,8,1.4925373134328357,10,7,6.94,"
Trip Summary:
- Start: 2008-05-13 03:13:16 at 桃李园餐厅, 紫荆路, 清华园街道, 西洼村, 海淀区, 北京市, 100084, 中国
- End: 2008-05-13 03:38:01 at 中关村街道, 海淀区, 北京市, 100098, 中国
- Duration: 0 days 00:24:45
- Distance: 4.61 km
- Average Speed: 14.41 km/h
- Average Bearing Change: 9.79°
- Max Speed: 20.14 km/h
- Min Speed: 3.47 km/h
- Speed Variability: 2.29 km/h
- Average Acceleration: -0.01 m/s²
- Max Acceleration: 0.80 m/s²
- Number of Turns: 29
- Turn Rate: 1.18 turns/min
- Average Turn Angle: 9.79°
- Turn Angle Variability: 11.98°
- Transport Mode: bike
    "
0.13397118929152402,9.248553743764264,0.0075621313219184005,2.4515354267754255,3.1297790522150986,-0.0017949940759681645,0.3478247144231287,0.15171661881091808,27,1.2695924764890283,41.03769140874952,41.59970344428662,41.03769140874952,walk_cleaned.geojson,2008-05-13 03:38:11,2008-05-13 03:40:12,121.0,walk,61,3,4.918032786885246,4,2,2.78,"
Trip Summary:
- Start: 2008-05-13 03:38:11 at 中关村街道, 海淀区, 北京市, 100098, 中国
- End: 2008-05-13 03:40:12 at 希格玛大厦, 知春路, 中关村街道, 海淀区, 北京市, 100098, 中国
- Duration: 0 days 00:02:01
- Distance: 0.13 km
- Average Speed: 3.13 km/h
- Average Bearing Change: 41.04°
- Max Speed: 9.25 km/h
- Min Speed: 0.01 km/h
- Speed Variability: 2.45 km/h
- Average Acceleration: -0.00 m/s²
- Max Acceleration: 0.35 m/s²
- Number of Turns: 27
- Turn Rate: 1.27 turns/min
- Average Turn Angle: 41.04°
- Turn Angle Variability: 41.60°
- Transport Mode: walk
    "
8.271944935552543,39.996,0.10088945671854653,11.196312579014586,13.530459052971477,0.03058969065770465,2.56368070756208,0.3570680976408214,98,3.0153846153846153,31.479738820123956,47.89758877295587,31.479738820123956,bus_cleaned.geojson,2008-10-29 23:53:59,2008-10-30 00:26:54,1975.0,bus,389,6,1.5424164524421593,16,5,11.11,"
Trip Summary:
- Start: 2008-10-29 23:53:59 at 北四环东路, 小关街道, 朝阳区, 北京市, 100012, 中国
- End: 2008-10-30 00:26:54 at 工人体育场北路, 东直门街道, 首都功能核心区, 东城区, 北京市, 100010, 中国
- Duration: 0 days 00:32:55
- Distance: 8.27 km
- Average Speed: 13.53 km/h
- Average Bearing Change: 31.48°
- Max Speed: 40.00 km/h
- Min Speed: 0.10 km/h
- Speed Variability: 11.20 km/h
- Average Acceleration: 0.03 m/s²
- Max Acceleration: 2.56 m/s²
- Number of Turns: 98
- Turn Rate: 3.02 turns/min
- Average Turn Angle: 31.48°
- Turn Angle Variability: 47.90°
- Transport Mode: bus
    "
15.095300520261596,50.004000000000005,0.0,18.457208439589554,29.78666187013546,0.014875663486583533,2.046110850023533,0.24719841862883934,58,2.0652818991097925,18.71795950081475,35.65475771880494,18.71795950081475,car_cleaned.geojson,2008-10-30 03:33:45,2008-10-30 04:01:48,1683.0,car,342,1,0.29239766081871343,97,0,13.89,"
Trip Summary:
- Start: 2008-10-30 03:33:45 at 文慧桥北, 西直门北大街, 北太平庄街道, 海淀区, 北京市, 100082, 中国
- End: 2008-10-30 04:01:48 at 1, 新中街, 东直门, 东直门街道, 首都功能核心区, 东城区, 北京市, 100010, 中国
- Duration: 0 days 00:28:03
- Distance: 15.10 km
- Average Speed: 29.79 km/h
- Average Bearing Change: 18.72°
- Max Speed: 50.00 km/h
- Min Speed: 0.00 km/h
- Speed Variability: 18.46 km/h
- Average Acceleration: 0.01 m/s²
- Max Acceleration: 2.05 m/s²
- Number of Turns: 58
- Turn Rate: 2.07 turns/min
- Average Turn Angle: 18.72°
- Turn Angle Variability: 35.65°
- Transport Mode: car
    "
7.550318286937351,6.4145611147454975,0.517644055466446,1.7939624012432835,4.013628859257254,0.0008555363544657323,0.09617389475654403,0.05276617787009273,20,0.64,43.58271886214736,40.72736103368243,43.58271886214736,walk_cleaned.geojson,2008-10-30 03:33:00,2008-10-30 04:04:25,1885.0,walk,37,2,5.405405405405405,1,1,2.78,"
Trip Summary:
- Start: 2008-10-30 03:33:00 at 枫蓝国际中心, 32号, 西直门北大街, 北太平庄街道, 海淀区, 北京市, 100082, 中国
- End: 2008-10-30 04:04:25 at 巫山烤全鱼, 东中街, 东直门, 东直门街道, 首都功能核心区, 东城区, 北京市, 100010, 中国
- Duration: 0 days 00:31:25
- Distance: 7.55 km
- Average Speed: 4.01 km/h
- Average Bearing Change: 43.58°
- Max Speed: 6.41 km/h
- Min Speed: 0.52 km/h
- Speed Variability: 1.79 km/h
- Average Acceleration: 0.00 m/s²
- Max Acceleration: 0.10 m/s²
- Number of Turns: 20
- Turn Rate: 0.64 turns/min
- Average Turn Angle: 43.58°
- Turn Angle Variability: 40.73°
- Transport Mode: walk
    "
2.5401711636539344,20.057370813622985,7.659571890748986,4.480570536510667,14.293309072681136,-0.0004796204868930192,0.04008245442025182,0.028440010955796517,3,0.2931596091205212,17.89731546646841,22.13152079679584,17.89731546646841,bike_cleaned.geojson,2008-04-03 16:32:15,2008-04-03 16:41:34,559.0,bike,17,1,5.88235294117647,4,0,6.94,"
Trip Summary:
- Start: 2008-04-03 16:32:15 at 世纪科贸大厦B座, 66号, 中关村东路, 知春东里社区, 中关村街道, 海淀区, 北京市, 100190, 中国
- End: 2008-04-03 16:41:34 at 30, 双清路, 东升镇, 海淀区, 北京市, 100084, 中国
- Duration: 0 days 00:09:19
- Distance: 2.54 km
- Average Speed: 14.29 km/h
- Average Bearing Change: 17.90°
- Max Speed: 20.06 km/h
- Min Speed: 7.66 km/h
- Speed Variability: 4.48 km/h
- Average Acceleration: -0.00 m/s²
- Max Acceleration: 0.04 m/s²
- Number of Turns: 3
- Turn Rate: 0.29 turns/min
- Average Turn Angle: 17.90°
- Turn Angle Variability: 22.13°
- Transport Mode: bike
    "
1.407004526012523,24.984,4.070490116074709,4.790486991456448,15.765965441463242,-0.007198852978461229,1.322532443690718,0.336045233704126,14,2.8571428571428568,13.918819332810353,15.797599289096988,13.918819332810353,bike_cleaned.geojson,2008-12-11 07:30:00,2008-12-11 07:35:00,300.0,bike,135,4,2.9629629629629632,8,3,6.94,"
Trip Summary:
- Start: 2008-12-11 07:30:00 at 保福寺桥, 中关村东路, 清华园, 中关村街道, 海淀区, 北京市, 100190, 中国
- End: 2008-12-11 07:35:00 at 希格玛大厦, 知春路, 中关村街道, 海淀区, 北京市, 100098, 中国
- Duration: 0 days 00:05:00
- Distance: 1.41 km
- Average Speed: 15.77 km/h
- Average Bearing Change: 13.92°
- Max Speed: 24.98 km/h
- Min Speed: 4.07 km/h
- Speed Variability: 4.79 km/h
- Average Acceleration: -0.01 m/s²
- Max Acceleration: 1.32 m/s²
- Number of Turns: 14
- Turn Rate: 2.86 turns/min
- Average Turn Angle: 13.92°
- Turn Angle Variability: 15.80°
- Transport Mode: bike
    "
3.185478256366672,50.004000000000005,0.30752882320694364,14.8134488815218,20.74681591022936,0.05068077113774647,4.357623268087746,0.5875655421955837,63,5.331452750352609,14.412690297769135,26.972990253156254,14.412690297769135,taxi_cleaned.geojson,2008-06-25 04:48:18,2008-06-25 05:00:10,712.0,taxi,485,4,0.8247422680412372,26,3,13.89,"
Trip Summary:
- Start: 2008-06-25 04:48:18 at 2nd Place, 1602c, 成府路, 清华园, 中关村街道, 海淀区, 北京市, 100190, 中国
- End: 2008-06-25 05:00:10 at 希格玛大厦, 知春路, 中关村街道, 海淀区, 北京市, 100098, 中国
- Duration: 0 days 00:11:52
- Distance: 3.19 km
- Average Speed: 20.75 km/h
- Average Bearing Change: 14.41°
- Max Speed: 50.00 km/h
- Min Speed: 0.31 km/h
- Speed Variability: 14.81 km/h
- Average Acceleration: 0.05 m/s²
- Max Acceleration: 4.36 m/s²
- Number of Turns: 63
- Turn Rate: 5.33 turns/min
- Average Turn Angle: 14.41°
- Turn Angle Variability: 26.97°
- Transport Mode: taxi
    "
0.05609291605833532,10.008,1.3820328471310435,2.5057461445108267,5.2339812156034276,0.0234323989112218,0.9715874465466858,0.29839304406968353,14,21.538461538461537,36.965287370875295,29.066400662289194,36.965287370875295,walk_cleaned.geojson,2008-06-25 04:47:39,2008-06-25 04:48:15,36.0,walk,31,1,3.225806451612903,4,0,2.78,"
Trip Summary:
- Start: 2008-06-25 04:47:39 at 成府路, 东升镇, 海淀区, 北京市, 100190, 中国
- End: 2008-06-25 04:48:15 at 2nd Place, 1602c, 成府路, 清华园, 中关村街道, 海淀区, 北京市, 100190, 中国
- Duration: 0 days 00:00:36
- Distance: 0.06 km
- Average Speed: 5.23 km/h
- Average Bearing Change: 36.97°
- Max Speed: 10.01 km/h
- Min Speed: 1.38 km/h
- Speed Variability: 2.51 km/h
- Average Acceleration: 0.02 m/s²
- Max Acceleration: 0.97 m/s²
- Number of Turns: 14
- Turn Rate: 21.54 turns/min
- Average Turn Angle: 36.97°
- Turn Angle Variability: 29.07°
- Transport Mode: walk
    "
14.024575192090712,50.004000000000005,0.4068678538947152,18.830001759588235,36.41851119346868,0.017497891968929234,1.4982802358844542,0.1984184258635231,28,1.382716049382716,13.141805579021682,29.728092614213747,13.141805579021682,taxi_cleaned.geojson,2011-12-31 14:56:12,2011-12-31 15:16:42,1230.0,taxi,236,4,1.694915254237288,115,3,13.89,"
Trip Summary:
- Start: 2011-12-31 14:56:12 at 首都机场高速公路联络线, 左家庄街道, 牛王庙村, 朝阳区, 北京市, 100016, 中国
- End: 2011-12-31 15:16:42 at 荷清路, 学院路街道, 东升镇, 海淀区, 北京市, 100190, 中国
- Duration: 0 days 00:20:30
- Distance: 14.02 km
- Average Speed: 36.42 km/h
- Average Bearing Change: 13.14°
- Max Speed: 50.00 km/h
- Min Speed: 0.41 km/h
- Speed Variability: 18.83 km/h
- Average Acceleration: 0.02 m/s²
- Max Acceleration: 1.50 m/s²
- Number of Turns: 28
- Turn Rate: 1.38 turns/min
- Average Turn Angle: 13.14°
- Turn Angle Variability: 29.73°
- Transport Mode: taxi
    "
10.661346222491408,2.316497494628545,0.28551052291339785,0.7914532550015747,0.9191264378879112,0.0025032768093298336,0.03635218197351348,0.011052617809249857,9,0.4038893044128646,83.84635733157667,61.182104779299905,83.84635733157667,walk_cleaned.geojson,2011-12-31 14:55:32,2011-12-31 15:17:52,1340.0,walk,17,2,11.76470588235294,0,1,2.78,"
Trip Summary:
- Start: 2011-12-31 14:55:32 at 首都机场高速公路联络线, 左家庄街道, 牛王庙村, 朝阳区, 北京市, 100016, 中国
- End: 2011-12-31 15:17:52 at 成府路, 东升镇, 海淀区, 北京市, 100190, 中国
- Duration: 0 days 00:22:20
- Distance: 10.66 km
- Average Speed: 0.92 km/h
- Average Bearing Change: 83.85°
- Max Speed: 2.32 km/h
- Min Speed: 0.29 km/h
- Speed Variability: 0.79 km/h
- Average Acceleration: 0.00 m/s²
- Max Acceleration: 0.04 m/s²
- Number of Turns: 9
- Turn Rate: 0.40 turns/min
- Average Turn Angle: 83.85°
- Turn Angle Variability: 61.18°
- Transport Mode: walk
    "
13.165345859592788,39.996,0.2521520006582087,12.870110009551428,19.005497609954894,0.005454323216301317,3.153852121363544,0.40528592423542403,167,3.90795631825273,17.07325373405538,28.772700710403214,17.07325373405538,bus_cleaned.geojson,2008-09-17 22:52:14,2008-09-17 23:35:28,2594.0,bus,1103,15,1.3599274705349047,55,14,11.11,"
Trip Summary:
- Start: 2008-09-17 22:52:14 at 北京航空航天大学(学院路校区), 37, 学院路, 花园路街道, 海淀区, 北京市, 100083, 中国
- End: 2008-09-17 23:35:28 at 海运仓, 东直门南小街, 北新桥街道, 首都功能核心区, 东城区, 北京市, 100010, 中国
- Duration: 0 days 00:43:14
- Distance: 13.17 km
- Average Speed: 19.01 km/h
- Average Bearing Change: 17.07°
- Max Speed: 40.00 km/h
- Min Speed: 0.25 km/h
- Speed Variability: 12.87 km/h
- Average Acceleration: 0.01 m/s²
- Max Acceleration: 3.15 m/s²
- Number of Turns: 167
- Turn Rate: 3.91 turns/min
- Average Turn Angle: 17.07°
- Turn Angle Variability: 28.77°
- Transport Mode: bus
    "
1.1524035818987484,10.008,0.1538542459098846,2.101815899059711,3.1826678379071436,0.0018287556069744922,1.1295125127127488,0.12724098882370494,178,8.12785388127854,41.06417472837824,42.16090567364749,41.06417472837824,walk_cleaned.geojson,2008-09-18 01:01:25,2008-09-18 01:23:41,1336.0,walk,403,12,2.977667493796526,10,11,2.78,"
Trip Summary:
- Start: 2008-09-18 01:01:25 at 海运仓胡同, 中汇广场, 北新桥街道, 首都功能核心区, 东城区, 北京市, 100010, 中国
- End: 2008-09-18 01:23:41 at 东直门医院, 东直门南小街, 北新桥街道, 首都功能核心区, 东城区, 北京市, 100010, 中国
- Duration: 0 days 00:22:16
- Distance: 1.15 km
- Average Speed: 3.18 km/h
- Average Bearing Change: 41.06°
- Max Speed: 10.01 km/h
- Min Speed: 0.15 km/h
- Speed Variability: 2.10 km/h
- Average Acceleration: 0.00 m/s²
- Max Acceleration: 1.13 m/s²
- Number of Turns: 178
- Turn Rate: 8.13 turns/min
- Average Turn Angle: 41.06°
- Turn Angle Variability: 42.16°
- Transport Mode: walk
    "
2.6707245571980036,18.361811060895345,4.758787835111001,3.392251822016599,14.250388542774894,0.0014086650591580271,0.0666889305319771,0.02650475028604735,3,0.26200873362445415,15.050241435996233,20.84453423536436,15.050241435996233,bike_cleaned.geojson,2008-03-10 17:14:24,2008-03-10 17:24:42,618.0,bike,17,1,5.88235294117647,2,0,6.94,"
Trip Summary:
- Start: 2008-03-10 17:14:24 at 世纪科贸大厦B座, 66号, 中关村东路, 知春东里社区, 中关村街道, 海淀区, 北京市, 100190, 中国
- End: 2008-03-10 17:24:42 at 清华大学, 30, 双清路, 东升镇, 海淀区, 北京市, 100084, 中国
- Duration: 0 days 00:10:18
- Distance: 2.67 km
- Average Speed: 14.25 km/h
- Average Bearing Change: 15.05°
- Max Speed: 18.36 km/h
- Min Speed: 4.76 km/h
- Speed Variability: 3.39 km/h
- Average Acceleration: 0.00 m/s²
- Max Acceleration: 0.07 m/s²
- Number of Turns: 3
- Turn Rate: 0.26 turns/min
- Average Turn Angle: 15.05°
- Turn Angle Variability: 20.84°
- Transport Mode: bike
    "
0.8250371887809347,5.322672999509616,0.0,1.4808206463835263,1.8541039523020846,-0.0008222195967519493,0.2074372566065058,0.07746588116610989,14,6.26865671641791,40.532537957680894,49.48519828246037,40.532537957680894,bus_cleaned.geojson,2009-01-04 06:13:06,2009-01-04 06:17:30,264.0,bus,41,2,4.878048780487805,0,1,11.11,"
Trip Summary:
- Start: 2009-01-04 06:13:06 at 博创后院, 56, 知春路, 知春东里社区, 中关村街道, 海淀区, 北京市, 100098, 中国
- End: 2009-01-04 06:17:30 at 中关村东路, 知春东里社区, 中关村街道, 海淀区, 北京市, 100190, 中国
- Duration: 0 days 00:04:24
- Distance: 0.83 km
- Average Speed: 1.85 km/h
- Average Bearing Change: 40.53°
- Max Speed: 5.32 km/h
- Min Speed: 0.00 km/h
- Speed Variability: 1.48 km/h
- Average Acceleration: -0.00 m/s²
- Max Acceleration: 0.21 m/s²
- Number of Turns: 14
- Turn Rate: 6.27 turns/min
- Average Turn Angle: 40.53°
- Turn Angle Variability: 49.49°
- Transport Mode: bus
    "
2.1606277396872393,10.008,0.27136679864937807,2.3915058704360264,4.251021580569371,0.013693361020205037,0.8107629233953066,0.16120718012950913,31,2.209026128266033,42.63287654795089,47.065921109995934,42.63287654795089,walk_cleaned.geojson,2009-01-04 06:10:34,2009-01-04 06:24:34,840.0,walk,97,5,5.154639175257731,10,4,2.78,"
Trip Summary:
- Start: 2009-01-04 06:10:34 at 中关村东路, 知春东里社区, 中关村街道, 海淀区, 北京市, 100098, 中国
- End: 2009-01-04 06:24:34 at 中关村南三条, 中关村街道, 海淀区, 北京市, 100190, 中国
- Duration: 0 days 00:14:00
- Distance: 2.16 km
- Average Speed: 4.25 km/h
- Average Bearing Change: 42.63°
- Max Speed: 10.01 km/h
- Min Speed: 0.27 km/h
- Speed Variability: 2.39 km/h
- Average Acceleration: 0.01 m/s²
- Max Acceleration: 0.81 m/s²
- Number of Turns: 31
- Turn Rate: 2.21 turns/min
- Average Turn Angle: 42.63°
- Turn Angle Variability: 47.07°
- Transport Mode: walk
    "
1.2191227950186962,18.664529959766814,1.005460461014215,5.181673027543092,8.831809903791298,-0.0011764762047726377,0.24411921326634625,0.09385971965810147,30,4.044943820224719,32.47453814207418,32.60010646427478,32.47453814207418,bike_cleaned.geojson,2011-10-27 08:55:37,2011-10-27 09:03:07,450.0,bike,84,2,2.380952380952381,2,1,6.94,"
Trip Summary:
- Start: 2011-10-27 08:55:37 at 知春路, 中关村, 中关村街道, 海淀区, 北京市, 100086, 中国
- End: 2011-10-27 09:03:07 at 中关村地下环廊, 中关村核心区, 海淀街道, 海淀区, 北京市, 100080, 中国
- Duration: 0 days 00:07:30
- Distance: 1.22 km
- Average Speed: 8.83 km/h
- Average Bearing Change: 32.47°
- Max Speed: 18.66 km/h
- Min Speed: 1.01 km/h
- Speed Variability: 5.18 km/h
- Average Acceleration: -0.00 m/s²
- Max Acceleration: 0.24 m/s²
- Number of Turns: 30
- Turn Rate: 4.04 turns/min
- Average Turn Angle: 32.47°
- Turn Angle Variability: 32.60°
- Transport Mode: bike
    "
0.18204609603948657,4.895626548298044,0.4589338839154332,1.1238115887556706,3.814159216620896,0.03291459583536116,0.3191945299668859,0.10123052233781499,8,8.88888888888889,39.25558724419133,40.022699802627095,39.25558724419133,walk_cleaned.geojson,2008-10-12 10:47:28,2008-10-12 10:48:14,46.0,walk,23,3,13.043478260869565,1,2,2.78,"
Trip Summary:
- Start: 2008-10-12 10:47:28 at 大运村公交场站, 知春路, 花园路街道, 中关村街道, 海淀区, 北京市, 100081, 中国
- End: 2008-10-12 10:48:14 at 中关村街道, 海淀区, 北京市, 100098, 中国
- Duration: 0 days 00:00:46
- Distance: 0.18 km
- Average Speed: 3.81 km/h
- Average Bearing Change: 39.26°
- Max Speed: 4.90 km/h
- Min Speed: 0.46 km/h
- Speed Variability: 1.12 km/h
- Average Acceleration: 0.03 m/s²
- Max Acceleration: 0.32 m/s²
- Number of Turns: 8
- Turn Rate: 8.89 turns/min
- Average Turn Angle: 39.26°
- Turn Angle Variability: 40.02°
- Transport Mode: walk
    "
3.9058846564485368,19.62375418219991,10.813553323962964,1.5486100782667334,16.6590721129521,-0.002664828693119311,0.1228053977542034,0.041430616887925806,6,0.4114285714285714,7.295134069195356,8.604857720760272,7.295134069195356,bike_cleaned.geojson,2008-08-26 04:42:30,2008-08-26 04:57:25,895.0,bike,154,4,2.5974025974025974,2,3,6.94,"
Trip Summary:
- Start: 2008-08-26 04:42:30 at 清华大学, 30, 双清路, 东升镇, 海淀区, 北京市, 100084, 中国
- End: 2008-08-26 04:57:25 at 中关村街道, 海淀区, 北京市, 100098, 中国
- Duration: 0 days 00:14:55
- Distance: 3.91 km
- Average Speed: 16.66 km/h
- Average Bearing Change: 7.30°
- Max Speed: 19.62 km/h
- Min Speed: 10.81 km/h
- Speed Variability: 1.55 km/h
- Average Acceleration: -0.00 m/s²
- Max Acceleration: 0.12 m/s²
- Number of Turns: 6
- Turn Rate: 0.41 turns/min
- Average Turn Angle: 7.30°
- Turn Angle Variability: 8.60°
- Transport Mode: bike
    "
0.923117957348145,20.07116828064132,10.176288388588587,1.840124419237725,15.332838678036541,-0.010564943955513934,0.9178406163554733,0.24972236832105743,0,0.0,5.093282876843478,4.57830287575379,5.093282876843478,bike_cleaned.geojson,2008-06-02 12:46:23,2008-06-02 12:49:44,201.0,bike,182,8,4.395604395604396,0,7,6.94,"
Trip Summary:
- Start: 2008-06-02 12:46:23 at 清华大学, 30, 双清路, 东升镇, 海淀区, 北京市, 100084, 中国
- End: 2008-06-02 12:49:44 at 30, 双清路, 东升镇, 海淀区, 北京市, 100084, 中国
- Duration: 0 days 00:03:21
- Distance: 0.92 km
- Average Speed: 15.33 km/h
- Average Bearing Change: 5.09°
- Max Speed: 20.07 km/h
- Min Speed: 10.18 km/h
- Speed Variability: 1.84 km/h
- Average Acceleration: -0.01 m/s²
- Max Acceleration: 0.92 m/s²
- Number of Turns: 0
- Turn Rate: 0.00 turns/min
- Average Turn Angle: 5.09°
- Turn Angle Variability: 4.58°
- Transport Mode: bike
    "
0.6032717557318429,7.698642702867889,1.4670454310009167,0.9927894262318873,3.6530771372101865,-0.005354165255718588,0.9601121527388463,0.19686429502817254,110,11.359724612736661,24.644579620714026,28.06475710846141,24.644579620714026,walk_cleaned.geojson,2008-06-02 10:41:00,2008-06-02 10:50:48,588.0,walk,432,8,1.8518518518518516,14,7,2.78,"
Trip Summary:
- Start: 2008-06-02 10:41:00 at 海淀交通支队中关村大队, 中关村东路, 知春东里社区, 中关村街道, 海淀区, 北京市, 100190, 中国
- End: 2008-06-02 10:50:48 at 中国科学院物理研究所, 中关村东路, 清华园, 中关村街道, 海淀区, 北京市, 100190, 中国
- Duration: 0 days 00:09:48
- Distance: 0.60 km
- Average Speed: 3.65 km/h
- Average Bearing Change: 24.64°
- Max Speed: 7.70 km/h
- Min Speed: 1.47 km/h
- Speed Variability: 0.99 km/h
- Average Acceleration: -0.01 m/s²
- Max Acceleration: 0.96 m/s²
- Number of Turns: 110
- Turn Rate: 11.36 turns/min
- Average Turn Angle: 24.64°
- Turn Angle Variability: 28.06°
- Transport Mode: walk
    "
3.7824714004334563,22.970069250810898,9.229561139867398,2.3439056041952364,15.84589878291255,-0.00927059459340765,2.3379731086080335,0.3013437627355985,10,0.6857142857142857,6.678600775401421,6.817415760735673,6.678600775401421,bike_cleaned.geojson,2008-07-20 18:07:13,2008-07-20 18:21:55,882.0,bike,802,8,0.997506234413965,25,7,6.94,"
Trip Summary:
- Start: 2008-07-20 18:07:13 at 中国工商银行, 100, 中关村东路, 知春东里社区, 中关村街道, 海淀区, 北京市, 100190, 中国
- End: 2008-07-20 18:21:55 at 清华大学, 30, 双清路, 东升镇, 海淀区, 北京市, 100084, 中国
- Duration: 0 days 00:14:42
- Distance: 3.78 km
- Average Speed: 15.85 km/h
- Average Bearing Change: 6.68°
- Max Speed: 22.97 km/h
- Min Speed: 9.23 km/h
- Speed Variability: 2.34 km/h
- Average Acceleration: -0.01 m/s²
- Max Acceleration: 2.34 m/s²
- Number of Turns: 10
- Turn Rate: 0.69 turns/min
- Average Turn Angle: 6.68°
- Turn Angle Variability: 6.82°
- Transport Mode: bike
    "
6.084293654214909,31.17697867335801,6.733828237318005,8.86424213683159,20.916011532600674,-0.012294979475701134,0.13617427505833912,0.06614422640149781,2,0.1059135039717564,14.260356394863663,26.523581445980643,14.260356394863663,bus_cleaned.geojson,2008-04-06 12:31:32,2008-04-06 12:49:43,1091.0,bus,18,1,5.555555555555555,2,0,11.11,"
Trip Summary:
- Start: 2008-04-06 12:31:32 at 北三环, 安贞西里社区, 安贞街道, 朝阳区, 北京市, 100000, 中国
- End: 2008-04-06 12:49:43 at 中关村东路, 知春东里社区, 中关村街道, 海淀区, 北京市, 100098, 中国
- Duration: 0 days 00:18:11
- Distance: 6.08 km
- Average Speed: 20.92 km/h
- Average Bearing Change: 14.26°
- Max Speed: 31.18 km/h
- Min Speed: 6.73 km/h
- Speed Variability: 8.86 km/h
- Average Acceleration: -0.01 m/s²
- Max Acceleration: 0.14 m/s²
- Number of Turns: 2
- Turn Rate: 0.11 turns/min
- Average Turn Angle: 14.26°
- Turn Angle Variability: 26.52°
- Transport Mode: bus
    "
8.0004437126664,5.546899912772568,0.21855012421634273,1.7311859092826818,2.7282634191401667,-1.3705423205508352e-05,0.003535060842335703,0.0033687416283445116,1,0.026954177897574122,35.7921166726355,64.74980854125928,35.7921166726355,walk_cleaned.geojson,2008-04-06 12:17:06,2008-04-06 12:55:06,2280.0,walk,10,2,20.0,0,1,2.78,"
Trip Summary:
- Start: 2008-04-06 12:17:06 at 北京化工大学, 15号, 北三环东路, 和平街街道, 朝阳区, 北京市, 100029, 中国
- End: 2008-04-06 12:55:06 at 知春路, 知春东里社区, 中关村街道, 海淀区, 北京市, 100098, 中国
- Duration: 0 days 00:38:00
- Distance: 8.00 km
- Average Speed: 2.73 km/h
- Average Bearing Change: 35.79°
- Max Speed: 5.55 km/h
- Min Speed: 0.22 km/h
- Speed Variability: 1.73 km/h
- Average Acceleration: -0.00 m/s²
- Max Acceleration: 0.00 m/s²
- Number of Turns: 1
- Turn Rate: 0.03 turns/min
- Average Turn Angle: 35.79°
- Turn Angle Variability: 64.75°
- Transport Mode: walk
    "
4.192567071286498,21.583831153264544,0.6226142990421729,3.2699879924118096,12.364578688721862,-0.003496268312894156,2.3289108514415715,0.3238026458083537,77,3.7138263665594855,12.257557419078694,16.129760675994195,12.257557419078694,bike_cleaned.geojson,2008-05-19 14:13:59,2008-05-19 14:35:02,1263.0,bike,997,21,2.106318956870612,26,20,6.94,"
Trip Summary:
- Start: 2008-05-19 14:13:59 at 知春路, 中关村街道, 海淀区, 北京市, 100098, 中国
- End: 2008-05-19 14:35:02 at 清华大学, 30, 双清路, 东升镇, 海淀区, 北京市, 100084, 中国
- Duration: 0 days 00:21:03
- Distance: 4.19 km
- Average Speed: 12.36 km/h
- Average Bearing Change: 12.26°
- Max Speed: 21.58 km/h
- Min Speed: 0.62 km/h
- Speed Variability: 3.27 km/h
- Average Acceleration: -0.00 m/s²
- Max Acceleration: 2.33 m/s²
- Number of Turns: 77
- Turn Rate: 3.71 turns/min
- Average Turn Angle: 12.26°
- Turn Angle Variability: 16.13°
- Transport Mode: bike
    "
4.103899244493638,22.209723500956766,10.572861504707344,2.0740467590232896,16.051792376221556,-0.0023610361965817495,0.7913909338835123,0.13218997344811212,25,1.6519823788546255,10.704844005596556,11.407175657820048,10.704844005596556,bike_cleaned.geojson,2008-10-06 17:24:46,2008-10-06 17:40:04,918.0,bike,418,6,1.4354066985645932,14,5,6.94,"
Trip Summary:
- Start: 2008-10-06 17:24:46 at 中关村街道, 海淀区, 北京市, 100098, 中国
- End: 2008-10-06 17:40:04 at 清华大学, 30, 双清路, 东升镇, 海淀区, 北京市, 100084, 中国
- Duration: 0 days 00:15:18
- Distance: 4.10 km
- Average Speed: 16.05 km/h
- Average Bearing Change: 10.70°
- Max Speed: 22.21 km/h
- Min Speed: 10.57 km/h
- Speed Variability: 2.07 km/h
- Average Acceleration: -0.00 m/s²
- Max Acceleration: 0.79 m/s²
- Number of Turns: 25
- Turn Rate: 1.65 turns/min
- Average Turn Angle: 10.70°
- Turn Angle Variability: 11.41°
- Transport Mode: bike
    "
4.054644657476398,24.05673466442428,9.442153559820623,2.4728269489676524,16.03122430116218,-0.00741522365698328,3.452252510515173,0.405825810985587,15,0.897308075772682,7.298981247982664,9.131657404318744,7.298981247982664,bike_cleaned.geojson,2008-06-05 16:34:54,2008-06-05 16:52:01,1027.0,bike,792,25,3.1565656565656566,26,24,6.94,"
Trip Summary:
- Start: 2008-06-05 16:34:54 at 中国工商银行, 100, 中关村东路, 知春东里社区, 中关村街道, 海淀区, 北京市, 100190, 中国
- End: 2008-06-05 16:52:01 at 清华大学, 30, 双清路, 东升镇, 海淀区, 北京市, 100084, 中国
- Duration: 0 days 00:17:07
- Distance: 4.05 km
- Average Speed: 16.03 km/h
- Average Bearing Change: 7.30°
- Max Speed: 24.06 km/h
- Min Speed: 9.44 km/h
- Speed Variability: 2.47 km/h
- Average Acceleration: -0.01 m/s²
- Max Acceleration: 3.45 m/s²
- Number of Turns: 15
- Turn Rate: 0.90 turns/min
- Average Turn Angle: 7.30°
- Turn Angle Variability: 9.13°
- Transport Mode: bike
    "
0.33992660089326887,6.05782889830406,0.1397849522847942,1.0203170409628664,3.2111373952648563,0.002223536038709241,0.6100143060310306,0.1264017499149841,94,12.341356673960613,32.98324363874431,32.644271268799,32.98324363874431,walk_cleaned.geojson,2008-06-05 16:25:40,2008-06-05 16:33:12,452.0,walk,248,6,2.4193548387096775,2,5,2.78,"
Trip Summary:
- Start: 2008-06-05 16:25:40 at 希格玛大厦, 知春路, 中关村街道, 海淀区, 北京市, 100098, 中国
- End: 2008-06-05 16:33:12 at 知春路, 知春东里社区, 中关村街道, 海淀区, 北京市, 100098, 中国
- Duration: 0 days 00:07:32
- Distance: 0.34 km
- Average Speed: 3.21 km/h
- Average Bearing Change: 32.98°
- Max Speed: 6.06 km/h
- Min Speed: 0.14 km/h
- Speed Variability: 1.02 km/h
- Average Acceleration: 0.00 m/s²
- Max Acceleration: 0.61 m/s²
- Number of Turns: 94
- Turn Rate: 12.34 turns/min
- Average Turn Angle: 32.98°
- Turn Angle Variability: 32.64°
- Transport Mode: walk
    "
4.322509842850106,22.01922568563011,2.943753579554733,2.953983042093758,14.25595245760016,-0.003534609848294044,1.960203420282261,0.256359649612485,34,1.5777262180974478,8.519520662823249,9.669897242781087,8.519520662823249,bike_cleaned.geojson,2008-06-06 02:06:37,2008-06-06 02:28:22,1305.0,bike,991,12,1.2108980827447022,14,11,6.94,"
Trip Summary:
- Start: 2008-06-06 02:06:37 at 清华大学, 30, 双清路, 东升镇, 海淀区, 北京市, 100084, 中国
- End: 2008-06-06 02:28:22 at 中关村街道, 海淀区, 北京市, 100098, 中国
- Duration: 0 days 00:21:45
- Distance: 4.32 km
- Average Speed: 14.26 km/h
- Average Bearing Change: 8.52°
- Max Speed: 22.02 km/h
- Min Speed: 2.94 km/h
- Speed Variability: 2.95 km/h
- Average Acceleration: -0.00 m/s²
- Max Acceleration: 1.96 m/s²
- Number of Turns: 34
- Turn Rate: 1.58 turns/min
- Average Turn Angle: 8.52°
- Turn Angle Variability: 9.67°
- Transport Mode: bike
    "
0.10546526308243162,7.096505282239559,1.5988921408213492,1.6999623550461411,4.551647769632028,-0.00039263931097991344,0.3770389094470259,0.13562409397946984,23,22.25806451612903,32.130330926596926,32.39814651712529,32.130330926596926,walk_cleaned.geojson,2008-06-06 02:28:37,2008-06-06 02:29:40,63.0,walk,61,2,3.278688524590164,2,1,2.78,"
Trip Summary:
- Start: 2008-06-06 02:28:37 at 中关村街道, 海淀区, 北京市, 100098, 中国
- End: 2008-06-06 02:29:40 at 希格玛大厦, 知春路, 中关村街道, 海淀区, 北京市, 100098, 中国
- Duration: 0 days 00:01:03
- Distance: 0.11 km
- Average Speed: 4.55 km/h
- Average Bearing Change: 32.13°
- Max Speed: 7.10 km/h
- Min Speed: 1.60 km/h
- Speed Variability: 1.70 km/h
- Average Acceleration: -0.00 m/s²
- Max Acceleration: 0.38 m/s²
- Number of Turns: 23
- Turn Rate: 22.26 turns/min
- Average Turn Angle: 32.13°
- Turn Angle Variability: 32.40°
- Transport Mode: walk
    "
15.009048183780713,39.996,0.0,13.355530348135236,14.790863160562681,0.02890066362787896,3.464539920171924,0.38465538994785864,166,2.6203630623520127,31.56647448989361,48.328189020516874,31.56647448989361,bus_cleaned.geojson,2008-10-23 23:35:19,2008-10-24 00:39:09,3830.0,bus,667,6,0.8995502248875562,46,5,11.11,"
Trip Summary:
- Start: 2008-10-23 23:35:19 at 北四环西路, 清华园, 中关村街道, 海淀区, 北京市, 100190, 中国
- End: 2008-10-24 00:39:09 at 工人体育场北路, 东直门街道, 首都功能核心区, 东城区, 北京市, 100010, 中国
- Duration: 0 days 01:03:50
- Distance: 15.01 km
- Average Speed: 14.79 km/h
- Average Bearing Change: 31.57°
- Max Speed: 40.00 km/h
- Min Speed: 0.00 km/h
- Speed Variability: 13.36 km/h
- Average Acceleration: 0.03 m/s²
- Max Acceleration: 3.46 m/s²
- Number of Turns: 166
- Turn Rate: 2.62 turns/min
- Average Turn Angle: 31.57°
- Turn Angle Variability: 48.33°
- Transport Mode: bus
    "
0.20243159604404584,7.09741924976131,0.0,2.162144813438442,2.696124188207798,-0.0006405740187808651,0.22786534219304888,0.05952530663960047,21,5.407725321888412,46.37803589794032,45.87467084312501,46.37803589794032,walk_cleaned.geojson,2008-10-24 01:01:44,2008-10-24 01:05:34,230.0,walk,51,1,1.9607843137254901,3,0,2.78,"
Trip Summary:
- Start: 2008-10-24 01:01:44 at April Gourmet, 东中街, 东直门, 东直门街道, 首都功能核心区, 东城区, 北京市, 100010, 中国
- End: 2008-10-24 01:05:34 at 东环影城, 东中街, 东直门, 东直门街道, 首都功能核心区, 东城区, 北京市, 100010, 中国
- Duration: 0 days 00:03:50
- Distance: 0.20 km
- Average Speed: 2.70 km/h
- Average Bearing Change: 46.38°
- Max Speed: 7.10 km/h
- Min Speed: 0.00 km/h
- Speed Variability: 2.16 km/h
- Average Acceleration: -0.00 m/s²
- Max Acceleration: 0.23 m/s²
- Number of Turns: 21
- Turn Rate: 5.41 turns/min
- Average Turn Angle: 46.38°
- Turn Angle Variability: 45.87°
- Transport Mode: walk
    "
4.072207838516021,21.87643184608846,7.116200071527518,1.9168727857707477,17.182566161795172,0.002840856792152426,1.3342751081538673,0.13749188278735838,12,0.8551068883610451,8.4345364937295,8.686525370089266,8.4345364937295,bike_cleaned.geojson,2008-08-11 16:07:19,2008-08-11 16:21:39,860.0,bike,359,11,3.064066852367688,8,10,6.94,"
Trip Summary:
- Start: 2008-08-11 16:07:19 at 中关村街道, 海淀区, 北京市, 100098, 中国
- End: 2008-08-11 16:21:39 at 清华大学, 30, 双清路, 东升镇, 海淀区, 北京市, 100084, 中国
- Duration: 0 days 00:14:20
- Distance: 4.07 km
- Average Speed: 17.18 km/h
- Average Bearing Change: 8.43°
- Max Speed: 21.88 km/h
- Min Speed: 7.12 km/h
- Speed Variability: 1.92 km/h
- Average Acceleration: 0.00 m/s²
- Max Acceleration: 1.33 m/s²
- Number of Turns: 12
- Turn Rate: 0.86 turns/min
- Average Turn Angle: 8.43°
- Turn Angle Variability: 8.69°
- Transport Mode: bike
    "
0.09593802161906458,3.5541566833620486,1.13914341727283,0.6224027733708245,2.9018068532554797,0.002669299016530661,0.08794611329079258,0.023713516611311068,9,4.695652173913043,40.676441293182116,42.28996867857702,40.676441293182116,walk_cleaned.geojson,2009-09-18 13:36:11,2009-09-18 13:38:31,140.0,walk,25,1,4.0,0,0,2.78,"
Trip Summary:
- Start: 2009-09-18 13:36:11 at 太平庄中街, 天通苑南街道, 中滩村, 昌平区, 北京市, 102218, 中国
- End: 2009-09-18 13:38:31 at 太平庄中街, 天通苑南街道, 中滩村, 昌平区, 北京市, 102218, 中国
- Duration: 0 days 00:02:20
- Distance: 0.10 km
- Average Speed: 2.90 km/h
- Average Bearing Change: 40.68°
- Max Speed: 3.55 km/h
- Min Speed: 1.14 km/h
- Speed Variability: 0.62 km/h
- Average Acceleration: 0.00 m/s²
- Max Acceleration: 0.09 m/s²
- Number of Turns: 9
- Turn Rate: 4.70 turns/min
- Average Turn Angle: 40.68°
- Turn Angle Variability: 42.29°
- Transport Mode: walk
    "
2.3289675758496005,37.21704162695831,1.1103415997619688,9.441261454032272,9.791095453551854,0.0068115806806892144,0.6977227906643899,0.1675774632823427,34,2.8333333333333335,28.804613774434152,40.60768613875551,28.804613774434152,bus_cleaned.geojson,2011-11-15 01:24:42,2011-11-15 01:37:02,740.0,bus,137,3,2.18978102189781,3,2,11.11,"
Trip Summary:
- Start: 2011-11-15 01:24:42 at 智能化大厦, 95号, 中关村东路, 知春东里社区, 中关村街道, 海淀区, 北京市, 100098, 中国
- End: 2011-11-15 01:37:02 at 知识产权大厦, 21号, 海淀南路, 中关村核心区, 海淀街道, 六郎庄村, 海淀区, 北京市, 100872, 中国
- Duration: 0 days 00:12:20
- Distance: 2.33 km
- Average Speed: 9.79 km/h
- Average Bearing Change: 28.80°
- Max Speed: 37.22 km/h
- Min Speed: 1.11 km/h
- Speed Variability: 9.44 km/h
- Average Acceleration: 0.01 m/s²
- Max Acceleration: 0.70 m/s²
- Number of Turns: 34
- Turn Rate: 2.83 turns/min
- Average Turn Angle: 28.80°
- Turn Angle Variability: 40.61°
- Transport Mode: bus
    "
0.7557180032093773,8.130217925152616,1.0854656591965062,1.4233684570022447,4.576952417883155,0.00655034608893611,0.7173947819927968,0.08283062096151035,35,4.077669902912621,31.880961966374784,33.62476892156497,31.880961966374784,walk_cleaned.geojson,2011-11-15 01:37:27,2011-11-15 01:46:12,525.0,walk,102,3,2.941176470588235,3,2,2.78,"
Trip Summary:
- Start: 2011-11-15 01:37:27 at 知识产权大厦, 21号, 海淀南路, 中关村核心区, 海淀街道, 六郎庄村, 海淀区, 北京市, 100872, 中国
- End: 2011-11-15 01:46:12 at 中关村地下环廊, 中关村核心区, 海淀街道, 海淀区, 北京市, 100080, 中国
- Duration: 0 days 00:08:45
- Distance: 0.76 km
- Average Speed: 4.58 km/h
- Average Bearing Change: 31.88°
- Max Speed: 8.13 km/h
- Min Speed: 1.09 km/h
- Speed Variability: 1.42 km/h
- Average Acceleration: 0.01 m/s²
- Max Acceleration: 0.72 m/s²
- Number of Turns: 35
- Turn Rate: 4.08 turns/min
- Average Turn Angle: 31.88°
- Turn Angle Variability: 33.62°
- Transport Mode: walk
    "
7.439554537884793,39.25479571970296,0.15373708038136322,10.131304488213495,20.16055255566953,-0.009349446826968059,1.6037490559806435,0.22676750532517956,44,2.0307692307692307,11.023932691830874,24.85914681162989,11.023932691830874,bus_cleaned.geojson,2008-09-18 11:30:12,2008-09-18 11:52:10,1318.0,bus,605,9,1.487603305785124,13,8,11.11,"
Trip Summary:
- Start: 2008-09-18 11:30:12 at 北四环东路, 大屯街道, 朝阳区, 北京市, 100012, 中国
- End: 2008-09-18 11:52:10 at 中关村东路, 清华园, 中关村街道, 海淀区, 北京市, 100190, 中国
- Duration: 0 days 00:21:58
- Distance: 7.44 km
- Average Speed: 20.16 km/h
- Average Bearing Change: 11.02°
- Max Speed: 39.25 km/h
- Min Speed: 0.15 km/h
- Speed Variability: 10.13 km/h
- Average Acceleration: -0.01 m/s²
- Max Acceleration: 1.60 m/s²
- Number of Turns: 44
- Turn Rate: 2.03 turns/min
- Average Turn Angle: 11.02°
- Turn Angle Variability: 24.86°
- Transport Mode: bus
    "
5.258583184080331,10.008,0.15375095060908284,2.2103346216791966,3.142443326869338,0.0002062230784564025,0.8460290212580057,0.12099981352117666,567,5.418923223956674,41.84136653391969,47.37402958314795,41.84136653391969,walk_cleaned.geojson,2008-09-18 13:02:40,2008-09-18 14:48:34,6354.0,walk,1451,46,3.1702274293590627,39,45,2.78,"
Trip Summary:
- Start: 2008-09-18 13:02:40 at 中国科学院大学（中关村校区）, 中关村南四街, 知春东里社区, 中关村街道, 海淀区, 北京市, 100098, 中国
- End: 2008-09-18 14:48:34 at 中关村南四街, 中关村街道, 海淀区, 北京市, 100190, 中国
- Duration: 0 days 01:45:54
- Distance: 5.26 km
- Average Speed: 3.14 km/h
- Average Bearing Change: 41.84°
- Max Speed: 10.01 km/h
- Min Speed: 0.15 km/h
- Speed Variability: 2.21 km/h
- Average Acceleration: 0.00 m/s²
- Max Acceleration: 0.85 m/s²
- Number of Turns: 567
- Turn Rate: 5.42 turns/min
- Average Turn Angle: 41.84°
- Turn Angle Variability: 47.37°
- Transport Mode: walk
    "
22.799739404896705,24.984,0.9608727545056704,6.261916784978253,22.366119670252687,-0.0033195633100966656,2.3415373701390267,0.21768835097548275,33,1.2007277137659187,10.19861816425301,21.05458807415376,10.19861816425301,subway_cleaned.geojson,2009-09-16 00:09:59,2009-09-16 00:48:22,2303.0,subway,1072,640,59.70149253731343,298,639,6.94,"
Trip Summary:
- Start: 2009-09-16 00:09:59 at 天通苑南, 立汤路, 天通苑北街道, 东小口镇, 昌平区, 北京市, 102218, 中国
- End: 2009-09-16 00:48:22 at 知春路, 花园路街道, 中关村街道, 海淀区, 北京市, 100081, 中国
- Duration: 0 days 00:38:23
- Distance: 22.80 km
- Average Speed: 22.37 km/h
- Average Bearing Change: 10.20°
- Max Speed: 24.98 km/h
- Min Speed: 0.96 km/h
- Speed Variability: 6.26 km/h
- Average Acceleration: -0.00 m/s²
- Max Acceleration: 2.34 m/s²
- Number of Turns: 33
- Turn Rate: 1.20 turns/min
- Average Turn Angle: 10.20°
- Turn Angle Variability: 21.05°
- Transport Mode: subway
    "
13.1516776416496,7.4711287709734515,0.10081852530549831,1.7733219955101835,3.6326926480741824,0.0006888353261977349,0.26489916645546696,0.0448143414567035,60,1.2149848126898415,31.97799156323679,37.676941572396416,31.97799156323679,walk_cleaned.geojson,2009-09-16 00:00:12,2009-09-16 00:53:11,3179.0,walk,193,9,4.66321243523316,4,8,2.78,"
Trip Summary:
- Start: 2009-09-16 00:00:12 at 天通苑南, 立汤路, 天通苑北街道, 东小口镇, 昌平区, 北京市, 102218, 中国
- End: 2009-09-16 00:53:11 at 希格玛大厦, 知春路, 中关村街道, 海淀区, 北京市, 100098, 中国
- Duration: 0 days 00:52:59
- Distance: 13.15 km
- Average Speed: 3.63 km/h
- Average Bearing Change: 31.98°
- Max Speed: 7.47 km/h
- Min Speed: 0.10 km/h
- Speed Variability: 1.77 km/h
- Average Acceleration: 0.00 m/s²
- Max Acceleration: 0.26 m/s²
- Number of Turns: 60
- Turn Rate: 1.21 turns/min
- Average Turn Angle: 31.98°
- Turn Angle Variability: 37.68°
- Transport Mode: walk
    "
13.255451157834898,39.996,0.6470422513663703,11.491892132708138,15.791016772649098,-0.0005404656404136366,3.0484232054362037,0.41600502584061494,187,4.097881665449233,20.935011063741538,32.980853064002304,20.935011063741538,bus_cleaned.geojson,2008-12-31 11:06:22,2008-12-31 11:53:38,2836.0,bus,1017,19,1.8682399213372665,58,18,11.11,"
Trip Summary:
- Start: 2008-12-31 11:06:22 at 白云路, 月坛街道, 首都功能核心区, 西城区, 北京市, 100032, 中国
- End: 2008-12-31 11:53:38 at 中国科学院理论物理研究所, 55, 中关村东路, 清华园, 中关村街道, 海淀区, 北京市, 100190, 中国
- Duration: 0 days 00:47:16
- Distance: 13.26 km
- Average Speed: 15.79 km/h
- Average Bearing Change: 20.94°
- Max Speed: 40.00 km/h
- Min Speed: 0.65 km/h
- Speed Variability: 11.49 km/h
- Average Acceleration: -0.00 m/s²
- Max Acceleration: 3.05 m/s²
- Number of Turns: 187
- Turn Rate: 4.10 turns/min
- Average Turn Angle: 20.94°
- Turn Angle Variability: 32.98°
- Transport Mode: bus
    "
0.36010256390637524,7.687742950997908,1.7178359050807437,1.3185963363099638,5.343227692461297,-0.004726729808754441,0.21087578999647316,0.07424493619187703,14,3.75,17.120117163969176,20.182709165175872,17.120117163969176,walk_cleaned.geojson,2008-12-31 11:53:54,2008-12-31 11:57:40,226.0,walk,110,2,1.8181818181818181,1,1,2.78,"
Trip Summary:
- Start: 2008-12-31 11:53:54 at 世纪科贸大厦C座, 66号, 中关村东路, 知春东里社区, 中关村街道, 海淀区, 北京市, 100190, 中国
- End: 2008-12-31 11:57:40 at 中关村南三条, 中关村街道, 海淀区, 北京市, 100190, 中国
- Duration: 0 days 00:03:46
- Distance: 0.36 km
- Average Speed: 5.34 km/h
- Average Bearing Change: 17.12°
- Max Speed: 7.69 km/h
- Min Speed: 1.72 km/h
- Speed Variability: 1.32 km/h
- Average Acceleration: -0.00 m/s²
- Max Acceleration: 0.21 m/s²
- Number of Turns: 14
- Turn Rate: 3.75 turns/min
- Average Turn Angle: 17.12°
- Turn Angle Variability: 20.18°
- Transport Mode: walk
    "
4.458960501988134,24.984,0.0,7.609173636080575,7.248614110643129,0.015860044047635916,1.2710026040416749,0.21071257706683968,35,3.511705685618729,42.331116173741584,50.56708898673739,42.331116173741584,subway_cleaned.geojson,2008-12-02 00:54:03,2008-12-02 01:05:53,710.0,subway,111,24,21.62162162162162,6,23,6.94,"
Trip Summary:
- Start: 2008-12-02 00:54:03 at 中关村街道, 海淀区, 北京市, 100098, 中国
- End: 2008-12-02 01:05:53 at 展览路街道, 首都功能核心区, 西城区, 北京市, 100032, 中国
- Duration: 0 days 00:11:50
- Distance: 4.46 km
- Average Speed: 7.25 km/h
- Average Bearing Change: 42.33°
- Max Speed: 24.98 km/h
- Min Speed: 0.00 km/h
- Speed Variability: 7.61 km/h
- Average Acceleration: 0.02 m/s²
- Max Acceleration: 1.27 m/s²
- Number of Turns: 35
- Turn Rate: 3.51 turns/min
- Average Turn Angle: 42.33°
- Turn Angle Variability: 50.57°
- Transport Mode: subway
    "
2.2157517789348544,10.008,0.159888000044476,2.2703574631688035,3.9230777407134703,0.0027478269235978597,0.5419645053552581,0.07901959281891158,135,4.723032069970846,46.13293932671082,51.664568657122246,46.13293932671082,walk_cleaned.geojson,2008-12-02 02:18:03,2008-12-02 02:47:18,1755.0,walk,328,9,2.7439024390243905,14,8,2.78,"
Trip Summary:
- Start: 2008-12-02 02:18:03 at 66, 工人体育场北路, 东直门街道, 首都功能核心区, 东城区, 北京市, 100010, 中国
- End: 2008-12-02 02:47:18 at April Gourmet, 东中街, 东直门, 东直门街道, 首都功能核心区, 东城区, 北京市, 100010, 中国
- Duration: 0 days 00:29:15
- Distance: 2.22 km
- Average Speed: 3.92 km/h
- Average Bearing Change: 46.13°
- Max Speed: 10.01 km/h
- Min Speed: 0.16 km/h
- Speed Variability: 2.27 km/h
- Average Acceleration: 0.00 m/s²
- Max Acceleration: 0.54 m/s²
- Number of Turns: 135
- Turn Rate: 4.72 turns/min
- Average Turn Angle: 46.13°
- Turn Angle Variability: 51.66°
- Transport Mode: walk
    "
1.884853486877699,24.984,1.8879747130377038,9.23930875218183,12.37289165479507,-0.05544015382141425,0.5262988456213813,0.26668261493463363,5,0.8130081300813008,14.381681257228244,21.808045937759104,14.381681257228244,subway_cleaned.geojson,2008-06-14 15:02:24,2008-06-14 15:09:43,439.0,subway,122,69,56.557377049180324,8,68,6.94,"
Trip Summary:
- Start: 2008-06-14 15:02:24 at 知春路, 花园路街道, 中关村街道, 海淀区, 北京市, 100081, 中国
- End: 2008-06-14 15:09:43 at 五道口北巷, 五道口, 学院路街道, 八家村总支委员会, 海淀区, 北京市, 100190, 中国
- Duration: 0 days 00:07:19
- Distance: 1.88 km
- Average Speed: 12.37 km/h
- Average Bearing Change: 14.38°
- Max Speed: 24.98 km/h
- Min Speed: 1.89 km/h
- Speed Variability: 9.24 km/h
- Average Acceleration: -0.06 m/s²
- Max Acceleration: 0.53 m/s²
- Number of Turns: 5
- Turn Rate: 0.81 turns/min
- Average Turn Angle: 14.38°
- Turn Angle Variability: 21.81°
- Transport Mode: subway
    "
2.08204837735097,22.49617051172144,2.7256684733599688,2.059881773763608,15.987709740978143,-0.018475172386876147,1.793992572273305,0.3559142194875697,8,1.0786516853932584,7.318927433978788,7.439622657049045,7.318927433978788,bike_cleaned.geojson,2008-06-14 15:15:55,2008-06-14 15:23:29,454.0,bike,400,10,2.5,13,9,6.94,"
Trip Summary:
- Start: 2008-06-14 15:15:55 at 成府路, 东升镇, 海淀区, 北京市, 100190, 中国
- End: 2008-06-14 15:23:29 at 清华大学, 30, 双清路, 东升镇, 海淀区, 北京市, 100084, 中国
- Duration: 0 days 00:07:34
- Distance: 2.08 km
- Average Speed: 15.99 km/h
- Average Bearing Change: 7.32°
- Max Speed: 22.50 km/h
- Min Speed: 2.73 km/h
- Speed Variability: 2.06 km/h
- Average Acceleration: -0.02 m/s²
- Max Acceleration: 1.79 m/s²
- Number of Turns: 8
- Turn Rate: 1.08 turns/min
- Average Turn Angle: 7.32°
- Turn Angle Variability: 7.44°
- Transport Mode: bike
    "
2.3915145446323542,34.681508907555155,0.6738513633220103,11.319111791285497,12.044075405272235,-0.01774453346329716,2.677737847073314,0.3891763538207066,100,10.256410256410257,17.922868411169397,21.95708526118775,17.922868411169397,bus_cleaned.geojson,2008-06-14 14:02:47,2008-06-14 14:12:44,597.0,bus,523,12,2.294455066921606,37,11,11.11,"
Trip Summary:
- Start: 2008-06-14 14:02:47 at 北土城西路, 花园路街道, 海淀区, 北京市, 100191, 中国
- End: 2008-06-14 14:12:44 at 知春路, 花园路街道, 中关村街道, 海淀区, 北京市, 100081, 中国
- Duration: 0 days 00:09:57
- Distance: 2.39 km
- Average Speed: 12.04 km/h
- Average Bearing Change: 17.92°
- Max Speed: 34.68 km/h
- Min Speed: 0.67 km/h
- Speed Variability: 11.32 km/h
- Average Acceleration: -0.02 m/s²
- Max Acceleration: 2.68 m/s²
- Number of Turns: 100
- Turn Rate: 10.26 turns/min
- Average Turn Angle: 17.92°
- Turn Angle Variability: 21.96°
- Transport Mode: bus
    "
0.23688163394114237,7.5597157640474695,2.4641710937694326,1.07113626922284,4.757515921440013,-0.005957165125706621,0.3878234947809023,0.13006828092066655,18,6.206896551724138,16.24977128574289,18.311995981252025,16.24977128574289,walk_cleaned.geojson,2008-06-14 14:59:19,2008-06-14 15:02:21,182.0,walk,118,8,6.779661016949152,3,7,2.78,"
Trip Summary:
- Start: 2008-06-14 14:59:19 at 中关村街道, 海淀区, 北京市, 100098, 中国
- End: 2008-06-14 15:02:21 at 知春路, 花园路街道, 中关村街道, 海淀区, 北京市, 100081, 中国
- Duration: 0 days 00:03:02
- Distance: 0.24 km
- Average Speed: 4.76 km/h
- Average Bearing Change: 16.25°
- Max Speed: 7.56 km/h
- Min Speed: 2.46 km/h
- Speed Variability: 1.07 km/h
- Average Acceleration: -0.01 m/s²
- Max Acceleration: 0.39 m/s²
- Number of Turns: 18
- Turn Rate: 6.21 turns/min
- Average Turn Angle: 16.25°
- Turn Angle Variability: 18.31°
- Transport Mode: walk
    "
4.130692855650502,19.733308933241695,5.868921480585101,2.1857732105248524,14.40958314364033,-0.0012725305045580607,0.571526825670924,0.10757463598963307,15,0.8687258687258688,8.522986629402855,9.918238871812395,8.522986629402855,bike_cleaned.geojson,2008-05-07 16:46:31,2008-05-07 17:03:57,1046.0,bike,475,6,1.263157894736842,11,5,6.94,"
Trip Summary:
- Start: 2008-05-07 16:46:31 at 中关村街道, 海淀区, 北京市, 100098, 中国
- End: 2008-05-07 17:03:57 at 清华大学, 30, 双清路, 东升镇, 海淀区, 北京市, 100084, 中国
- Duration: 0 days 00:17:26
- Distance: 4.13 km
- Average Speed: 14.41 km/h
- Average Bearing Change: 8.52°
- Max Speed: 19.73 km/h
- Min Speed: 5.87 km/h
- Speed Variability: 2.19 km/h
- Average Acceleration: -0.00 m/s²
- Max Acceleration: 0.57 m/s²
- Number of Turns: 15
- Turn Rate: 0.87 turns/min
- Average Turn Angle: 8.52°
- Turn Angle Variability: 9.92°
- Transport Mode: bike
    "
0.028624683445565242,4.2717918699457105,0.8565100213837831,1.416691807407149,2.422509218833037,0.004342908801395668,0.25408595953451396,0.12243361397077977,8,14.117647058823529,48.62042340449143,47.22633908628437,48.62042340449143,walk_cleaned.geojson,2008-05-07 17:04:07,2008-05-07 17:08:05,238.0,walk,18,1,5.555555555555555,0,0,2.78,"
Trip Summary:
- Start: 2008-05-07 17:04:07 at 清华大学, 30, 双清路, 东升镇, 海淀区, 北京市, 100084, 中国
- End: 2008-05-07 17:08:05 at 清华大学, 30, 双清路, 东升镇, 海淀区, 北京市, 100084, 中国
- Duration: 0 days 00:03:58
- Distance: 0.03 km
- Average Speed: 2.42 km/h
- Average Bearing Change: 48.62°
- Max Speed: 4.27 km/h
- Min Speed: 0.86 km/h
- Speed Variability: 1.42 km/h
- Average Acceleration: 0.00 m/s²
- Max Acceleration: 0.25 m/s²
- Number of Turns: 8
- Turn Rate: 14.12 turns/min
- Average Turn Angle: 48.62°
- Turn Angle Variability: 47.23°
- Transport Mode: walk
    "
3.5436464452499696,18.44159624164986,1.5331284040243174,2.9503660894363404,12.92747833679949,-0.00550626009883359,0.5879728792389357,0.08851770938780297,16,0.9257473481195756,10.37776796249562,12.672213094120995,10.37776796249562,bike_cleaned.geojson,2008-08-27 12:00:22,2008-08-27 12:17:41,1039.0,bike,201,2,0.9950248756218906,5,1,6.94,"
Trip Summary:
- Start: 2008-08-27 12:00:22 at 清华大学, 30, 双清路, 东升镇, 海淀区, 北京市, 100084, 中国
- End: 2008-08-27 12:17:41 at 中关村街道, 海淀区, 北京市, 100098, 中国
- Duration: 0 days 00:17:19
- Distance: 3.54 km
- Average Speed: 12.93 km/h
- Average Bearing Change: 10.38°
- Max Speed: 18.44 km/h
- Min Speed: 1.53 km/h
- Speed Variability: 2.95 km/h
- Average Acceleration: -0.01 m/s²
- Max Acceleration: 0.59 m/s²
- Number of Turns: 16
- Turn Rate: 0.93 turns/min
- Average Turn Angle: 10.38°
- Turn Angle Variability: 12.67°
- Transport Mode: bike
    "
5.047076697194263,17.17257485116909,0.07073122184141675,4.493080401705678,6.351662268226571,0.0019721989272568465,1.2168741777189316,0.17915821449787,92,5.359223300970873,27.881149648305716,34.06631599921643,27.881149648305716,subway_cleaned.geojson,2008-10-17 14:21:09,2008-10-17 14:35:55,886.0,subway,373,53,14.209115281501342,25,52,6.94,"
Trip Summary:
- Start: 2008-10-17 14:21:09 at 展览路街道, 首都功能核心区, 西城区, 北京市, 100032, 中国
- End: 2008-10-17 14:35:55 at 中关村南四街, 知春东里社区, 中关村街道, 海淀区, 北京市, 100098, 中国
- Duration: 0 days 00:14:46
- Distance: 5.05 km
- Average Speed: 6.35 km/h
- Average Bearing Change: 27.88°
- Max Speed: 17.17 km/h
- Min Speed: 0.07 km/h
- Speed Variability: 4.49 km/h
- Average Acceleration: 0.00 m/s²
- Max Acceleration: 1.22 m/s²
- Number of Turns: 92
- Turn Rate: 5.36 turns/min
- Average Turn Angle: 27.88°
- Turn Angle Variability: 34.07°
- Transport Mode: subway
    "
0.5871878114113883,10.008,0.2521589305663165,3.476678836478981,3.459062066574396,9.724015963304987e-05,0.4598787767913273,0.1282087651393744,47,11.848739495798318,51.121597899183904,51.8510711849335,51.121597899183904,walk_cleaned.geojson,2008-10-17 14:57:21,2008-10-17 15:01:27,246.0,walk,98,6,6.122448979591836,11,5,2.78,"
Trip Summary:
- Start: 2008-10-17 14:57:21 at 中关村东路, 知春东里社区, 中关村街道, 海淀区, 北京市, 100190, 中国
- End: 2008-10-17 15:01:27 at 中关村南四街, 知春东里社区, 中关村街道, 海淀区, 北京市, 100098, 中国
- Duration: 0 days 00:04:06
- Distance: 0.59 km
- Average Speed: 3.46 km/h
- Average Bearing Change: 51.12°
- Max Speed: 10.01 km/h
- Min Speed: 0.25 km/h
- Speed Variability: 3.48 km/h
- Average Acceleration: 0.00 m/s²
- Max Acceleration: 0.46 m/s²
- Number of Turns: 47
- Turn Rate: 11.85 turns/min
- Average Turn Angle: 51.12°
- Turn Angle Variability: 51.85°
- Transport Mode: walk
    "
5.03913350285454,39.996,0.0391322255638847,13.998514715186214,17.0824559897415,-0.007820126249305458,0.7701419091801246,0.36109320227599456,28,0.5131337813072694,30.49854120660482,43.694532955783764,30.49854120660482,bus_cleaned.geojson,2008-03-28 08:48:30,2008-03-28 09:44:01,3331.0,bus,115,14,12.173913043478262,14,13,11.11,"
Trip Summary:
- Start: 2008-03-28 08:48:30 at 西三环北路, 紫竹院街道, 海淀区, 北京市, 100048, 中国
- End: 2008-03-28 09:44:01 at 望海楼, 甘家口街道, 海淀区, 北京市, 100048, 中国
- Duration: 0 days 00:55:31
- Distance: 5.04 km
- Average Speed: 17.08 km/h
- Average Bearing Change: 30.50°
- Max Speed: 40.00 km/h
- Min Speed: 0.04 km/h
- Speed Variability: 14.00 km/h
- Average Acceleration: -0.01 m/s²
- Max Acceleration: 0.77 m/s²
- Number of Turns: 28
- Turn Rate: 0.51 turns/min
- Average Turn Angle: 30.50°
- Turn Angle Variability: 43.69°
- Transport Mode: bus
    "
0.08661331336609632,5.2096283175601865,0.8941394119154954,1.27940481248439,1.8335924666235544,0.0005579199122274939,0.08972026567146407,0.033799485844551024,12,4.9655172413793105,30.351684288457722,26.31658736863709,30.351684288457722,subway_cleaned.geojson,2008-10-19 23:55:54,2008-10-19 23:58:09,135.0,subway,33,1,3.0303030303030303,0,0,6.94,"
Trip Summary:
- Start: 2008-10-19 23:55:54 at 西直门, 西直门站换乘通道, 展览路街道, 首都功能核心区, 西城区, 北京市, 100032, 中国
- End: 2008-10-19 23:58:09 at 西直门站换乘通道, 展览路街道, 首都功能核心区, 西城区, 北京市, 100032, 中国
- Duration: 0 days 00:02:15
- Distance: 0.09 km
- Average Speed: 1.83 km/h
- Average Bearing Change: 30.35°
- Max Speed: 5.21 km/h
- Min Speed: 0.89 km/h
- Speed Variability: 1.28 km/h
- Average Acceleration: 0.00 m/s²
- Max Acceleration: 0.09 m/s²
- Number of Turns: 12
- Turn Rate: 4.97 turns/min
- Average Turn Angle: 30.35°
- Turn Angle Variability: 26.32°
- Transport Mode: subway
    "
3.507872309714104,10.008,0.4023830926098305,2.1599332277663907,3.8486789235117542,0.006128572064545423,1.2484815931659499,0.10458592188071454,142,3.8154948499776085,46.36096321961116,46.79797776574515,46.36096321961116,walk_cleaned.geojson,2008-10-20 00:27:44,2008-10-20 01:05:54,2290.0,walk,306,13,4.248366013071895,20,12,2.78,"
Trip Summary:
- Start: 2008-10-20 00:27:44 at 世界资源研究所, 9, 东中街, 东直门, 东直门街道, 首都功能核心区, 东城区, 北京市, 100027, 中国
- End: 2008-10-20 01:05:54 at 东中街, 东直门, 东直门街道, 首都功能核心区, 东城区, 北京市, 100010, 中国
- Duration: 0 days 00:38:10
- Distance: 3.51 km
- Average Speed: 3.85 km/h
- Average Bearing Change: 46.36°
- Max Speed: 10.01 km/h
- Min Speed: 0.40 km/h
- Speed Variability: 2.16 km/h
- Average Acceleration: 0.01 m/s²
- Max Acceleration: 1.25 m/s²
- Number of Turns: 142
- Turn Rate: 3.82 turns/min
- Average Turn Angle: 46.36°
- Turn Angle Variability: 46.80°
- Transport Mode: walk
    "
6.485893256597053,9.269211079292539,0.8213833750191164,1.6020255571325526,5.029282608316776,-5.958475207712882e-05,0.37258351480148966,0.04758488045942847,241,3.4593301435406696,29.40262186035019,33.4297448469508,29.40262186035019,walk_cleaned.geojson,2011-10-23 16:36:54,2011-10-23 17:47:34,4240.0,walk,798,14,1.7543859649122806,21,13,2.78,"
Trip Summary:
- Start: 2011-10-23 16:36:54 at 五道口, 学院路街道, 海淀区, 北京市, 100190, 中国
- End: 2011-10-23 17:47:34 at 中关村南四街, 知春东里社区, 中关村街道, 海淀区, 北京市, 100098, 中国
- Duration: 0 days 01:10:40
- Distance: 6.49 km
- Average Speed: 5.03 km/h
- Average Bearing Change: 29.40°
- Max Speed: 9.27 km/h
- Min Speed: 0.82 km/h
- Speed Variability: 1.60 km/h
- Average Acceleration: -0.00 m/s²
- Max Acceleration: 0.37 m/s²
- Number of Turns: 241
- Turn Rate: 3.46 turns/min
- Average Turn Angle: 29.40°
- Turn Angle Variability: 33.43°
- Transport Mode: walk
    "
3.4699742035547776,24.984,0.3112727549511799,3.8333670482364406,16.600237150861485,-0.007175425094202036,1.9735886137442158,0.29966818130137907,25,1.9035532994923858,7.80473794270539,13.699543010042577,7.80473794270539,bike_cleaned.geojson,2008-06-15 01:13:28,2008-06-15 01:26:38,790.0,bike,629,12,1.9077901430842605,18,11,6.94,"
Trip Summary:
- Start: 2008-06-15 01:13:28 at 清华大学, 30, 双清路, 东升镇, 海淀区, 北京市, 100084, 中国
- End: 2008-06-15 01:26:38 at 希格玛大厦, 知春路, 中关村街道, 海淀区, 北京市, 100098, 中国
- Duration: 0 days 00:13:10
- Distance: 3.47 km
- Average Speed: 16.60 km/h
- Average Bearing Change: 7.80°
- Max Speed: 24.98 km/h
- Min Speed: 0.31 km/h
- Speed Variability: 3.83 km/h
- Average Acceleration: -0.01 m/s²
- Max Acceleration: 1.97 m/s²
- Number of Turns: 25
- Turn Rate: 1.90 turns/min
- Average Turn Angle: 7.80°
- Turn Angle Variability: 13.70°
- Transport Mode: bike
    "
1.3770192068327187,39.996,1.5848855579119485,12.62260072978096,19.062252471758875,0.010056124789634361,2.406929241124164,0.5014162592921189,15,3.9130434782608696,8.66257161805015,14.615712704681155,8.66257161805015,bus_cleaned.geojson,2008-06-15 04:41:39,2008-06-15 04:45:37,238.0,bus,208,8,3.8461538461538463,13,7,11.11,"
Trip Summary:
- Start: 2008-06-15 04:41:39 at 樱花园东街, 和平街街道, 朝阳区, 北京市, 100029, 中国
- End: 2008-06-15 04:45:37 at 惠新东街, 小关街道, 朝阳区, 北京市, 100029, 中国
- Duration: 0 days 00:03:58
- Distance: 1.38 km
- Average Speed: 19.06 km/h
- Average Bearing Change: 8.66°
- Max Speed: 40.00 km/h
- Min Speed: 1.58 km/h
- Speed Variability: 12.62 km/h
- Average Acceleration: 0.01 m/s²
- Max Acceleration: 2.41 m/s²
- Number of Turns: 15
- Turn Rate: 3.91 turns/min
- Average Turn Angle: 8.66°
- Turn Angle Variability: 14.62°
- Transport Mode: bus
    "
2.312962913366787,8.822551211187692,0.3176955506651519,1.268387745839004,3.9478424237615077,-0.0026650884036783645,0.935478606349024,0.20075081727213948,173,7.893536121673003,37.60435959989434,37.699296761637015,37.60435959989434,walk_cleaned.geojson,2008-06-15 04:27:27,2008-06-15 04:49:32,1325.0,walk,439,16,3.644646924829157,15,15,2.78,"
Trip Summary:
- Start: 2008-06-15 04:27:27 at 中日友好医院本部, 樱花巷, 和平街街道, 朝阳区, 北京市, 100029, 中国
- End: 2008-06-15 04:49:32 at 北京联合大学北四环校区, 育慧北路, 大屯街道, 太阳宫乡, 朝阳区, 北京市, 100029, 中国
- Duration: 0 days 00:22:05
- Distance: 2.31 km
- Average Speed: 3.95 km/h
- Average Bearing Change: 37.60°
- Max Speed: 8.82 km/h
- Min Speed: 0.32 km/h
- Speed Variability: 1.27 km/h
- Average Acceleration: -0.00 m/s²
- Max Acceleration: 0.94 m/s²
- Number of Turns: 173
- Turn Rate: 7.89 turns/min
- Average Turn Angle: 37.60°
- Turn Angle Variability: 37.70°
- Transport Mode: walk
    "
3.2294739153040863,24.984,2.036568180581102,6.365158471971293,15.17352339560267,-0.011869653327810401,0.06014885380253322,0.06042640885816925,2,0.14962593516209477,13.006164089825898,19.239733892041656,13.006164089825898,bike_cleaned.geojson,2008-03-14 18:23:28,2008-03-14 18:36:34,786.0,bike,16,1,6.25,5,0,6.94,"
Trip Summary:
- Start: 2008-03-14 18:23:28 at 海淀交通支队中关村大队, 中关村东路, 知春东里社区, 中关村街道, 海淀区, 北京市, 100190, 中国
- End: 2008-03-14 18:36:34 at 学堂路, 清华园街道, 西洼村, 海淀区, 北京市, 100084, 中国
- Duration: 0 days 00:13:06
- Distance: 3.23 km
- Average Speed: 15.17 km/h
- Average Bearing Change: 13.01°
- Max Speed: 24.98 km/h
- Min Speed: 2.04 km/h
- Speed Variability: 6.37 km/h
- Average Acceleration: -0.01 m/s²
- Max Acceleration: 0.06 m/s²
- Number of Turns: 2
- Turn Rate: 0.15 turns/min
- Average Turn Angle: 13.01°
- Turn Angle Variability: 19.24°
- Transport Mode: bike
    "
6.958841446004227,24.984,2.4598998177962548,8.785910668517953,13.821288044927389,-0.006737158792633694,0.5287884156744407,0.13299938607403916,13,2.6440677966101696,35.30667517818017,44.127382670249254,35.30667517818017,subway_cleaned.geojson,2009-06-19 09:52:12,2009-06-19 10:02:12,600.0,subway,129,87,67.44186046511628,11,86,6.94,"
Trip Summary:
- Start: 2009-06-19 09:52:12 at 昌平42km绿道, 天通苑南街道, 单家村, 昌平区, 北京市, 102218, 中国
- End: 2009-06-19 10:02:12 at 龙域东一路, 回龙观街道, 二拔子村, 昌平区, 北京市, 102208, 中国
- Duration: 0 days 00:10:00
- Distance: 6.96 km
- Average Speed: 13.82 km/h
- Average Bearing Change: 35.31°
- Max Speed: 24.98 km/h
- Min Speed: 2.46 km/h
- Speed Variability: 8.79 km/h
- Average Acceleration: -0.01 m/s²
- Max Acceleration: 0.53 m/s²
- Number of Turns: 13
- Turn Rate: 2.64 turns/min
- Average Turn Angle: 35.31°
- Turn Angle Variability: 44.13°
- Transport Mode: subway
    "
0.2802644513791981,8.75110931933887,3.9797816983817165,1.3984037694592604,6.122737437279715,0.00398907846247523,0.14475589916983833,0.036168324170313036,12,4.114285714285715,25.015196946273985,18.755706554099064,25.015196946273985,walk_cleaned.geojson,2009-03-29 10:30:21,2009-03-29 10:33:16,175.0,walk,36,1,2.7777777777777777,1,0,2.78,"
Trip Summary:
- Start: 2009-03-29 10:30:21 at 武功卫胡同, 西单商业区, 西长安街街道, 首都功能核心区, 西城区, 北京市, 100032, 中国
- End: 2009-03-29 10:33:16 at 西长安街, 西单商业区, 西长安街街道, 首都功能核心区, 西城区, 北京市, 100032, 中国
- Duration: 0 days 00:02:55
- Distance: 0.28 km
- Average Speed: 6.12 km/h
- Average Bearing Change: 25.02°
- Max Speed: 8.75 km/h
- Min Speed: 3.98 km/h
- Speed Variability: 1.40 km/h
- Average Acceleration: 0.00 m/s²
- Max Acceleration: 0.14 m/s²
- Number of Turns: 12
- Turn Rate: 4.11 turns/min
- Average Turn Angle: 25.02°
- Turn Angle Variability: 18.76°
- Transport Mode: walk
    "
12.906806654361665,7.590332925336736,0.36909609968980184,2.225188067046979,3.91085527201635,-0.00018895961257357318,0.4160086044256396,0.07295760884937143,54,1.1546685673556665,39.88246220271214,44.88762188292868,39.88246220271214,walk_cleaned.geojson,2009-09-14 23:41:15,2009-09-15 00:28:29,2834.0,walk,135,9,6.666666666666667,3,8,2.78,"
Trip Summary:
- Start: 2009-09-14 23:41:15 at 立汤路, 天通苑北街道, 东小口镇, 昌平区, 北京市, 102218, 中国
- End: 2009-09-15 00:28:29 at 希格玛大厦, 知春路, 中关村街道, 海淀区, 北京市, 100098, 中国
- Duration: 0 days 00:47:14
- Distance: 12.91 km
- Average Speed: 3.91 km/h
- Average Bearing Change: 39.88°
- Max Speed: 7.59 km/h
- Min Speed: 0.37 km/h
- Speed Variability: 2.23 km/h
- Average Acceleration: -0.00 m/s²
- Max Acceleration: 0.42 m/s²
- Number of Turns: 54
- Turn Rate: 1.15 turns/min
- Average Turn Angle: 39.88°
- Turn Angle Variability: 44.89°
- Transport Mode: walk
    "
7.8139888559641655,39.996,0.16586272892601217,11.731290335828986,12.756911424744528,0.009018590232477912,2.2391479700502464,0.3407634507939812,151,4.566532258064516,24.530372605726534,37.361127378279996,24.530372605726534,bus_cleaned.geojson,2008-09-30 06:57:22,2008-09-30 07:30:46,2004.0,bus,648,11,1.6975308641975309,34,10,11.11,"
Trip Summary:
- Start: 2008-09-30 06:57:22 at 电子二路, 电子城街道, 雁塔区, 西安市, 陕西省, 710068, 中国
- End: 2008-09-30 07:30:46 at 张家村街道, 碑林区, 西安市, 陕西省, 710069, 中国
- Duration: 0 days 00:33:24
- Distance: 7.81 km
- Average Speed: 12.76 km/h
- Average Bearing Change: 24.53°
- Max Speed: 40.00 km/h
- Min Speed: 0.17 km/h
- Speed Variability: 11.73 km/h
- Average Acceleration: 0.01 m/s²
- Max Acceleration: 2.24 m/s²
- Number of Turns: 151
- Turn Rate: 4.57 turns/min
- Average Turn Angle: 24.53°
- Turn Angle Variability: 37.36°
- Transport Mode: bus
    "
5.030197933054775,50.004000000000005,0.25953796092782083,17.724999407762517,25.022845954106646,0.0017941033814484848,1.2927847595622621,0.4313939213732487,67,4.253968253968254,21.616482965438834,32.84892066720011,21.616482965438834,taxi_cleaned.geojson,2008-09-30 09:34:20,2008-09-30 09:50:06,946.0,taxi,332,5,1.5060240963855422,36,4,13.89,"
Trip Summary:
- Start: 2008-09-30 09:34:20 at 边西街, 张家村街道, 碑林区, 西安市, 陕西省, 710069, 中国
- End: 2008-09-30 09:50:06 at 建东街, 太乙路街道, 碑林区, 西安市, 陕西省, 710055, 中国
- Duration: 0 days 00:15:46
- Distance: 5.03 km
- Average Speed: 25.02 km/h
- Average Bearing Change: 21.62°
- Max Speed: 50.00 km/h
- Min Speed: 0.26 km/h
- Speed Variability: 17.72 km/h
- Average Acceleration: 0.00 m/s²
- Max Acceleration: 1.29 m/s²
- Number of Turns: 67
- Turn Rate: 4.25 turns/min
- Average Turn Angle: 21.62°
- Turn Angle Variability: 32.85°
- Transport Mode: taxi
    "
0.6543353835674959,8.761758032231075,0.0829088673197878,1.8765719635712288,4.350356961365345,0.005500373651401822,0.8630600129770383,0.1253676486783237,64,7.8048780487804885,25.338023309087237,26.649162772521432,25.338023309087237,walk_cleaned.geojson,2008-09-30 07:30:58,2008-09-30 07:39:14,496.0,walk,231,4,1.7316017316017316,10,3,2.78,"
Trip Summary:
- Start: 2008-09-30 07:30:58 at 张家村街道, 碑林区, 西安市, 陕西省, 710069, 中国
- End: 2008-09-30 07:39:14 at 通义巷, 张家村街道, 碑林区, 西安市, 陕西省, 710069, 中国
- Duration: 0 days 00:08:16
- Distance: 0.65 km
- Average Speed: 4.35 km/h
- Average Bearing Change: 25.34°
- Max Speed: 8.76 km/h
- Min Speed: 0.08 km/h
- Speed Variability: 1.88 km/h
- Average Acceleration: 0.01 m/s²
- Max Acceleration: 0.86 m/s²
- Number of Turns: 64
- Turn Rate: 7.80 turns/min
- Average Turn Angle: 25.34°
- Turn Angle Variability: 26.65°
- Transport Mode: walk
    "
2.9314922909416845,24.1269901645479,1.036876435004402,2.6250077245006476,15.754949138198551,0.002050188599183427,3.932158185130031,0.36008870043406177,17,1.3972602739726028,8.469299089716912,8.96498020314012,8.469299089716912,bike_cleaned.geojson,2008-07-18 02:04:05,2008-07-18 02:16:16,731.0,bike,576,11,1.9097222222222223,15,10,6.94,"
Trip Summary:
- Start: 2008-07-18 02:04:05 at 凝聚的风景, 30, 双清路, 东升镇, 海淀区, 北京市, 100084, 中国
- End: 2008-07-18 02:16:16 at 中关村街道, 海淀区, 北京市, 100098, 中国
- Duration: 0 days 00:12:11
- Distance: 2.93 km
- Average Speed: 15.75 km/h
- Average Bearing Change: 8.47°
- Max Speed: 24.13 km/h
- Min Speed: 1.04 km/h
- Speed Variability: 2.63 km/h
- Average Acceleration: 0.00 m/s²
- Max Acceleration: 3.93 m/s²
- Number of Turns: 17
- Turn Rate: 1.40 turns/min
- Average Turn Angle: 8.47°
- Turn Angle Variability: 8.96°
- Transport Mode: bike
    "
0.016031581761326845,4.835947818482291,2.0109049799559946,1.0407489573435067,2.9908115506024813,0.028710735182407392,0.4471203402853615,0.12958341965910222,1,3.1578947368421053,11.884724423669578,16.99584396912886,11.884724423669578,walk_cleaned.geojson,2008-07-18 02:17:24,2008-07-18 02:17:43,19.0,walk,22,2,9.090909090909092,0,1,2.78,"
Trip Summary:
- Start: 2008-07-18 02:17:24 at 希格玛大厦, 知春路, 中关村街道, 海淀区, 北京市, 100098, 中国
- End: 2008-07-18 02:17:43 at 希格玛大厦, 知春路, 中关村街道, 海淀区, 北京市, 100098, 中国
- Duration: 0 days 00:00:19
- Distance: 0.02 km
- Average Speed: 2.99 km/h
- Average Bearing Change: 11.88°
- Max Speed: 4.84 km/h
- Min Speed: 2.01 km/h
- Speed Variability: 1.04 km/h
- Average Acceleration: 0.03 m/s²
- Max Acceleration: 0.45 m/s²
- Number of Turns: 1
- Turn Rate: 3.16 turns/min
- Average Turn Angle: 11.88°
- Turn Angle Variability: 17.00°
- Transport Mode: walk
    "
12.458634887940908,5.197085717869876,0.027643075482275858,0.7046275895494334,3.80502113192984,-0.0014643649064949443,0.08918289103692445,0.03550864875463011,15,0.6870229007633588,24.937801073090462,25.839651370302025,24.937801073090462,walk_cleaned.geojson,2008-08-20 15:10:19,2008-08-20 15:32:14,1315.0,walk,63,3,4.761904761904762,1,2,2.78,"
Trip Summary:
- Start: 2008-08-20 15:10:19 at 星巴克, 08广场, 麦子店街道, 朝阳区, 北京市, 100125, 中国
- End: 2008-08-20 15:32:14 at 中关村街道, 海淀区, 北京市, 100098, 中国
- Duration: 0 days 00:21:55
- Distance: 12.46 km
- Average Speed: 3.81 km/h
- Average Bearing Change: 24.94°
- Max Speed: 5.20 km/h
- Min Speed: 0.03 km/h
- Speed Variability: 0.70 km/h
- Average Acceleration: -0.00 m/s²
- Max Acceleration: 0.09 m/s²
- Number of Turns: 15
- Turn Rate: 0.69 turns/min
- Average Turn Angle: 24.94°
- Turn Angle Variability: 25.84°
- Transport Mode: walk
    "
4.923801207096274,10.008,0.15400979606743573,1.8960190198097293,3.856130647185851,0.0036979292391265727,1.0939923305957824,0.1101576197018338,139,4.128712871287129,31.691015466341685,34.8530332677678,31.691015466341685,walk_cleaned.geojson,2008-10-14 22:57:09,2008-10-14 23:31:13,2044.0,walk,394,12,3.0456852791878175,11,11,2.78,"
Trip Summary:
- Start: 2008-10-14 22:57:09 at 白云观街, 月坛街道, 首都功能核心区, 西城区, 北京市, 100032, 中国
- End: 2008-10-14 23:31:13 at 首都医科大学, 右安门西滨河路, 玉林西里社区, 右安门街道, 菜户营村, 丰台区, 北京市, 100069, 中国
- Duration: 0 days 00:34:04
- Distance: 4.92 km
- Average Speed: 3.86 km/h
- Average Bearing Change: 31.69°
- Max Speed: 10.01 km/h
- Min Speed: 0.15 km/h
- Speed Variability: 1.90 km/h
- Average Acceleration: 0.00 m/s²
- Max Acceleration: 1.09 m/s²
- Number of Turns: 139
- Turn Rate: 4.13 turns/min
- Average Turn Angle: 31.69°
- Turn Angle Variability: 34.85°
- Transport Mode: walk
    "
3.0412950016022267,24.984,0.0,5.9765010821798,12.017927939074394,-0.016711558539846325,2.5901629910441137,0.3889919589768935,62,5.145228215767634,20.911580357991397,33.51345194631529,20.911580357991397,bike_cleaned.geojson,2008-04-23 01:52:41,2008-04-23 02:04:57,736.0,bike,334,10,2.9940119760479043,26,9,6.94,"
Trip Summary:
- Start: 2008-04-23 01:52:41 at 紫光大厦, 一号院10号楼, 中关村东路, 东升镇, 海淀区, 北京市, 100084, 中国
- End: 2008-04-23 02:04:57 at 中关村街道, 海淀区, 北京市, 100098, 中国
- Duration: 0 days 00:12:16
- Distance: 3.04 km
- Average Speed: 12.02 km/h
- Average Bearing Change: 20.91°
- Max Speed: 24.98 km/h
- Min Speed: 0.00 km/h
- Speed Variability: 5.98 km/h
- Average Acceleration: -0.02 m/s²
- Max Acceleration: 2.59 m/s²
- Number of Turns: 62
- Turn Rate: 5.15 turns/min
- Average Turn Angle: 20.91°
- Turn Angle Variability: 33.51°
- Transport Mode: bike
    "
2.2003334728413955,21.931071042856097,11.08726678362336,2.1322570885750842,16.212511387633892,-0.0048544903569522875,0.5898638859669041,0.09556853215328977,5,0.6097560975609757,6.264327445863119,9.561226014531135,6.264327445863119,bike_cleaned.geojson,2008-04-30 02:50:08,2008-04-30 02:58:20,492.0,bike,237,1,0.42194092827004215,4,0,6.94,"
Trip Summary:
- Start: 2008-04-30 02:50:08 at 东方红2-0023号机车, 大运村路, 花园路街道, 海淀区, 北京市, 100098, 中国
- End: 2008-04-30 02:58:20 at 中关村街道, 海淀区, 北京市, 100098, 中国
- Duration: 0 days 00:08:12
- Distance: 2.20 km
- Average Speed: 16.21 km/h
- Average Bearing Change: 6.26°
- Max Speed: 21.93 km/h
- Min Speed: 11.09 km/h
- Speed Variability: 2.13 km/h
- Average Acceleration: -0.00 m/s²
- Max Acceleration: 0.59 m/s²
- Number of Turns: 5
- Turn Rate: 0.61 turns/min
- Average Turn Angle: 6.26°
- Turn Angle Variability: 9.56°
- Transport Mode: bike
    "
0.08270764714283409,6.759072234715247,4.000186096337972,1.0421241619732553,5.364045959022702,0.0015380153702407738,0.21230358202709398,0.1262215664864111,2,2.2222222222222223,17.906094647675225,29.03504247788989,17.906094647675225,walk_cleaned.geojson,2008-04-30 02:58:38,2008-04-30 02:59:32,54.0,walk,29,1,3.4482758620689653,0,0,2.78,"
Trip Summary:
- Start: 2008-04-30 02:58:38 at 中关村街道, 海淀区, 北京市, 100098, 中国
- End: 2008-04-30 02:59:32 at 中关村街道, 海淀区, 北京市, 100098, 中国
- Duration: 0 days 00:00:54
- Distance: 0.08 km
- Average Speed: 5.36 km/h
- Average Bearing Change: 17.91°
- Max Speed: 6.76 km/h
- Min Speed: 4.00 km/h
- Speed Variability: 1.04 km/h
- Average Acceleration: 0.00 m/s²
- Max Acceleration: 0.21 m/s²
- Number of Turns: 2
- Turn Rate: 2.22 turns/min
- Average Turn Angle: 17.91°
- Turn Angle Variability: 29.04°
- Transport Mode: walk
    "
16.121002898168932,39.996,0.04758996851095918,12.320030772824193,13.017914054411863,0.004426993069423127,1.4765103756177047,0.21734251218585338,240,3.543307086614173,34.36067442432234,45.87750282385867,34.36067442432234,bus_cleaned.geojson,2008-11-26 23:04:19,2008-11-27 00:12:49,4110.0,bus,761,12,1.5768725361366622,29,11,11.11,"
Trip Summary:
- Start: 2008-11-26 23:04:19 at 中关村东路天桥, 中关村街道, 海淀区, 北京市, 100190, 中国
- End: 2008-11-27 00:12:49 at 工人体育场北路, 东直门街道, 首都功能核心区, 东城区, 北京市, 100010, 中国
- Duration: 0 days 01:08:30
- Distance: 16.12 km
- Average Speed: 13.02 km/h
- Average Bearing Change: 34.36°
- Max Speed: 40.00 km/h
- Min Speed: 0.05 km/h
- Speed Variability: 12.32 km/h
- Average Acceleration: 0.00 m/s²
- Max Acceleration: 1.48 m/s²
- Number of Turns: 240
- Turn Rate: 3.54 turns/min
- Average Turn Angle: 34.36°
- Turn Angle Variability: 45.88°
- Transport Mode: bus
    "
1.61835218136592,9.860303996184546,0.20177672262960464,2.1421883223960214,4.250649157554214,0.007391742552068478,1.2335908810281169,0.1610371228878698,90,5.357142857142857,45.27353488031629,41.445280203780435,45.27353488031629,walk_cleaned.geojson,2008-11-27 00:13:02,2008-11-27 00:30:34,1052.0,walk,190,8,4.2105263157894735,12,7,2.78,"
Trip Summary:
- Start: 2008-11-27 00:13:02 at 工人体育场北路, 东直门街道, 首都功能核心区, 东城区, 北京市, 100010, 中国
- End: 2008-11-27 00:30:34 at April Gourmet, 东中街, 东直门, 东直门街道, 首都功能核心区, 东城区, 北京市, 100010, 中国
- Duration: 0 days 00:17:32
- Distance: 1.62 km
- Average Speed: 4.25 km/h
- Average Bearing Change: 45.27°
- Max Speed: 9.86 km/h
- Min Speed: 0.20 km/h
- Speed Variability: 2.14 km/h
- Average Acceleration: 0.01 m/s²
- Max Acceleration: 1.23 m/s²
- Number of Turns: 90
- Turn Rate: 5.36 turns/min
- Average Turn Angle: 45.27°
- Turn Angle Variability: 41.45°
- Transport Mode: walk
    "
3.7887885622380932,19.596116368227214,10.369054868115876,1.5581802605719282,15.675974221900997,-0.003967629905668072,0.60523324727494,0.10762752194398832,5,0.34965034965034963,6.0877054779231985,6.30596811946837,6.0877054779231985,bike_cleaned.geojson,2008-05-06 15:19:59,2008-05-06 15:34:35,876.0,bike,382,10,2.6178010471204187,6,9,6.94,"
Trip Summary:
- Start: 2008-05-06 15:19:59 at 星规路, 知春东里社区, 中关村街道, 海淀区, 北京市, 100098, 中国
- End: 2008-05-06 15:34:35 at 清华大学, 30, 双清路, 东升镇, 海淀区, 北京市, 100084, 中国
- Duration: 0 days 00:14:36
- Distance: 3.79 km
- Average Speed: 15.68 km/h
- Average Bearing Change: 6.09°
- Max Speed: 19.60 km/h
- Min Speed: 10.37 km/h
- Speed Variability: 1.56 km/h
- Average Acceleration: -0.00 m/s²
- Max Acceleration: 0.61 m/s²
- Number of Turns: 5
- Turn Rate: 0.35 turns/min
- Average Turn Angle: 6.09°
- Turn Angle Variability: 6.31°
- Transport Mode: bike
    "
3.45243573898102,7.297237191414817,0.19986254854229948,2.3761947672502086,2.28733201309299,-0.019253630330194,0.14548690686468707,0.09364554876481392,18,1.0650887573964498,37.28636933304956,47.14427897657893,37.28636933304956,walk_cleaned.geojson,2008-05-06 15:18:50,2008-05-06 15:35:49,1019.0,walk,58,4,6.896551724137931,0,3,2.78,"
Trip Summary:
- Start: 2008-05-06 15:18:50 at 希格玛大厦, 知春路, 中关村街道, 海淀区, 北京市, 100098, 中国
- End: 2008-05-06 15:35:49 at 清华大学, 30, 双清路, 东升镇, 海淀区, 北京市, 100084, 中国
- Duration: 0 days 00:16:59
- Distance: 3.45 km
- Average Speed: 2.29 km/h
- Average Bearing Change: 37.29°
- Max Speed: 7.30 km/h
- Min Speed: 0.20 km/h
- Speed Variability: 2.38 km/h
- Average Acceleration: -0.02 m/s²
- Max Acceleration: 0.15 m/s²
- Number of Turns: 18
- Turn Rate: 1.07 turns/min
- Average Turn Angle: 37.29°
- Turn Angle Variability: 47.14°
- Transport Mode: walk
    "
4.369869022623219,21.24105328372995,0.4902668347819936,3.4070307610533943,14.902274344933764,-0.0013506851670857366,0.9692863833959955,0.17361690864361726,28,1.4659685863874345,11.192890821259269,16.548900189591116,11.192890821259269,bike_cleaned.geojson,2008-10-07 04:28:37,2008-10-07 04:49:03,1226.0,bike,481,7,1.4553014553014554,11,6,6.94,"
Trip Summary:
- Start: 2008-10-07 04:28:37 at 清华大学, 30, 双清路, 东升镇, 海淀区, 北京市, 100084, 中国
- End: 2008-10-07 04:49:03 at 希格玛大厦, 知春路, 中关村街道, 海淀区, 北京市, 100098, 中国
- Duration: 0 days 00:20:26
- Distance: 4.37 km
- Average Speed: 14.90 km/h
- Average Bearing Change: 11.19°
- Max Speed: 21.24 km/h
- Min Speed: 0.49 km/h
- Speed Variability: 3.41 km/h
- Average Acceleration: -0.00 m/s²
- Max Acceleration: 0.97 m/s²
- Number of Turns: 28
- Turn Rate: 1.47 turns/min
- Average Turn Angle: 11.19°
- Turn Angle Variability: 16.55°
- Transport Mode: bike
    "
1.3024654523650547,39.390691910212226,1.1421446151372314,12.302531314574537,21.43132632515061,0.007350817965347253,1.2946091167696454,0.45857595660319705,4,1.1428571428571428,13.531204821295871,20.55308263768806,13.531204821295871,bus_cleaned.geojson,2008-11-05 00:28:10,2008-11-05 00:31:40,210.0,bus,45,1,2.2222222222222223,4,0,11.11,"
Trip Summary:
- Start: 2008-11-05 00:28:10 at 东直门南小街, 北新桥街道, 首都功能核心区, 东城区, 北京市, 100010, 中国
- End: 2008-11-05 00:31:40 at 东直门外大街, 东直门, 东直门街道, 首都功能核心区, 东城区, 北京市, 100010, 中国
- Duration: 0 days 00:03:30
- Distance: 1.30 km
- Average Speed: 21.43 km/h
- Average Bearing Change: 13.53°
- Max Speed: 39.39 km/h
- Min Speed: 1.14 km/h
- Speed Variability: 12.30 km/h
- Average Acceleration: 0.01 m/s²
- Max Acceleration: 1.29 m/s²
- Number of Turns: 4
- Turn Rate: 1.14 turns/min
- Average Turn Angle: 13.53°
- Turn Angle Variability: 20.55°
- Transport Mode: bus
    "
2.007319601606805,8.898700906108527,0.0,2.432962303985483,4.887750004678915,-0.005113435219718153,0.357731275681956,0.05843101977009587,48,3.75,50.110235705505794,46.237340408832445,50.110235705505794,walk_cleaned.geojson,2008-11-05 00:25:09,2008-11-05 00:38:33,804.0,walk,108,8,7.4074074074074066,6,7,2.78,"
Trip Summary:
- Start: 2008-11-05 00:25:09 at 东直门医院, 东直门南小街, 北新桥街道, 首都功能核心区, 东城区, 北京市, 100010, 中国
- End: 2008-11-05 00:38:33 at 东中街, 东直门, 东直门街道, 首都功能核心区, 东城区, 北京市, 100010, 中国
- Duration: 0 days 00:13:24
- Distance: 2.01 km
- Average Speed: 4.89 km/h
- Average Bearing Change: 50.11°
- Max Speed: 8.90 km/h
- Min Speed: 0.00 km/h
- Speed Variability: 2.43 km/h
- Average Acceleration: -0.01 m/s²
- Max Acceleration: 0.36 m/s²
- Number of Turns: 48
- Turn Rate: 3.75 turns/min
- Average Turn Angle: 50.11°
- Turn Angle Variability: 46.24°
- Transport Mode: walk
    "
4.673453123677726,24.984,0.3352965988717319,8.512124434405706,6.730381880629643,0.015820533393781623,1.2499723460479055,0.27544362378956483,24,3.310344827586207,42.61628173793233,47.34497229093932,42.61628173793233,subway_cleaned.geojson,2008-10-28 12:45:24,2008-10-28 12:55:29,605.0,subway,98,36,36.734693877551024,5,35,6.94,"
Trip Summary:
- Start: 2008-10-28 12:45:24 at 中大安胡同, 新街口街道, 首都功能核心区, 西城区, 北京市, 100032, 中国
- End: 2008-10-28 12:55:29 at 知春路, 花园路街道, 中关村街道, 海淀区, 北京市, 100081, 中国
- Duration: 0 days 00:10:05
- Distance: 4.67 km
- Average Speed: 6.73 km/h
- Average Bearing Change: 42.62°
- Max Speed: 24.98 km/h
- Min Speed: 0.34 km/h
- Speed Variability: 8.51 km/h
- Average Acceleration: 0.02 m/s²
- Max Acceleration: 1.25 m/s²
- Number of Turns: 24
- Turn Rate: 3.31 turns/min
- Average Turn Angle: 42.62°
- Turn Angle Variability: 47.34°
- Transport Mode: subway
    "
2.369412340345128,9.181176227503991,0.2445092630943032,1.5151454160189664,3.276831256836381,0.0008272154784561219,0.3202974839194886,0.04653107258308332,161,3.7572928821470244,43.9157092023586,42.12497074954702,43.9157092023586,walk_cleaned.geojson,2008-10-28 13:09:08,2008-10-28 13:52:13,2585.0,walk,351,13,3.7037037037037033,7,12,2.78,"
Trip Summary:
- Start: 2008-10-28 13:09:08 at 希格玛大厦, 知春路, 中关村街道, 海淀区, 北京市, 100098, 中国
- End: 2008-10-28 13:52:13 at 中关村南四街, 知春东里社区, 中关村街道, 海淀区, 北京市, 100098, 中国
- Duration: 0 days 00:43:05
- Distance: 2.37 km
- Average Speed: 3.28 km/h
- Average Bearing Change: 43.92°
- Max Speed: 9.18 km/h
- Min Speed: 0.24 km/h
- Speed Variability: 1.52 km/h
- Average Acceleration: 0.00 m/s²
- Max Acceleration: 0.32 m/s²
- Number of Turns: 161
- Turn Rate: 3.76 turns/min
- Average Turn Angle: 43.92°
- Turn Angle Variability: 42.12°
- Transport Mode: walk
    "
2.9113005854347263,21.55919145097354,4.557613974163258,2.920679089447772,15.475409789129365,-0.013512430819439395,1.8672577362399019,0.32683043552205737,33,2.82453637660485,9.981922765335991,15.793123962001902,9.981922765335991,bike_cleaned.geojson,2008-07-01 01:39:44,2008-07-01 01:51:39,715.0,bike,595,15,2.5210084033613445,16,14,6.94,"
Trip Summary:
- Start: 2008-07-01 01:39:44 at Paradiso Coffee, 30, 双清路, 东升镇, 海淀区, 北京市, 100084, 中国
- End: 2008-07-01 01:51:39 at 星规路, 知春东里社区, 中关村街道, 海淀区, 北京市, 100098, 中国
- Duration: 0 days 00:11:55
- Distance: 2.91 km
- Average Speed: 15.48 km/h
- Average Bearing Change: 9.98°
- Max Speed: 21.56 km/h
- Min Speed: 4.56 km/h
- Speed Variability: 2.92 km/h
- Average Acceleration: -0.01 m/s²
- Max Acceleration: 1.87 m/s²
- Number of Turns: 33
- Turn Rate: 2.82 turns/min
- Average Turn Angle: 9.98°
- Turn Angle Variability: 15.79°
- Transport Mode: bike
    "
0.15273188822671474,10.008,0.4044271512503128,2.4352687112152465,5.507627094301433,-0.008463146076213082,1.0712509790696143,0.23905038582907007,13,10.263157894736842,22.958292827087863,33.93494242731791,22.958292827087863,walk_cleaned.geojson,2008-07-01 01:51:46,2008-07-01 01:53:05,79.0,walk,62,4,6.451612903225806,7,3,2.78,"
Trip Summary:
- Start: 2008-07-01 01:51:46 at 武圣羊汤, 星规路, 知春东里社区, 中关村街道, 海淀区, 北京市, 100098, 中国
- End: 2008-07-01 01:53:05 at 希格玛大厦, 知春路, 中关村街道, 海淀区, 北京市, 100098, 中国
- Duration: 0 days 00:01:19
- Distance: 0.15 km
- Average Speed: 5.51 km/h
- Average Bearing Change: 22.96°
- Max Speed: 10.01 km/h
- Min Speed: 0.40 km/h
- Speed Variability: 2.44 km/h
- Average Acceleration: -0.01 m/s²
- Max Acceleration: 1.07 m/s²
- Number of Turns: 13
- Turn Rate: 10.26 turns/min
- Average Turn Angle: 22.96°
- Turn Angle Variability: 33.93°
- Transport Mode: walk
    "
9.900931637487451,39.996,0.15376410190195786,13.633569736567186,13.272278386004341,0.0013880004261952951,3.6947838717661763,0.34128003716104344,228,4.904983865184654,25.03061920967495,42.286664284549616,25.03061920967495,bus_cleaned.geojson,2008-10-10 09:52:14,2008-10-10 10:39:17,2823.0,bus,1076,17,1.5799256505576207,49,16,11.11,"
Trip Summary:
- Start: 2008-10-10 09:52:14 at 西单北大街, 西单商业区, 西长安街街道, 首都功能核心区, 西城区, 北京市, 100032, 中国
- End: 2008-10-10 10:39:17 at 肯德基, 29, 知春路, 花园路街道, 海淀区, 北京市, 100081, 中国
- Duration: 0 days 00:47:03
- Distance: 9.90 km
- Average Speed: 13.27 km/h
- Average Bearing Change: 25.03°
- Max Speed: 40.00 km/h
- Min Speed: 0.15 km/h
- Speed Variability: 13.63 km/h
- Average Acceleration: 0.00 m/s²
- Max Acceleration: 3.69 m/s²
- Number of Turns: 228
- Turn Rate: 4.90 turns/min
- Average Turn Angle: 25.03°
- Turn Angle Variability: 42.29°
- Transport Mode: bus
    "
0.608970188327712,10.008,0.6189870533536982,2.0088546873065454,5.237073196307111,0.0023304623697086337,1.3040295757410312,0.16336374651181712,54,8.68632707774799,25.894051462120693,25.422373037542116,25.894051462120693,walk_cleaned.geojson,2008-10-10 10:42:25,2008-10-10 10:48:48,383.0,walk,167,6,3.592814371257485,9,5,2.78,"
Trip Summary:
- Start: 2008-10-10 10:42:25 at 大运村路, 花园路街道, 海淀区, 北京市, 100081, 中国
- End: 2008-10-10 10:48:48 at 希格玛大厦, 知春路, 中关村街道, 海淀区, 北京市, 100098, 中国
- Duration: 0 days 00:06:23
- Distance: 0.61 km
- Average Speed: 5.24 km/h
- Average Bearing Change: 25.89°
- Max Speed: 10.01 km/h
- Min Speed: 0.62 km/h
- Speed Variability: 2.01 km/h
- Average Acceleration: 0.00 m/s²
- Max Acceleration: 1.30 m/s²
- Number of Turns: 54
- Turn Rate: 8.69 turns/min
- Average Turn Angle: 25.89°
- Turn Angle Variability: 25.42°
- Transport Mode: walk
    "
7.610635146501043,39.996,0.0,16.235266843601703,19.7246088664198,0.025964290789217262,1.3685129935146527,0.22189549411511703,51,2.3181818181818183,25.296451464872877,39.83845912180128,25.296451464872877,bus_cleaned.geojson,2008-11-01 10:22:15,2008-11-01 10:44:13,1318.0,bus,239,3,1.2552301255230125,56,2,11.11,"
Trip Summary:
- Start: 2008-11-01 10:22:15 at 北四环东路, 亚运村街道, 朝阳区, 北京市, 100012, 中国
- End: 2008-11-01 10:44:13 at 中关村街道, 海淀区, 北京市, 100190, 中国
- Duration: 0 days 00:21:58
- Distance: 7.61 km
- Average Speed: 19.72 km/h
- Average Bearing Change: 25.30°
- Max Speed: 40.00 km/h
- Min Speed: 0.00 km/h
- Speed Variability: 16.24 km/h
- Average Acceleration: 0.03 m/s²
- Max Acceleration: 1.37 m/s²
- Number of Turns: 51
- Turn Rate: 2.32 turns/min
- Average Turn Angle: 25.30°
- Turn Angle Variability: 39.84°
- Transport Mode: bus
    "
0.0691096146422824,7.056838670840818,2.9283203735970877,1.5289826054750721,5.834316967692161,-0.00023767703339398066,0.11468106381232586,0.05734291170383897,0,0.0,7.902553881239339,8.13078827942922,7.902553881239339,walk_cleaned.geojson,2008-11-01 09:29:25,2008-11-01 09:30:05,40.0,walk,9,1,11.11111111111111,2,0,2.78,"
Trip Summary:
- Start: 2008-11-01 09:29:25 at 朝阳门北小街, 东四街道, 首都功能核心区, 东城区, 北京市, 100010, 中国
- End: 2008-11-01 09:30:05 at 朝阳门北小街, 东四街道, 首都功能核心区, 东城区, 北京市, 100010, 中国
- Duration: 0 days 00:00:40
- Distance: 0.07 km
- Average Speed: 5.83 km/h
- Average Bearing Change: 7.90°
- Max Speed: 7.06 km/h
- Min Speed: 2.93 km/h
- Speed Variability: 1.53 km/h
- Average Acceleration: -0.00 m/s²
- Max Acceleration: 0.11 m/s²
- Number of Turns: 0
- Turn Rate: 0.00 turns/min
- Average Turn Angle: 7.90°
- Turn Angle Variability: 8.13°
- Transport Mode: walk
    "
6.189689415679418,39.996,0.0,12.922421410174284,14.811686938261847,0.004786107636427062,1.7680382811131894,0.412616845405798,123,4.489051094890511,22.084354524175726,40.12874005587044,22.084354524175726,bus_cleaned.geojson,2008-11-12 10:03:02,2008-11-12 10:30:34,1652.0,bus,686,5,0.7288629737609329,25,4,11.11,"
Trip Summary:
- Start: 2008-11-12 10:03:02 at 右安门西滨河路, 玉林里社区, 右安门街道, 菜户营村, 丰台区, 北京市, 100069, 中国
- End: 2008-11-12 10:30:34 at 莲花池东路, 月坛街道, 首都功能核心区, 西城区, 北京市, 100032, 中国
- Duration: 0 days 00:27:32
- Distance: 6.19 km
- Average Speed: 14.81 km/h
- Average Bearing Change: 22.08°
- Max Speed: 40.00 km/h
- Min Speed: 0.00 km/h
- Speed Variability: 12.92 km/h
- Average Acceleration: 0.00 m/s²
- Max Acceleration: 1.77 m/s²
- Number of Turns: 123
- Turn Rate: 4.49 turns/min
- Average Turn Angle: 22.08°
- Turn Angle Variability: 40.13°
- Transport Mode: bus
    "
4.7426523505798714,9.331726822292516,0.41269224885456,1.6450927701145879,4.165617705370679,0.0001586815481983969,0.9076347219166416,0.10968520080192233,99,2.139769452449568,25.23648354282293,30.353286031760717,25.23648354282293,walk_cleaned.geojson,2008-11-12 09:54:02,2008-11-12 10:40:56,2814.0,walk,403,16,3.970223325062035,10,15,2.78,"
Trip Summary:
- Start: 2008-11-12 09:54:02 at 首都医科大学, 右安门西滨河路, 玉林西里社区, 右安门街道, 菜户营村, 丰台区, 北京市, 100069, 中国
- End: 2008-11-12 10:40:56 at 月坛街道, 首都功能核心区, 西城区, 北京市, 100032, 中国
- Duration: 0 days 00:46:54
- Distance: 4.74 km
- Average Speed: 4.17 km/h
- Average Bearing Change: 25.24°
- Max Speed: 9.33 km/h
- Min Speed: 0.41 km/h
- Speed Variability: 1.65 km/h
- Average Acceleration: 0.00 m/s²
- Max Acceleration: 0.91 m/s²
- Number of Turns: 99
- Turn Rate: 2.14 turns/min
- Average Turn Angle: 25.24°
- Turn Angle Variability: 30.35°
- Transport Mode: walk
    "
4.654358314915901,24.984,0.15372801713795792,7.941969357704677,12.573740377678366,0.005996959321549088,2.8327762341248817,0.31047982113355377,85,5.489773950484392,20.725215374658216,31.371679748920485,20.725215374658216,bike_cleaned.geojson,2008-05-03 16:01:09,2008-05-03 16:17:28,979.0,bike,494,45,9.109311740890687,68,44,6.94,"
Trip Summary:
- Start: 2008-05-03 16:01:09 at 中航科技大厦, 56, 知春路, 知春东里社区, 中关村街道, 海淀区, 北京市, 100098, 中国
- End: 2008-05-03 16:17:28 at 清华大学, 30, 双清路, 东升镇, 海淀区, 北京市, 100084, 中国
- Duration: 0 days 00:16:19
- Distance: 4.65 km
- Average Speed: 12.57 km/h
- Average Bearing Change: 20.73°
- Max Speed: 24.98 km/h
- Min Speed: 0.15 km/h
- Speed Variability: 7.94 km/h
- Average Acceleration: 0.01 m/s²
- Max Acceleration: 2.83 m/s²
- Number of Turns: 85
- Turn Rate: 5.49 turns/min
- Average Turn Angle: 20.73°
- Turn Angle Variability: 31.37°
- Transport Mode: bike
    "
0.18014446361614822,10.008,1.717517640059991,2.222908276072528,4.933855576632443,-0.0034596713949465916,0.28205469882319967,0.09093079205836876,10,6.0,17.6485698160115,14.69922794916292,17.6485698160115,walk_cleaned.geojson,2008-05-03 16:17:40,2008-05-03 16:19:26,106.0,walk,44,4,9.090909090909092,5,3,2.78,"
Trip Summary:
- Start: 2008-05-03 16:17:40 at 清华大学, 30, 双清路, 东升镇, 海淀区, 北京市, 100084, 中国
- End: 2008-05-03 16:19:26 at 清华大学, 30, 双清路, 东升镇, 海淀区, 北京市, 100084, 中国
- Duration: 0 days 00:01:46
- Distance: 0.18 km
- Average Speed: 4.93 km/h
- Average Bearing Change: 17.65°
- Max Speed: 10.01 km/h
- Min Speed: 1.72 km/h
- Speed Variability: 2.22 km/h
- Average Acceleration: -0.00 m/s²
- Max Acceleration: 0.28 m/s²
- Number of Turns: 10
- Turn Rate: 6.00 turns/min
- Average Turn Angle: 17.65°
- Turn Angle Variability: 14.70°
- Transport Mode: walk
    "
4.995356247325089,5.4552434524687134,0.07688130131440017,1.65074931344665,2.366337730027415,0.006280086580040842,0.32292942864944696,0.0902956003695384,23,2.4125874125874125,48.90086422640953,47.166658716822056,48.90086422640953,bike_cleaned.geojson,2008-04-30 10:18:07,2008-04-30 10:27:41,574.0,bike,54,5,9.25925925925926,2,4,6.94,"
Trip Summary:
- Start: 2008-04-30 10:18:07 at 中国科学院计算机网络信息中心, 东升南路, 清华园, 中关村街道, 海淀区, 北京市, 100190, 中国
- End: 2008-04-30 10:27:41 at 紫竹院街道, 海淀区, 北京市, 100872, 中国
- Duration: 0 days 00:09:34
- Distance: 5.00 km
- Average Speed: 2.37 km/h
- Average Bearing Change: 48.90°
- Max Speed: 5.46 km/h
- Min Speed: 0.08 km/h
- Speed Variability: 1.65 km/h
- Average Acceleration: 0.01 m/s²
- Max Acceleration: 0.32 m/s²
- Number of Turns: 23
- Turn Rate: 2.41 turns/min
- Average Turn Angle: 48.90°
- Turn Angle Variability: 47.17°
- Transport Mode: bike
    "
3.8032441098893295,23.995763527648368,0.15372735131905052,5.530104933608,12.9770660927707,-0.004807056857901877,1.5894944558447075,0.25087452856287906,50,3.0959752321981426,15.829063846696393,27.34778691982803,15.829063846696393,bike_cleaned.geojson,2008-05-15 02:00:49,2008-05-15 02:17:19,990.0,bike,437,12,2.745995423340961,13,11,6.94,"
Trip Summary:
- Start: 2008-05-15 02:00:49 at 清华大学, 30, 双清路, 东升镇, 海淀区, 北京市, 100084, 中国
- End: 2008-05-15 02:17:19 at 希格玛大厦, 知春路, 中关村街道, 海淀区, 北京市, 100098, 中国
- Duration: 0 days 00:16:30
- Distance: 3.80 km
- Average Speed: 12.98 km/h
- Average Bearing Change: 15.83°
- Max Speed: 24.00 km/h
- Min Speed: 0.15 km/h
- Speed Variability: 5.53 km/h
- Average Acceleration: -0.00 m/s²
- Max Acceleration: 1.59 m/s²
- Number of Turns: 50
- Turn Rate: 3.10 turns/min
- Average Turn Angle: 15.83°
- Turn Angle Variability: 27.35°
- Transport Mode: bike
    "
0.0018596726826675038,0.4612856317326291,0.09238650894702966,0.1256587440286853,0.30333168105801606,0.0010655445369395925,0.038107919799049504,0.01944167048520621,4,8.571428571428571,30.41389320472668,18.791077483494938,30.41389320472668,walk_cleaned.geojson,2008-05-15 02:19:05,2008-05-15 02:19:21,16.0,walk,10,1,10.0,0,0,2.78,"
Trip Summary:
- Start: 2008-05-15 02:19:05 at 希格玛大厦, 知春路, 中关村街道, 海淀区, 北京市, 100098, 中国
- End: 2008-05-15 02:19:21 at 希格玛大厦, 知春路, 中关村街道, 海淀区, 北京市, 100098, 中国
- Duration: 0 days 00:00:16
- Distance: 0.00 km
- Average Speed: 0.30 km/h
- Average Bearing Change: 30.41°
- Max Speed: 0.46 km/h
- Min Speed: 0.09 km/h
- Speed Variability: 0.13 km/h
- Average Acceleration: 0.00 m/s²
- Max Acceleration: 0.04 m/s²
- Number of Turns: 4
- Turn Rate: 8.57 turns/min
- Average Turn Angle: 30.41°
- Turn Angle Variability: 18.79°
- Transport Mode: walk
    "
10.594044857011452,39.996,0.2164076499251454,12.410964959857317,13.685569927654416,0.014242158151261947,1.7582299637864156,0.28225891795017743,153,3.4524257239563743,33.97610972823002,46.06634538119213,33.97610972823002,bus_cleaned.geojson,2009-03-24 09:17:43,2009-03-24 10:02:33,2690.0,bus,474,13,2.7426160337552745,22,12,11.11,"
Trip Summary:
- Start: 2009-03-24 09:17:43 at 三里河东路, 月坛街道, 首都功能核心区, 西城区, 北京市, 100032, 中国
- End: 2009-03-24 10:02:33 at 中关村东路, 知春东里社区, 中关村街道, 海淀区, 北京市, 100190, 中国
- Duration: 0 days 00:44:50
- Distance: 10.59 km
- Average Speed: 13.69 km/h
- Average Bearing Change: 33.98°
- Max Speed: 40.00 km/h
- Min Speed: 0.22 km/h
- Speed Variability: 12.41 km/h
- Average Acceleration: 0.01 m/s²
- Max Acceleration: 1.76 m/s²
- Number of Turns: 153
- Turn Rate: 3.45 turns/min
- Average Turn Angle: 33.98°
- Turn Angle Variability: 46.07°
- Transport Mode: bus
    "
9.377190971874567,9.02209302656432,0.6386908015321412,1.978791676800954,3.3080944552677445,0.004608210306177892,0.4545000563238623,0.06532489669660113,59,1.024602026049204,47.33609092207387,41.20163579876961,47.33609092207387,walk_cleaned.geojson,2009-03-24 09:11:03,2009-03-24 10:09:03,3480.0,walk,119,6,5.042016806722689,3,5,2.78,"
Trip Summary:
- Start: 2009-03-24 09:11:03 at 白云路北口, 白云路, 月坛街道, 首都功能核心区, 西城区, 北京市, 100032, 中国
- End: 2009-03-24 10:09:03 at 中国科学院国家空间科学中心, 1, 中关村南三条, 中关村街道, 海淀区, 北京市, 100190, 中国
- Duration: 0 days 00:58:00
- Distance: 9.38 km
- Average Speed: 3.31 km/h
- Average Bearing Change: 47.34°
- Max Speed: 9.02 km/h
- Min Speed: 0.64 km/h
- Speed Variability: 1.98 km/h
- Average Acceleration: 0.00 m/s²
- Max Acceleration: 0.45 m/s²
- Number of Turns: 59
- Turn Rate: 1.02 turns/min
- Average Turn Angle: 47.34°
- Turn Angle Variability: 41.20°
- Transport Mode: walk
    "
6.072805545457213,39.996,0.2522839855755934,12.818674769270196,18.14268884940757,0.005886599449176316,2.1167605518737167,0.4407504701488515,82,4.141414141414141,17.454691589537944,28.392235590705994,17.454691589537944,bus_cleaned.geojson,2008-11-26 10:04:26,2008-11-26 10:24:28,1202.0,bus,549,5,0.9107468123861567,46,4,11.11,"
Trip Summary:
- Start: 2008-11-26 10:04:26 at 右安门西滨河路, 玉林里社区, 右安门街道, 菜户营村, 丰台区, 北京市, 100069, 中国
- End: 2008-11-26 10:24:28 at 莲花池东路, 广安门外街道, 首都功能核心区, 西城区, 北京市, 100032, 中国
- Duration: 0 days 00:20:02
- Distance: 6.07 km
- Average Speed: 18.14 km/h
- Average Bearing Change: 17.45°
- Max Speed: 40.00 km/h
- Min Speed: 0.25 km/h
- Speed Variability: 12.82 km/h
- Average Acceleration: 0.01 m/s²
- Max Acceleration: 2.12 m/s²
- Number of Turns: 82
- Turn Rate: 4.14 turns/min
- Average Turn Angle: 17.45°
- Turn Angle Variability: 28.39°
- Transport Mode: bus
    "
4.193513871094504,10.008,0.14278607182558428,2.281208337148815,4.326216886543986,0.00607676722403384,0.800894954742155,0.138669778975152,64,2.0512820512820515,29.395120724840936,34.75595221329827,29.395120724840936,walk_cleaned.geojson,2008-11-26 10:01:38,2008-11-26 10:31:12,1774.0,walk,226,5,2.2123893805309733,12,4,2.78,"
Trip Summary:
- Start: 2008-11-26 10:01:38 at 首都医科大学, 右安门西滨河路, 玉林西里社区, 右安门街道, 菜户营村, 丰台区, 北京市, 100069, 中国
- End: 2008-11-26 10:31:12 at 月坛街道, 首都功能核心区, 西城区, 北京市, 100032, 中国
- Duration: 0 days 00:29:34
- Distance: 4.19 km
- Average Speed: 4.33 km/h
- Average Bearing Change: 29.40°
- Max Speed: 10.01 km/h
- Min Speed: 0.14 km/h
- Speed Variability: 2.28 km/h
- Average Acceleration: 0.01 m/s²
- Max Acceleration: 0.80 m/s²
- Number of Turns: 64
- Turn Rate: 2.05 turns/min
- Average Turn Angle: 29.40°
- Turn Angle Variability: 34.76°
- Transport Mode: walk
    "
3.9195564658155506,22.010054771089568,0.19986203190004526,4.763810064446747,12.58599529627289,0.007753336153463896,1.1906893128372458,0.19215478874125566,27,1.1903012490815577,10.779717619833834,14.290284227210998,10.779717619833834,bike_cleaned.geojson,2008-04-30 15:30:13,2008-04-30 15:53:08,1375.0,bike,506,8,1.5810276679841897,11,7,6.94,"
Trip Summary:
- Start: 2008-04-30 15:30:13 at 星规路, 知春东里社区, 中关村街道, 海淀区, 北京市, 100098, 中国
- End: 2008-04-30 15:53:08 at 清华大学, 30, 双清路, 东升镇, 海淀区, 北京市, 100084, 中国
- Duration: 0 days 00:22:55
- Distance: 3.92 km
- Average Speed: 12.59 km/h
- Average Bearing Change: 10.78°
- Max Speed: 22.01 km/h
- Min Speed: 0.20 km/h
- Speed Variability: 4.76 km/h
- Average Acceleration: 0.01 m/s²
- Max Acceleration: 1.19 m/s²
- Number of Turns: 27
- Turn Rate: 1.19 turns/min
- Average Turn Angle: 10.78°
- Turn Angle Variability: 14.29°
- Transport Mode: bike
    "
0.030937149567500016,6.71021009430157,1.0363755339907084,2.1426369122484776,4.994524835876383,-0.010906851185098054,0.6186880003912631,0.24885170017243297,2,4.615384615384615,14.271622957321389,14.524261015264491,14.271622957321389,walk_cleaned.geojson,2008-04-30 15:54:46,2008-04-30 15:55:08,22.0,walk,13,2,15.384615384615385,0,1,2.78,"
Trip Summary:
- Start: 2008-04-30 15:54:46 at 清华大学, 30, 双清路, 东升镇, 海淀区, 北京市, 100084, 中国
- End: 2008-04-30 15:55:08 at 清华大学, 30, 双清路, 东升镇, 海淀区, 北京市, 100084, 中国
- Duration: 0 days 00:00:22
- Distance: 0.03 km
- Average Speed: 4.99 km/h
- Average Bearing Change: 14.27°
- Max Speed: 6.71 km/h
- Min Speed: 1.04 km/h
- Speed Variability: 2.14 km/h
- Average Acceleration: -0.01 m/s²
- Max Acceleration: 0.62 m/s²
- Number of Turns: 2
- Turn Rate: 4.62 turns/min
- Average Turn Angle: 14.27°
- Turn Angle Variability: 14.52°
- Transport Mode: walk
    "
1.3955340404622738,24.984,0.7994459252246063,5.157772445609216,13.605400830472384,-0.0049968738752434036,1.6872471382902159,0.29672102373083414,40,5.7007125890736345,14.732205654026155,22.953786278824538,14.732205654026155,bike_cleaned.geojson,2008-07-13 03:48:53,2008-07-13 03:56:00,427.0,bike,330,7,2.1212121212121215,8,6,6.94,"
Trip Summary:
- Start: 2008-07-13 03:48:53 at 中关村东路, 知春东里社区, 中关村街道, 海淀区, 北京市, 100190, 中国
- End: 2008-07-13 03:56:00 at 中关村913号楼, 913, 知春路, 知春东里社区, 中关村街道, 海淀区, 北京市, 100086, 中国
- Duration: 0 days 00:07:07
- Distance: 1.40 km
- Average Speed: 13.61 km/h
- Average Bearing Change: 14.73°
- Max Speed: 24.98 km/h
- Min Speed: 0.80 km/h
- Speed Variability: 5.16 km/h
- Average Acceleration: -0.00 m/s²
- Max Acceleration: 1.69 m/s²
- Number of Turns: 40
- Turn Rate: 5.70 turns/min
- Average Turn Angle: 14.73°
- Turn Angle Variability: 22.95°
- Transport Mode: bike
    "
4.097981324604214,24.395320612893176,0.1536994190574899,5.136447443556629,11.827947099114764,-0.003324282328935601,1.0779486083539989,0.19892534252599867,65,3.3106960950764006,16.857127191049223,28.76859633454296,16.857127191049223,bike_cleaned.geojson,2008-04-28 01:16:57,2008-04-28 01:37:01,1204.0,bike,490,13,2.6530612244897958,9,12,6.94,"
Trip Summary:
- Start: 2008-04-28 01:16:57 at 清华大学, 30, 双清路, 东升镇, 海淀区, 北京市, 100084, 中国
- End: 2008-04-28 01:37:01 at 中关村街道, 海淀区, 北京市, 100098, 中国
- Duration: 0 days 00:20:04
- Distance: 4.10 km
- Average Speed: 11.83 km/h
- Average Bearing Change: 16.86°
- Max Speed: 24.40 km/h
- Min Speed: 0.15 km/h
- Speed Variability: 5.14 km/h
- Average Acceleration: -0.00 m/s²
- Max Acceleration: 1.08 m/s²
- Number of Turns: 65
- Turn Rate: 3.31 turns/min
- Average Turn Angle: 16.86°
- Turn Angle Variability: 28.77°
- Transport Mode: bike
    "
0.11874507494031075,1.5081424907043035,0.15376312698467448,0.3746722923528061,0.6738280632573085,0.0014616375400413517,0.07405075052581311,0.015799896796390513,29,5.958904109589041,28.378235160924767,36.724792687752334,28.378235160924767,walk_cleaned.geojson,2008-04-28 02:12:07,2008-04-28 02:17:01,294.0,walk,109,1,0.9174311926605505,2,0,2.78,"
Trip Summary:
- Start: 2008-04-28 02:12:07 at 中关村街道, 海淀区, 北京市, 100098, 中国
- End: 2008-04-28 02:17:01 at 希格玛大厦, 知春路, 中关村街道, 海淀区, 北京市, 100098, 中国
- Duration: 0 days 00:04:54
- Distance: 0.12 km
- Average Speed: 0.67 km/h
- Average Bearing Change: 28.38°
- Max Speed: 1.51 km/h
- Min Speed: 0.15 km/h
- Speed Variability: 0.37 km/h
- Average Acceleration: 0.00 m/s²
- Max Acceleration: 0.07 m/s²
- Number of Turns: 29
- Turn Rate: 5.96 turns/min
- Average Turn Angle: 28.38°
- Turn Angle Variability: 36.72°
- Transport Mode: walk
    "
23.645724471578802,39.996,0.0840790866861588,12.912187392225448,14.797623499554897,0.0024153614547622595,4.654411222464962,0.5167640440809412,290,2.7893555626803463,26.565986471082674,40.228085188601966,26.565986471082674,bus_cleaned.geojson,2008-07-31 23:24:45,2008-08-01 01:11:43,6418.0,bus,1255,68,5.418326693227091,98,67,11.11,"
Trip Summary:
- Start: 2008-07-31 23:24:45 at 中关村东路天桥, 中关村街道, 海淀区, 北京市, 100190, 中国
- End: 2008-08-01 01:11:43 at 东四十条, 北新桥街道, 首都功能核心区, 东城区, 北京市, 100010, 中国
- Duration: 0 days 01:46:58
- Distance: 23.65 km
- Average Speed: 14.80 km/h
- Average Bearing Change: 26.57°
- Max Speed: 40.00 km/h
- Min Speed: 0.08 km/h
- Speed Variability: 12.91 km/h
- Average Acceleration: 0.00 m/s²
- Max Acceleration: 4.65 m/s²
- Number of Turns: 290
- Turn Rate: 2.79 turns/min
- Average Turn Angle: 26.57°
- Turn Angle Variability: 40.23°
- Transport Mode: bus
    "
9.677668235146369,10.008,0.0012749470205238598,2.255670095440494,4.677211689354629,0.0008946748294329473,1.2207829741398504,0.13159066064610309,82,1.3773796192609182,34.13181956563711,39.10093994468093,34.13181956563711,walk_cleaned.geojson,2008-08-01 00:13:07,2008-08-01 01:14:05,3658.0,walk,220,10,4.545454545454546,18,9,2.78,"
Trip Summary:
- Start: 2008-08-01 00:13:07 at 莲花池东路, 月坛街道, 首都功能核心区, 西城区, 北京市, 100032, 中国
- End: 2008-08-01 01:14:05 at 工人体育场北路, 东直门, 东直门街道, 首都功能核心区, 东城区, 北京市, 100010, 中国
- Duration: 0 days 01:00:58
- Distance: 9.68 km
- Average Speed: 4.68 km/h
- Average Bearing Change: 34.13°
- Max Speed: 10.01 km/h
- Min Speed: 0.00 km/h
- Speed Variability: 2.26 km/h
- Average Acceleration: 0.00 m/s²
- Max Acceleration: 1.22 m/s²
- Number of Turns: 82
- Turn Rate: 1.38 turns/min
- Average Turn Angle: 34.13°
- Turn Angle Variability: 39.10°
- Transport Mode: walk
    "
6.931420358629823,39.996,0.10088834921076957,12.809909558062063,17.31649686550885,0.02631666572311155,3.8621525799033916,0.468397871540208,80,3.4782608695652173,31.128124264324455,44.43426810468468,31.128124264324455,bus_cleaned.geojson,2008-09-09 12:25:15,2008-09-09 12:48:15,1380.0,bus,289,1,0.34602076124567477,21,0,11.11,"
Trip Summary:
- Start: 2008-09-09 12:25:15 at 工人体育场北路, 三里屯, 三里屯街道, 朝阳区, 北京市, 100600, 中国
- End: 2008-09-09 12:48:15 at 樱花园东街, 和平街街道, 朝阳区, 北京市, 100029, 中国
- Duration: 0 days 00:23:00
- Distance: 6.93 km
- Average Speed: 17.32 km/h
- Average Bearing Change: 31.13°
- Max Speed: 40.00 km/h
- Min Speed: 0.10 km/h
- Speed Variability: 12.81 km/h
- Average Acceleration: 0.03 m/s²
- Max Acceleration: 3.86 m/s²
- Number of Turns: 80
- Turn Rate: 3.48 turns/min
- Average Turn Angle: 31.13°
- Turn Angle Variability: 44.43°
- Transport Mode: bus
    "
0.6529192791962247,7.00781548535705,0.0,1.9115765077477485,4.1852910873449325,0.00519849860107855,0.8764968899589621,0.0959097292394904,40,4.86815415821501,37.33172588119423,38.64077948788592,37.33172588119423,walk_cleaned.geojson,2008-09-09 13:41:13,2008-09-09 13:49:33,500.0,walk,100,3,3.0,2,2,2.78,"
Trip Summary:
- Start: 2008-09-09 13:41:13 at 知春路, 知春东里社区, 北太平庄街道, 中关村街道, 海淀区, 北京市, 100081, 中国
- End: 2008-09-09 13:49:33 at 中关村街道, 海淀区, 北京市, 100098, 中国
- Duration: 0 days 00:08:20
- Distance: 0.65 km
- Average Speed: 4.19 km/h
- Average Bearing Change: 37.33°
- Max Speed: 7.01 km/h
- Min Speed: 0.00 km/h
- Speed Variability: 1.91 km/h
- Average Acceleration: 0.01 m/s²
- Max Acceleration: 0.88 m/s²
- Number of Turns: 40
- Turn Rate: 4.87 turns/min
- Average Turn Angle: 37.33°
- Turn Angle Variability: 38.64°
- Transport Mode: walk
    "
10.930767103119797,39.996,0.26959047809011455,14.109210707382005,14.671426498847303,0.009905989612118981,2.4385596365743583,0.3625488128124376,139,3.492462311557789,33.5193382407498,43.17605321000959,33.5193382407498,bus_cleaned.geojson,2009-04-24 02:20:03,2009-04-24 03:00:38,2435.0,bus,442,12,2.7149321266968327,42,11,11.11,"
Trip Summary:
- Start: 2009-04-24 02:20:03 at 首都医科大学附属复兴医院, 复兴路, 木樨地小区, 月坛街道, 首都功能核心区, 西城区, 北京市, 100032, 中国
- End: 2009-04-24 03:00:38 at 中关村东路, 知春东里社区, 中关村街道, 海淀区, 北京市, 100098, 中国
- Duration: 0 days 00:40:35
- Distance: 10.93 km
- Average Speed: 14.67 km/h
- Average Bearing Change: 33.52°
- Max Speed: 40.00 km/h
- Min Speed: 0.27 km/h
- Speed Variability: 14.11 km/h
- Average Acceleration: 0.01 m/s²
- Max Acceleration: 2.44 m/s²
- Number of Turns: 139
- Turn Rate: 3.49 turns/min
- Average Turn Angle: 33.52°
- Turn Angle Variability: 43.18°
- Transport Mode: bus
    "
0.26974418206627454,7.090415423706632,1.9058127508092613,1.8065356913951502,4.586361392302753,-0.0022867663339127334,0.07768836213290306,0.05321603193593814,7,2.625,24.413606244207045,24.620767573120006,24.413606244207045,walk_cleaned.geojson,2009-04-24 03:03:26,2009-04-24 03:06:26,180.0,walk,25,4,16.0,0,3,2.78,"
Trip Summary:
- Start: 2009-04-24 03:03:26 at 世纪科贸大厦C座, 66号, 中关村东路, 知春东里社区, 中关村街道, 海淀区, 北京市, 100190, 中国
- End: 2009-04-24 03:06:26 at 中关村南三条, 中关村街道, 海淀区, 北京市, 100190, 中国
- Duration: 0 days 00:03:00
- Distance: 0.27 km
- Average Speed: 4.59 km/h
- Average Bearing Change: 24.41°
- Max Speed: 7.09 km/h
- Min Speed: 1.91 km/h
- Speed Variability: 1.81 km/h
- Average Acceleration: -0.00 m/s²
- Max Acceleration: 0.08 m/s²
- Number of Turns: 7
- Turn Rate: 2.62 turns/min
- Average Turn Angle: 24.41°
- Turn Angle Variability: 24.62°
- Transport Mode: walk
    "
8.556322570162902,39.996,31.61096365065042,1.6325781422790868,39.55805250065177,0.0005915699943533517,0.6963234006122873,0.12605985244800547,2,0.21543985637342908,3.1462258559002776,6.787157197393307,3.1462258559002776,bus_cleaned.geojson,2008-01-01 09:42:34,2008-01-01 09:52:21,587.0,bus,156,11,7.051282051282051,125,10,11.11,"
Trip Summary:
- Start: 2008-01-01 09:42:34 at 北三环西路, 北太平庄街道, 海淀区, 北京市, 100081, 中国
- End: 2008-01-01 09:52:21 at 宣武门西大街, 广安门内街道, 首都功能核心区, 西城区, 北京市, 100032, 中国
- Duration: 0 days 00:09:47
- Distance: 8.56 km
- Average Speed: 39.56 km/h
- Average Bearing Change: 3.15°
- Max Speed: 40.00 km/h
- Min Speed: 31.61 km/h
- Speed Variability: 1.63 km/h
- Average Acceleration: 0.00 m/s²
- Max Acceleration: 0.70 m/s²
- Number of Turns: 2
- Turn Rate: 0.22 turns/min
- Average Turn Angle: 3.15°
- Turn Angle Variability: 6.79°
- Transport Mode: bus
    "
0.4377716722352585,6.546650191068412,0.28551857840650274,2.4057112852811584,2.0045556653706167,0.022854700622017787,0.8238322273173475,0.14528107897894968,20,6.486486486486486,73.28562945321693,60.348676734835145,73.28562945321693,bus_cleaned.geojson,2011-12-30 04:08:48,2011-12-30 04:11:38,170.0,bus,35,1,2.857142857142857,5,0,11.11,"
Trip Summary:
- Start: 2011-12-30 04:08:48 at 知春路, 中关村街道, 海淀区, 北京市, 100098, 中国
- End: 2011-12-30 04:11:38 at 知春路, 知春东里社区, 中关村街道, 海淀区, 北京市, 100086, 中国
- Duration: 0 days 00:02:50
- Distance: 0.44 km
- Average Speed: 2.00 km/h
- Average Bearing Change: 73.29°
- Max Speed: 6.55 km/h
- Min Speed: 0.29 km/h
- Speed Variability: 2.41 km/h
- Average Acceleration: 0.02 m/s²
- Max Acceleration: 0.82 m/s²
- Number of Turns: 20
- Turn Rate: 6.49 turns/min
- Average Turn Angle: 73.29°
- Turn Angle Variability: 60.35°
- Transport Mode: bus
    "
0.5972958561319985,10.008,0.7654583778835777,2.218377120051941,5.719545343234943,0.017366914744068287,0.49377876191359965,0.09780600366857216,17,3.3442622950819674,31.059512940719102,38.77600063741448,31.059512940719102,walk_cleaned.geojson,2011-12-30 04:18:53,2011-12-30 04:24:08,315.0,walk,58,3,5.172413793103448,5,2,2.78,"
Trip Summary:
- Start: 2011-12-30 04:18:53 at 海淀南路, 中关村核心区, 海淀街道, 六郎庄村, 海淀区, 北京市, 100872, 中国
- End: 2011-12-30 04:24:08 at 丹棱街, 中关村核心区, 海淀街道, 六郎庄村, 海淀区, 北京市, 100080, 中国
- Duration: 0 days 00:05:15
- Distance: 0.60 km
- Average Speed: 5.72 km/h
- Average Bearing Change: 31.06°
- Max Speed: 10.01 km/h
- Min Speed: 0.77 km/h
- Speed Variability: 2.22 km/h
- Average Acceleration: 0.02 m/s²
- Max Acceleration: 0.49 m/s²
- Number of Turns: 17
- Turn Rate: 3.34 turns/min
- Average Turn Angle: 31.06°
- Turn Angle Variability: 38.78°
- Transport Mode: walk
    "
4.407974020752053,24.984,0.794272716332774,4.729430858089623,13.693482333331877,5.173048905704846e-06,1.4347709071331063,0.2262590721039594,51,2.7996340347666973,14.074288819430336,22.955264824071644,14.074288819430336,bike_cleaned.geojson,2008-04-29 06:40:56,2008-04-29 06:59:27,1111.0,bike,484,11,2.272727272727273,16,10,6.94,"
Trip Summary:
- Start: 2008-04-29 06:40:56 at 清华大学, 30, 双清路, 东升镇, 海淀区, 北京市, 100084, 中国
- End: 2008-04-29 06:59:27 at 希格玛大厦, 知春路, 中关村街道, 海淀区, 北京市, 100098, 中国
- Duration: 0 days 00:18:31
- Distance: 4.41 km
- Average Speed: 13.69 km/h
- Average Bearing Change: 14.07°
- Max Speed: 24.98 km/h
- Min Speed: 0.79 km/h
- Speed Variability: 4.73 km/h
- Average Acceleration: 0.00 m/s²
- Max Acceleration: 1.43 m/s²
- Number of Turns: 51
- Turn Rate: 2.80 turns/min
- Average Turn Angle: 14.07°
- Turn Angle Variability: 22.96°
- Transport Mode: bike
    "
1.0036947152242055,10.008,0.0,2.4947848836219557,2.6442213176457288,-0.005828350963174552,0.7399190581788528,0.12128776796698806,152,8.752399232245681,33.826635183238785,39.59090998796721,33.826635183238785,walk_cleaned.geojson,2008-04-29 04:32:11,2008-04-29 04:49:54,1063.0,walk,442,11,2.48868778280543,26,10,2.78,"
Trip Summary:
- Start: 2008-04-29 04:32:11 at 中国人民大学, 59号, 中关村大街, 中关村, 中关村街道, 海淀区, 北京市, 100872, 中国
- End: 2008-04-29 04:49:54 at 中关村大街, 友谊社区, 海淀街道, 海淀区, 北京市, 100872, 中国
- Duration: 0 days 00:17:43
- Distance: 1.00 km
- Average Speed: 2.64 km/h
- Average Bearing Change: 33.83°
- Max Speed: 10.01 km/h
- Min Speed: 0.00 km/h
- Speed Variability: 2.49 km/h
- Average Acceleration: -0.01 m/s²
- Max Acceleration: 0.74 m/s²
- Number of Turns: 152
- Turn Rate: 8.75 turns/min
- Average Turn Angle: 33.83°
- Turn Angle Variability: 39.59°
- Transport Mode: walk
    "
4.374677439353602,19.349048656942884,11.755936371485447,1.5670949151245068,15.237284039098359,-0.0015507419836170262,0.19398055633282088,0.0321015031515714,9,0.5023255813953488,9.12370223546657,13.552161478353987,9.12370223546657,bike_cleaned.geojson,2008-09-17 03:48:31,2008-09-17 04:06:51,1100.0,bike,186,6,3.225806451612903,2,5,6.94,"
Trip Summary:
- Start: 2008-09-17 03:48:31 at 清华大学, 30, 双清路, 东升镇, 海淀区, 北京市, 100084, 中国
- End: 2008-09-17 04:06:51 at 知春路, 中关村街道, 海淀区, 北京市, 100098, 中国
- Duration: 0 days 00:18:20
- Distance: 4.37 km
- Average Speed: 15.24 km/h
- Average Bearing Change: 9.12°
- Max Speed: 19.35 km/h
- Min Speed: 11.76 km/h
- Speed Variability: 1.57 km/h
- Average Acceleration: -0.00 m/s²
- Max Acceleration: 0.19 m/s²
- Number of Turns: 9
- Turn Rate: 0.50 turns/min
- Average Turn Angle: 9.12°
- Turn Angle Variability: 13.55°
- Transport Mode: bike
    "
0.02194702117084271,3.2774967171675837,0.0,0.9487331967211636,1.59748428987252,0.019119650648358168,0.10050605704591092,0.06110070108858862,4,6.857142857142857,33.119705172959456,25.17107329736173,33.119705172959456,walk_cleaned.geojson,2008-09-17 04:07:31,2008-09-17 04:08:06,35.0,walk,10,1,10.0,0,0,2.78,"
Trip Summary:
- Start: 2008-09-17 04:07:31 at 知春路, 中关村街道, 海淀区, 北京市, 100098, 中国
- End: 2008-09-17 04:08:06 at 中关村街道, 海淀区, 北京市, 100098, 中国
- Duration: 0 days 00:00:35
- Distance: 0.02 km
- Average Speed: 1.60 km/h
- Average Bearing Change: 33.12°
- Max Speed: 3.28 km/h
- Min Speed: 0.00 km/h
- Speed Variability: 0.95 km/h
- Average Acceleration: 0.02 m/s²
- Max Acceleration: 0.10 m/s²
- Number of Turns: 4
- Turn Rate: 6.86 turns/min
- Average Turn Angle: 33.12°
- Turn Angle Variability: 25.17°
- Transport Mode: walk
    "
4.476203656066664,24.984,0.10250955365922708,7.6655590830971265,11.644249675399047,-0.006723095097466692,5.509853105321876,0.42335168868523215,195,7.2,21.386675687076238,34.40319897678541,21.386675687076238,bike_cleaned.geojson,2008-05-30 17:32:15,2008-05-30 17:59:49,1654.0,bike,1100,27,2.4545454545454546,47,26,6.94,"
Trip Summary:
- Start: 2008-05-30 17:32:15 at 知春路, 中关村街道, 海淀区, 北京市, 100098, 中国
- End: 2008-05-30 17:59:49 at 清华大学, 30, 双清路, 东升镇, 海淀区, 北京市, 100084, 中国
- Duration: 0 days 00:27:34
- Distance: 4.48 km
- Average Speed: 11.64 km/h
- Average Bearing Change: 21.39°
- Max Speed: 24.98 km/h
- Min Speed: 0.10 km/h
- Speed Variability: 7.67 km/h
- Average Acceleration: -0.01 m/s²
- Max Acceleration: 5.51 m/s²
- Number of Turns: 195
- Turn Rate: 7.20 turns/min
- Average Turn Angle: 21.39°
- Turn Angle Variability: 34.40°
- Transport Mode: bike
    "
1.2527438643361646,10.429008117873213,0.2855156937911098,3.2219933597212194,3.312202761926952,0.0019405591881268463,0.31189054940385585,0.07674714738580075,53,5.389830508474576,51.98791833403561,48.70100608833271,51.98791833403561,car_cleaned.geojson,2008-11-26 12:49:00,2008-11-26 12:58:20,560.0,car,101,3,2.9702970297029703,0,2,13.89,"
Trip Summary:
- Start: 2008-11-26 12:49:00 at 知春路, 中关村街道, 海淀区, 北京市, 100098, 中国
- End: 2008-11-26 12:58:20 at 中关村东路, 知春东里社区, 中关村街道, 海淀区, 北京市, 100190, 中国
- Duration: 0 days 00:09:20
- Distance: 1.25 km
- Average Speed: 3.31 km/h
- Average Bearing Change: 51.99°
- Max Speed: 10.43 km/h
- Min Speed: 0.29 km/h
- Speed Variability: 3.22 km/h
- Average Acceleration: 0.00 m/s²
- Max Acceleration: 0.31 m/s²
- Number of Turns: 53
- Turn Rate: 5.39 turns/min
- Average Turn Angle: 51.99°
- Turn Angle Variability: 48.70°
- Transport Mode: car
    "
0.18324119896514635,24.984,18.44654332440645,3.2687283377967766,23.34963583110161,-0.09079800938324381,0.0,0.18159601876648762,0,0.0,3.443618982440815,2.0969257140412303,3.443618982440815,subway_cleaned.geojson,2009-06-26 00:30:21,2009-06-26 00:30:41,20.0,subway,17,12,70.58823529411765,3,11,6.94,"
Trip Summary:
- Start: 2009-06-26 00:30:21 at 立汤路, 天通苑北街道, 东小口镇, 昌平区, 北京市, 102218, 中国
- End: 2009-06-26 00:30:41 at 天通苑南, 立汤路, 天通苑北街道, 东小口镇, 昌平区, 北京市, 102218, 中国
- Duration: 0 days 00:00:20
- Distance: 0.18 km
- Average Speed: 23.35 km/h
- Average Bearing Change: 3.44°
- Max Speed: 24.98 km/h
- Min Speed: 18.45 km/h
- Speed Variability: 3.27 km/h
- Average Acceleration: -0.09 m/s²
- Max Acceleration: 0.00 m/s²
- Number of Turns: 0
- Turn Rate: 0.00 turns/min
- Average Turn Angle: 3.44°
- Turn Angle Variability: 2.10°
- Transport Mode: subway
    "
0.5553498853507092,6.7128340280258305,1.0333953538545724,1.1917844189824387,3.8477293922165132,0.00019399462567342256,0.2422999850053102,0.04780625740164593,35,4.516129032258065,35.63350038855594,33.95006309631789,35.63350038855594,walk_cleaned.geojson,2009-06-26 00:32:46,2009-06-26 00:40:36,470.0,walk,83,2,2.4096385542168677,3,1,2.78,"
Trip Summary:
- Start: 2009-06-26 00:32:46 at 天通苑南, 立汤路, 天通苑北街道, 东小口镇, 昌平区, 北京市, 102218, 中国
- End: 2009-06-26 00:40:36 at 太平庄中街, 天通苑南街道, 中滩村, 昌平区, 北京市, 102218, 中国
- Duration: 0 days 00:07:50
- Distance: 0.56 km
- Average Speed: 3.85 km/h
- Average Bearing Change: 35.63°
- Max Speed: 6.71 km/h
- Min Speed: 1.03 km/h
- Speed Variability: 1.19 km/h
- Average Acceleration: 0.00 m/s²
- Max Acceleration: 0.24 m/s²
- Number of Turns: 35
- Turn Rate: 4.52 turns/min
- Average Turn Angle: 35.63°
- Turn Angle Variability: 33.95°
- Transport Mode: walk
    "
2.849537250055987,39.996,0.03075343441933601,15.66829018692031,16.683346662210713,-0.02554647122083122,1.625498119349248,0.6517187279274554,30,2.8301886792452833,29.153711943914487,39.31245627930066,29.153711943914487,bus_cleaned.geojson,2008-07-22 14:06:23,2008-07-22 14:17:39,676.0,bus,124,15,12.096774193548388,19,14,11.11,"
Trip Summary:
- Start: 2008-07-22 14:06:23 at 厦门商务会馆, 迎夏街, 中关村街道, 海淀区, 北京市, 100098, 中国
- End: 2008-07-22 14:17:39 at 中关村南四街, 中关村街道, 海淀区, 北京市, 100190, 中国
- Duration: 0 days 00:11:16
- Distance: 2.85 km
- Average Speed: 16.68 km/h
- Average Bearing Change: 29.15°
- Max Speed: 40.00 km/h
- Min Speed: 0.03 km/h
- Speed Variability: 15.67 km/h
- Average Acceleration: -0.03 m/s²
- Max Acceleration: 1.63 m/s²
- Number of Turns: 30
- Turn Rate: 2.83 turns/min
- Average Turn Angle: 29.15°
- Turn Angle Variability: 39.31°
- Transport Mode: bus
    "
6.9038162677301385,50.004000000000005,0.0,18.561489130876943,18.257205266714625,0.01696707088581487,1.741181176970707,0.40037942104776814,119,5.234604105571847,22.231668670413473,35.670533443268816,22.231668670413473,taxi_cleaned.geojson,2008-07-22 07:20:00,2008-07-22 07:43:00,1380.0,taxi,566,9,1.5901060070671376,52,8,13.89,"
Trip Summary:
- Start: 2008-07-22 07:20:00 at 66, 工人体育场北路, 东直门街道, 首都功能核心区, 东城区, 北京市, 100010, 中国
- End: 2008-07-22 07:43:00 at 1, 育慧街, 小关街道, 朝阳区, 北京市, 100029, 中国
- Duration: 0 days 00:23:00
- Distance: 6.90 km
- Average Speed: 18.26 km/h
- Average Bearing Change: 22.23°
- Max Speed: 50.00 km/h
- Min Speed: 0.00 km/h
- Speed Variability: 18.56 km/h
- Average Acceleration: 0.02 m/s²
- Max Acceleration: 1.74 m/s²
- Number of Turns: 119
- Turn Rate: 5.23 turns/min
- Average Turn Angle: 22.23°
- Turn Angle Variability: 35.67°
- Transport Mode: taxi
    "
0.027559342868048117,3.626172004347132,0.30753428592772086,1.0562771883216533,1.771577192502626,-0.007328942668411156,0.2018139078474606,0.08794572286239541,5,8.823529411764707,52.92703233902849,55.01827089217471,52.92703233902849,walk_cleaned.geojson,2008-07-22 14:05:41,2008-07-22 14:06:09,28.0,walk,12,1,8.333333333333332,1,0,2.78,"
Trip Summary:
- Start: 2008-07-22 14:05:41 at 古里铺, 大钟寺东路, 中关村街道, 海淀区, 北京市, 100081, 中国
- End: 2008-07-22 14:06:09 at 厦门商务会馆, 迎夏街, 中关村街道, 海淀区, 北京市, 100098, 中国
- Duration: 0 days 00:00:28
- Distance: 0.03 km
- Average Speed: 1.77 km/h
- Average Bearing Change: 52.93°
- Max Speed: 3.63 km/h
- Min Speed: 0.31 km/h
- Speed Variability: 1.06 km/h
- Average Acceleration: -0.01 m/s²
- Max Acceleration: 0.20 m/s²
- Number of Turns: 5
- Turn Rate: 8.82 turns/min
- Average Turn Angle: 52.93°
- Turn Angle Variability: 55.02°
- Transport Mode: walk
    "
3.9388260784984896,22.277099994156153,5.2326691818046225,3.093727337152335,14.601449788627512,0.00014984251196771537,1.7844059061432693,0.25201235989560156,35,1.8010291595197256,8.146949419927182,9.81742458638834,8.146949419927182,bike_cleaned.geojson,2008-06-05 01:57:48,2008-06-05 02:17:26,1178.0,bike,884,13,1.4705882352941175,17,12,6.94,"
Trip Summary:
- Start: 2008-06-05 01:57:48 at 清华大学, 30, 双清路, 东升镇, 海淀区, 北京市, 100084, 中国
- End: 2008-06-05 02:17:26 at 中关村街道, 海淀区, 北京市, 100098, 中国
- Duration: 0 days 00:19:38
- Distance: 3.94 km
- Average Speed: 14.60 km/h
- Average Bearing Change: 8.15°
- Max Speed: 22.28 km/h
- Min Speed: 5.23 km/h
- Speed Variability: 3.09 km/h
- Average Acceleration: 0.00 m/s²
- Max Acceleration: 1.78 m/s²
- Number of Turns: 35
- Turn Rate: 1.80 turns/min
- Average Turn Angle: 8.15°
- Turn Angle Variability: 9.82°
- Transport Mode: bike
    "
0.18111084906729558,10.008,0.0,2.398638943120526,4.781947533048852,0.003545369182956273,1.0243371103184864,0.25846650634158264,35,7.954545454545454,35.298329513106665,29.689298248563524,35.298329513106665,walk_cleaned.geojson,2008-06-05 02:17:46,2008-06-05 02:22:41,295.0,walk,80,4,5.0,5,3,2.78,"
Trip Summary:
- Start: 2008-06-05 02:17:46 at 中关村街道, 海淀区, 北京市, 100098, 中国
- End: 2008-06-05 02:22:41 at 星规路, 知春东里社区, 中关村街道, 海淀区, 北京市, 100098, 中国
- Duration: 0 days 00:04:55
- Distance: 0.18 km
- Average Speed: 4.78 km/h
- Average Bearing Change: 35.30°
- Max Speed: 10.01 km/h
- Min Speed: 0.00 km/h
- Speed Variability: 2.40 km/h
- Average Acceleration: 0.00 m/s²
- Max Acceleration: 1.02 m/s²
- Number of Turns: 35
- Turn Rate: 7.95 turns/min
- Average Turn Angle: 35.30°
- Turn Angle Variability: 29.69°
- Transport Mode: walk
    "
3.9476236380100533,22.04055805308898,10.302121663335862,1.9849523722986409,16.5302407945187,-0.0022537730991491075,0.8051601560625015,0.14731846558907546,7,0.49065420560747663,7.05398562612994,7.009756855478813,7.05398562612994,bike_cleaned.geojson,2008-04-27 16:28:29,2008-04-27 16:42:55,866.0,bike,399,6,1.5037593984962405,9,5,6.94,"
Trip Summary:
- Start: 2008-04-27 16:28:29 at 中关村南四街, 知春东里社区, 中关村街道, 海淀区, 北京市, 100098, 中国
- End: 2008-04-27 16:42:55 at 清华大学, 30, 双清路, 东升镇, 海淀区, 北京市, 100084, 中国
- Duration: 0 days 00:14:26
- Distance: 3.95 km
- Average Speed: 16.53 km/h
- Average Bearing Change: 7.05°
- Max Speed: 22.04 km/h
- Min Speed: 10.30 km/h
- Speed Variability: 1.98 km/h
- Average Acceleration: -0.00 m/s²
- Max Acceleration: 0.81 m/s²
- Number of Turns: 7
- Turn Rate: 0.49 turns/min
- Average Turn Angle: 7.05°
- Turn Angle Variability: 7.01°
- Transport Mode: bike
    "
0.11938303797949704,7.5708580523021585,1.5848659714680573,1.9093906452455274,4.941835142026497,0.012714476373078884,0.25774170304043825,0.09143747256537886,9,9.0,30.22109747435807,33.27131276322179,30.22109747435807,walk_cleaned.geojson,2008-04-27 16:25:53,2008-04-27 16:26:57,64.0,walk,29,3,10.344827586206897,2,2,2.78,"
Trip Summary:
- Start: 2008-04-27 16:25:53 at 中关村街道, 海淀区, 北京市, 100098, 中国
- End: 2008-04-27 16:26:57 at 知春路, 知春东里社区, 中关村街道, 海淀区, 北京市, 100098, 中国
- Duration: 0 days 00:01:04
- Distance: 0.12 km
- Average Speed: 4.94 km/h
- Average Bearing Change: 30.22°
- Max Speed: 7.57 km/h
- Min Speed: 1.58 km/h
- Speed Variability: 1.91 km/h
- Average Acceleration: 0.01 m/s²
- Max Acceleration: 0.26 m/s²
- Number of Turns: 9
- Turn Rate: 9.00 turns/min
- Average Turn Angle: 30.22°
- Turn Angle Variability: 33.27°
- Transport Mode: walk
    "
2.302087857578608,10.008,0.31256680754998367,3.8588775147478556,4.451727648173516,0.005013469191678582,0.3160479065740617,0.05862974216122429,34,3.961165048543689,40.81500843113418,40.622068494148685,40.81500843113418,walk_cleaned.geojson,2009-06-18 08:30:09,2009-06-18 08:40:14,605.0,walk,98,19,19.387755102040817,14,18,2.78,"
Trip Summary:
- Start: 2009-06-18 08:30:09 at 北京友谊宾馆, 中关村南大街, 北下关街道, 海淀区, 北京市, 100872, 中国
- End: 2009-06-18 08:40:14 at 抖音 大钟寺广场2号楼, 四道口北街, 北下关街道, 海淀区, 北京市, 100081, 中国
- Duration: 0 days 00:10:05
- Distance: 2.30 km
- Average Speed: 4.45 km/h
- Average Bearing Change: 40.82°
- Max Speed: 10.01 km/h
- Min Speed: 0.31 km/h
- Speed Variability: 3.86 km/h
- Average Acceleration: 0.01 m/s²
- Max Acceleration: 0.32 m/s²
- Number of Turns: 34
- Turn Rate: 3.96 turns/min
- Average Turn Angle: 40.82°
- Turn Angle Variability: 40.62°
- Transport Mode: walk
    "
4.552225431069726,31.909594804149656,8.47589234270887,8.330658858935477,15.049069467253064,-0.16510635929355558,0.07756016836936143,0.5110754824347633,5,0.37831021437578816,49.2449723498246,41.875622916848414,49.2449723498246,bus_cleaned.geojson,2008-03-02 07:40:08,2008-03-02 07:52:49,761.0,bus,12,2,16.666666666666664,3,1,11.11,"
Trip Summary:
- Start: 2008-03-02 07:40:08 at 北三环中路, 安贞西里社区, 安贞街道, 朝阳区, 北京市, 100120, 中国
- End: 2008-03-02 07:52:49 at 中国计划生育委员会, 知春路, 知春东里社区, 北太平庄街道, 中关村街道, 海淀区, 北京市, 100081, 中国
- Duration: 0 days 00:12:41
- Distance: 4.55 km
- Average Speed: 15.05 km/h
- Average Bearing Change: 49.24°
- Max Speed: 31.91 km/h
- Min Speed: 8.48 km/h
- Speed Variability: 8.33 km/h
- Average Acceleration: -0.17 m/s²
- Max Acceleration: 0.08 m/s²
- Number of Turns: 5
- Turn Rate: 0.38 turns/min
- Average Turn Angle: 49.24°
- Turn Angle Variability: 41.88°
- Transport Mode: bus
    "
0.04726809848968842,8.443169016872453,1.53695120713018,2.208182993968984,5.186633227196658,0.04002508398692721,1.1906856239473533,0.327278275655581,2,3.4285714285714284,12.127341856293784,13.135839386936738,12.127341856293784,bike_cleaned.geojson,2008-07-16 16:17:30,2008-07-16 16:18:02,32.0,bike,33,1,3.0303030303030303,0,0,6.94,"
Trip Summary:
- Start: 2008-07-16 16:17:30 at 清华大学, 30, 双清路, 东升镇, 海淀区, 北京市, 100084, 中国
- End: 2008-07-16 16:18:02 at 清华大学, 30, 双清路, 东升镇, 海淀区, 北京市, 100084, 中国
- Duration: 0 days 00:00:32
- Distance: 0.05 km
- Average Speed: 5.19 km/h
- Average Bearing Change: 12.13°
- Max Speed: 8.44 km/h
- Min Speed: 1.54 km/h
- Speed Variability: 2.21 km/h
- Average Acceleration: 0.04 m/s²
- Max Acceleration: 1.19 m/s²
- Number of Turns: 2
- Turn Rate: 3.43 turns/min
- Average Turn Angle: 12.13°
- Turn Angle Variability: 13.14°
- Transport Mode: bike
    "
1.270303783576178,8.326743326329433,0.29497722212039684,1.338090967483937,4.252635350153918,0.00200611941179425,1.4590573990551226,0.21940268327444185,282,19.20544835414302,33.86268037255345,34.94708323267149,33.86268037255345,walk_cleaned.geojson,2008-07-16 11:15:24,2008-07-16 11:30:09,885.0,walk,752,19,2.5265957446808507,30,18,2.78,"
Trip Summary:
- Start: 2008-07-16 11:15:24 at 大运村路, 花园路街道, 海淀区, 北京市, 100098, 中国
- End: 2008-07-16 11:30:09 at 希格玛大厦, 知春路, 中关村街道, 海淀区, 北京市, 100098, 中国
- Duration: 0 days 00:14:45
- Distance: 1.27 km
- Average Speed: 4.25 km/h
- Average Bearing Change: 33.86°
- Max Speed: 8.33 km/h
- Min Speed: 0.29 km/h
- Speed Variability: 1.34 km/h
- Average Acceleration: 0.00 m/s²
- Max Acceleration: 1.46 m/s²
- Number of Turns: 282
- Turn Rate: 19.21 turns/min
- Average Turn Angle: 33.86°
- Turn Angle Variability: 34.95°
- Transport Mode: walk
    "
2.3299166112663006,24.984,0.04556914281885694,5.11440243366924,10.505435532192601,0.007031841828353705,1.5885407596800445,0.17690968152930264,68,3.7057220708446863,20.652873018532755,27.23108525023139,20.652873018532755,bike_cleaned.geojson,2008-07-23 13:50:09,2008-07-23 14:07:07,1018.0,bike,321,5,1.557632398753894,10,4,6.94,"
Trip Summary:
- Start: 2008-07-23 13:50:09 at 中国人民大学附属中学, 37, 中关村大街, 友谊社区, 海淀街道, 海淀区, 北京市, 100872, 中国
- End: 2008-07-23 14:07:07 at 希格玛大厦, 知春路, 中关村街道, 海淀区, 北京市, 100098, 中国
- Duration: 0 days 00:16:58
- Distance: 2.33 km
- Average Speed: 10.51 km/h
- Average Bearing Change: 20.65°
- Max Speed: 24.98 km/h
- Min Speed: 0.05 km/h
- Speed Variability: 5.11 km/h
- Average Acceleration: 0.01 m/s²
- Max Acceleration: 1.59 m/s²
- Number of Turns: 68
- Turn Rate: 3.71 turns/min
- Average Turn Angle: 20.65°
- Turn Angle Variability: 27.23°
- Transport Mode: bike
    "
1.697346569850077,10.195050160597392,0.7278631932987512,4.1641964013056185,4.7466887825777055,0.009159951238129538,0.09654009876728428,0.03450901594565961,1,0.11299435028248588,18.492891586963985,28.046419334476354,18.492891586963985,bus_cleaned.geojson,2007-10-07 08:07:30,2007-10-07 08:16:01,511.0,bus,11,1,9.090909090909092,1,0,11.11,"
Trip Summary:
- Start: 2007-10-07 08:07:30 at 知春路, 中关村, 中关村街道, 海淀区, 北京市, 100086, 中国
- End: 2007-10-07 08:16:01 at 肯德基, 29, 知春路, 花园路街道, 海淀区, 北京市, 100081, 中国
- Duration: 0 days 00:08:31
- Distance: 1.70 km
- Average Speed: 4.75 km/h
- Average Bearing Change: 18.49°
- Max Speed: 10.20 km/h
- Min Speed: 0.73 km/h
- Speed Variability: 4.16 km/h
- Average Acceleration: 0.01 m/s²
- Max Acceleration: 0.10 m/s²
- Number of Turns: 1
- Turn Rate: 0.11 turns/min
- Average Turn Angle: 18.49°
- Turn Angle Variability: 28.05°
- Transport Mode: bus
    "
2.311271436093768,5.085582583574701,0.8176845587480831,0.9752783087470775,2.524618823883613,0.0002952565155202404,0.023994042008711462,0.005866351663776863,42,0.5724670604270786,40.46688384635714,42.171602570273,40.46688384635714,walk_cleaned.geojson,2007-10-07 08:18:52,2007-10-07 09:31:39,4367.0,walk,109,1,0.9174311926605505,1,0,2.78,"
Trip Summary:
- Start: 2007-10-07 08:18:52 at 知春嘉园4号楼, 17, 知春路, 花园路街道, 海淀区, 北京市, 100081, 中国
- End: 2007-10-07 09:31:39 at 花园路街道, 海淀区, 北京市, 100081, 中国
- Duration: 0 days 01:12:47
- Distance: 2.31 km
- Average Speed: 2.52 km/h
- Average Bearing Change: 40.47°
- Max Speed: 5.09 km/h
- Min Speed: 0.82 km/h
- Speed Variability: 0.98 km/h
- Average Acceleration: 0.00 m/s²
- Max Acceleration: 0.02 m/s²
- Number of Turns: 42
- Turn Rate: 0.57 turns/min
- Average Turn Angle: 40.47°
- Turn Angle Variability: 42.17°
- Transport Mode: walk
    "
1.4961565980377973,10.008,0.15375955247298292,2.5336605046073637,3.827834650146451,0.0002056054346499355,1.3067243785137026,0.15439437116888052,146,5.601023017902813,30.909160946530694,37.8499954573648,30.909160946530694,walk_cleaned.geojson,2008-10-09 12:43:31,2008-10-09 13:10:07,1596.0,walk,455,20,4.395604395604396,24,19,2.78,"
Trip Summary:
- Start: 2008-10-09 12:43:31 at 古里铺, 大钟寺东路, 中关村街道, 海淀区, 北京市, 100081, 中国
- End: 2008-10-09 13:10:07 at 中关村街道, 海淀区, 北京市, 100190, 中国
- Duration: 0 days 00:26:36
- Distance: 1.50 km
- Average Speed: 3.83 km/h
- Average Bearing Change: 30.91°
- Max Speed: 10.01 km/h
- Min Speed: 0.15 km/h
- Speed Variability: 2.53 km/h
- Average Acceleration: 0.00 m/s²
- Max Acceleration: 1.31 m/s²
- Number of Turns: 146
- Turn Rate: 5.60 turns/min
- Average Turn Angle: 30.91°
- Turn Angle Variability: 37.85°
- Transport Mode: walk
    "
20.149741840665083,39.996,0.0,13.281234325040367,16.36119606738665,-0.005644247061624546,2.1889471181215447,0.3791195582437084,396,5.44454628780935,21.800756336519967,37.0371032734225,21.800756336519967,bus_cleaned.geojson,2008-08-22 06:45:34,2008-08-22 07:58:50,4396.0,bus,2013,17,0.8445106805762544,136,16,11.11,"
Trip Summary:
- Start: 2008-08-22 06:45:34 at 北京南站路, 四路通社区, 西罗园街道, 丰台区, 北京市, 100067, 中国
- End: 2008-08-22 07:58:50 at 中关村东路, 知春东里社区, 中关村街道, 海淀区, 北京市, 100190, 中国
- Duration: 0 days 01:13:16
- Distance: 20.15 km
- Average Speed: 16.36 km/h
- Average Bearing Change: 21.80°
- Max Speed: 40.00 km/h
- Min Speed: 0.00 km/h
- Speed Variability: 13.28 km/h
- Average Acceleration: -0.01 m/s²
- Max Acceleration: 2.19 m/s²
- Number of Turns: 396
- Turn Rate: 5.44 turns/min
- Average Turn Angle: 21.80°
- Turn Angle Variability: 37.04°
- Transport Mode: bus
    "
2.0247645013004307,23.824998672072418,6.345598178596792,3.1635495001436595,17.500986302867656,-0.005929104963079646,2.1485851364958313,0.21398293818798472,6,0.6883365200764818,6.563233601011501,6.827264918384748,6.563233601011501,bike_cleaned.geojson,2008-06-16 11:43:37,2008-06-16 11:52:25,528.0,bike,388,5,1.2886597938144329,13,4,6.94,"
Trip Summary:
- Start: 2008-06-16 11:43:37 at 中关村东路, 知春东里社区, 中关村街道, 海淀区, 北京市, 100190, 中国
- End: 2008-06-16 11:52:25 at 日新路, 清华园街道, 八家村总支委员会, 海淀区, 北京市, 100084, 中国
- Duration: 0 days 00:08:48
- Distance: 2.02 km
- Average Speed: 17.50 km/h
- Average Bearing Change: 6.56°
- Max Speed: 23.82 km/h
- Min Speed: 6.35 km/h
- Speed Variability: 3.16 km/h
- Average Acceleration: -0.01 m/s²
- Max Acceleration: 2.15 m/s²
- Number of Turns: 6
- Turn Rate: 0.69 turns/min
- Average Turn Angle: 6.56°
- Turn Angle Variability: 6.83°
- Transport Mode: bike
    "
0.9181125199388905,8.905804118889424,0.25696624286922304,1.0863266969681773,4.438479791812013,0.0006603620331469234,0.9711393301287977,0.11607376484873627,134,11.485714285714286,34.863245904875726,33.780715091347226,34.863245904875726,walk_cleaned.geojson,2008-07-21 11:21:37,2008-07-21 11:33:23,706.0,walk,323,5,1.5479876160990713,9,4,2.78,"
Trip Summary:
- Start: 2008-07-21 11:21:37 at 中国科学院物理研究所, 中关村东路, 清华园, 中关村街道, 海淀区, 北京市, 100190, 中国
- End: 2008-07-21 11:33:23 at 希格玛大厦, 知春路, 中关村街道, 海淀区, 北京市, 100098, 中国
- Duration: 0 days 00:11:46
- Distance: 0.92 km
- Average Speed: 4.44 km/h
- Average Bearing Change: 34.86°
- Max Speed: 8.91 km/h
- Min Speed: 0.26 km/h
- Speed Variability: 1.09 km/h
- Average Acceleration: 0.00 m/s²
- Max Acceleration: 0.97 m/s²
- Number of Turns: 134
- Turn Rate: 11.49 turns/min
- Average Turn Angle: 34.86°
- Turn Angle Variability: 33.78°
- Transport Mode: walk
    "
12.922290395993418,6.771956242332583,1.4762790367373704,0.8965898342575187,4.5514408141929055,0.00020217241619981834,0.19539227530383718,0.04380128524544488,63,1.1454545454545455,27.966138588094434,29.546631406284366,27.966138588094434,walk_cleaned.geojson,2009-07-04 00:39:35,2009-07-04 01:34:50,3315.0,walk,187,4,2.13903743315508,6,3,2.78,"
Trip Summary:
- Start: 2009-07-04 00:39:35 at 中关村街道, 海淀区, 北京市, 100098, 中国
- End: 2009-07-04 01:34:50 at 太平庄中街, 天通苑南街道, 中滩村, 昌平区, 北京市, 102218, 中国
- Duration: 0 days 00:55:15
- Distance: 12.92 km
- Average Speed: 4.55 km/h
- Average Bearing Change: 27.97°
- Max Speed: 6.77 km/h
- Min Speed: 1.48 km/h
- Speed Variability: 0.90 km/h
- Average Acceleration: 0.00 m/s²
- Max Acceleration: 0.20 m/s²
- Number of Turns: 63
- Turn Rate: 1.15 turns/min
- Average Turn Angle: 27.97°
- Turn Angle Variability: 29.55°
- Transport Mode: walk
    "
2.9678062986656695,24.025034045645615,0.9354909104105896,3.508111609991515,14.267937002970358,-0.004543025674299458,2.6276643374001876,0.34748981151440955,44,2.854054054054054,11.703979396362575,17.437368320005564,11.703979396362575,bike_cleaned.geojson,2008-07-19 07:39:26,2008-07-19 07:55:04,938.0,bike,622,13,2.090032154340836,17,12,6.94,"
Trip Summary:
- Start: 2008-07-19 07:39:26 at Future Internet Technology (FIT), 双清路, 东升镇, 海淀区, 北京市, 100084, 中国
- End: 2008-07-19 07:55:04 at 知春路, 中关村街道, 海淀区, 北京市, 100098, 中国
- Duration: 0 days 00:15:38
- Distance: 2.97 km
- Average Speed: 14.27 km/h
- Average Bearing Change: 11.70°
- Max Speed: 24.03 km/h
- Min Speed: 0.94 km/h
- Speed Variability: 3.51 km/h
- Average Acceleration: -0.00 m/s²
- Max Acceleration: 2.63 m/s²
- Number of Turns: 44
- Turn Rate: 2.85 turns/min
- Average Turn Angle: 11.70°
- Turn Angle Variability: 17.44°
- Transport Mode: bike
    "
8.852740064794222,39.996,0.0,14.120002399271938,24.866277904403493,-0.020857997982889048,2.7993084851440173,0.5124926517483464,119,4.612403100775194,13.435814657579531,29.506274854637745,13.435814657579531,bus_cleaned.geojson,2008-07-19 13:30:46,2008-07-19 13:56:49,1563.0,bus,1147,12,1.046207497820401,200,11,11.11,"
Trip Summary:
- Start: 2008-07-19 13:30:46 at 北京化工大学, 15号, 北三环东路, 和平街街道, 朝阳区, 北京市, 100029, 中国
- End: 2008-07-19 13:56:49 at 中关村街道, 海淀区, 北京市, 100098, 中国
- Duration: 0 days 00:26:03
- Distance: 8.85 km
- Average Speed: 24.87 km/h
- Average Bearing Change: 13.44°
- Max Speed: 40.00 km/h
- Min Speed: 0.00 km/h
- Speed Variability: 14.12 km/h
- Average Acceleration: -0.02 m/s²
- Max Acceleration: 2.80 m/s²
- Number of Turns: 119
- Turn Rate: 4.61 turns/min
- Average Turn Angle: 13.44°
- Turn Angle Variability: 29.51°
- Transport Mode: bus
    "
1.1359746666799537,9.262855623108333,0.3955756563856593,1.5406319309264047,4.705434708199372,0.002339077976581361,0.9418631165700867,0.21225958239856973,228,15.049504950495049,27.83794711746686,29.00817247368721,27.83794711746686,walk_cleaned.geojson,2008-07-19 13:12:59,2008-07-19 13:28:22,923.0,walk,709,15,2.1156558533145273,21,14,2.78,"
Trip Summary:
- Start: 2008-07-19 13:12:59 at 北京中医药大学（西校区）, 11号, 北三环东路, 和平街街道, 朝阳区, 北京市, 100029, 中国
- End: 2008-07-19 13:28:22 at 和平东桥, 北三环东路, 和平街街道, 朝阳区, 北京市, 100029, 中国
- Duration: 0 days 00:15:23
- Distance: 1.14 km
- Average Speed: 4.71 km/h
- Average Bearing Change: 27.84°
- Max Speed: 9.26 km/h
- Min Speed: 0.40 km/h
- Speed Variability: 1.54 km/h
- Average Acceleration: 0.00 m/s²
- Max Acceleration: 0.94 m/s²
- Number of Turns: 228
- Turn Rate: 15.05 turns/min
- Average Turn Angle: 27.84°
- Turn Angle Variability: 29.01°
- Transport Mode: walk
    "
4.050940255867746,24.984,0.07994472638700756,6.133450325998667,10.892100188414735,-0.0003645643272791536,4.514519349484927,0.31085509964103747,167,5.180972078593588,17.47528616626875,27.056478398643723,17.47528616626875,bike_cleaned.geojson,2008-07-01 14:49:43,2008-07-01 15:23:38,2035.0,bike,1112,18,1.618705035971223,20,17,6.94,"
Trip Summary:
- Start: 2008-07-01 14:49:43 at 中关村南四街, 知春东里社区, 中关村街道, 海淀区, 北京市, 100098, 中国
- End: 2008-07-01 15:23:38 at 清华大学, 30, 双清路, 东升镇, 海淀区, 北京市, 100084, 中国
- Duration: 0 days 00:33:55
- Distance: 4.05 km
- Average Speed: 10.89 km/h
- Average Bearing Change: 17.48°
- Max Speed: 24.98 km/h
- Min Speed: 0.08 km/h
- Speed Variability: 6.13 km/h
- Average Acceleration: -0.00 m/s²
- Max Acceleration: 4.51 m/s²
- Number of Turns: 167
- Turn Rate: 5.18 turns/min
- Average Turn Angle: 17.48°
- Turn Angle Variability: 27.06°
- Transport Mode: bike
    "
3.1414977051425477,39.996,0.6938420508327464,13.042825416223886,20.793908663758977,0.011478846996497321,0.937790379312649,0.3638337095824722,24,2.7906976744186047,14.25739707794035,24.1961438548911,14.25739707794035,bus_cleaned.geojson,2008-12-25 23:45:02,2008-12-25 23:53:26,504.0,bus,194,4,2.0618556701030926,25,3,11.11,"
Trip Summary:
- Start: 2008-12-25 23:45:02 at 广安门北滨河路, 白菜湾社区, 广安门外街道, 首都功能核心区, 西城区, 北京市, 100032, 中国
- End: 2008-12-25 23:53:26 at 丽泽路, 菜户营社区, 太平桥街道, 丰台区, 北京市, 100069, 中国
- Duration: 0 days 00:08:24
- Distance: 3.14 km
- Average Speed: 20.79 km/h
- Average Bearing Change: 14.26°
- Max Speed: 40.00 km/h
- Min Speed: 0.69 km/h
- Speed Variability: 13.04 km/h
- Average Acceleration: 0.01 m/s²
- Max Acceleration: 0.94 m/s²
- Number of Turns: 24
- Turn Rate: 2.79 turns/min
- Average Turn Angle: 14.26°
- Turn Angle Variability: 24.20°
- Transport Mode: bus
    "
5.091535114067103,10.008,0.1089551397070263,2.3279449544481525,7.45367184367543,0.0023192920751085337,0.9656937935422794,0.1635157519820996,28,1.453287197231834,20.299719697694623,32.36591522214571,20.299719697694623,walk_cleaned.geojson,2008-12-25 23:43:36,2008-12-26 00:00:28,1012.0,walk,191,17,8.900523560209423,52,16,2.78,"
Trip Summary:
- Start: 2008-12-25 23:43:36 at 白云观街, 月坛街道, 首都功能核心区, 西城区, 北京市, 100032, 中国
- End: 2008-12-26 00:00:28 at 首都医科大学, 右安门西滨河路, 玉林西里社区, 右安门街道, 菜户营村, 丰台区, 北京市, 100069, 中国
- Duration: 0 days 00:16:52
- Distance: 5.09 km
- Average Speed: 7.45 km/h
- Average Bearing Change: 20.30°
- Max Speed: 10.01 km/h
- Min Speed: 0.11 km/h
- Speed Variability: 2.33 km/h
- Average Acceleration: 0.00 m/s²
- Max Acceleration: 0.97 m/s²
- Number of Turns: 28
- Turn Rate: 1.45 turns/min
- Average Turn Angle: 20.30°
- Turn Angle Variability: 32.37°
- Transport Mode: walk
    "
0.9791780159904925,10.008,0.21673159458195895,2.246207282366551,3.443444184855045,-0.012704465147447523,0.8912629482406298,0.21654349862739988,42,2.2992700729927007,35.3272004893881,41.09374594269556,35.3272004893881,walk_cleaned.geojson,2008-07-25 02:54:48,2008-07-25 03:13:32,1124.0,walk,137,11,8.02919708029197,11,10,2.78,"
Trip Summary:
- Start: 2008-07-25 02:54:48 at 东直门, 东直门街道, 首都功能核心区, 东城区, 北京市, 100010, 中国
- End: 2008-07-25 03:13:32 at April Gourmet, 东中街, 东直门, 东直门街道, 首都功能核心区, 东城区, 北京市, 100010, 中国
- Duration: 0 days 00:18:44
- Distance: 0.98 km
- Average Speed: 3.44 km/h
- Average Bearing Change: 35.33°
- Max Speed: 10.01 km/h
- Min Speed: 0.22 km/h
- Speed Variability: 2.25 km/h
- Average Acceleration: -0.01 m/s²
- Max Acceleration: 0.89 m/s²
- Number of Turns: 42
- Turn Rate: 2.30 turns/min
- Average Turn Angle: 35.33°
- Turn Angle Variability: 41.09°
- Transport Mode: walk
    "
8.141822894345172,39.996,0.08566178563495795,11.323453173052737,10.016146619880425,0.023635336619283506,5.147625541181444,0.5032425874428861,113,2.377279102384292,30.553161846930408,47.62793320589207,30.553161846930408,bus_cleaned.geojson,2008-07-22 23:42:52,2008-07-23 00:31:34,2922.0,bus,490,27,5.510204081632653,41,26,11.11,"
Trip Summary:
- Start: 2008-07-22 23:42:52 at 安慧桥东, 北四环东路, 小关街道, 朝阳区, 北京市, 100012, 中国
- End: 2008-07-23 00:31:34 at 工人体育场北路, 东直门, 东直门街道, 首都功能核心区, 东城区, 北京市, 100010, 中国
- Duration: 0 days 00:48:42
- Distance: 8.14 km
- Average Speed: 10.02 km/h
- Average Bearing Change: 30.55°
- Max Speed: 40.00 km/h
- Min Speed: 0.09 km/h
- Speed Variability: 11.32 km/h
- Average Acceleration: 0.02 m/s²
- Max Acceleration: 5.15 m/s²
- Number of Turns: 113
- Turn Rate: 2.38 turns/min
- Average Turn Angle: 30.55°
- Turn Angle Variability: 47.63°
- Transport Mode: bus
    "
0.7881154340382759,10.008,1.2697718447532966,1.6129002194545714,4.292951054261739,-0.018147578076697746,0.29371852435422063,0.1502165418325777,42,4.436619718309859,29.648347825595497,24.67075938576515,29.648347825595497,walk_cleaned.geojson,2008-07-23 00:31:56,2008-07-23 00:41:58,602.0,walk,134,14,10.44776119402985,14,13,2.78,"
Trip Summary:
- Start: 2008-07-23 00:31:56 at 东四十条桥东, 工人体育场北路, 东直门, 东直门街道, 首都功能核心区, 东城区, 北京市, 100010, 中国
- End: 2008-07-23 00:41:58 at 宏状元, 东中街, 东直门, 东直门街道, 首都功能核心区, 东城区, 北京市, 100010, 中国
- Duration: 0 days 00:10:02
- Distance: 0.79 km
- Average Speed: 4.29 km/h
- Average Bearing Change: 29.65°
- Max Speed: 10.01 km/h
- Min Speed: 1.27 km/h
- Speed Variability: 1.61 km/h
- Average Acceleration: -0.02 m/s²
- Max Acceleration: 0.29 m/s²
- Number of Turns: 42
- Turn Rate: 4.44 turns/min
- Average Turn Angle: 29.65°
- Turn Angle Variability: 24.67°
- Transport Mode: walk
    "
8.269228434305973,39.996,0.1537375443951499,12.144737658799924,13.826761749053212,0.0043428083556062945,1.9146001858496646,0.364852404620554,154,4.494163424124514,20.134322484371122,34.23997208502985,20.134322484371122,bus_cleaned.geojson,2008-08-24 23:53:33,2008-08-25 00:28:06,2073.0,bus,932,10,1.0729613733905579,34,9,11.11,"
Trip Summary:
- Start: 2008-08-24 23:53:33 at 北四环东路, 小关街道, 朝阳区, 北京市, 100012, 中国
- End: 2008-08-25 00:28:06 at 工人体育场北路, 东直门街道, 首都功能核心区, 东城区, 北京市, 100010, 中国
- Duration: 0 days 00:34:33
- Distance: 8.27 km
- Average Speed: 13.83 km/h
- Average Bearing Change: 20.13°
- Max Speed: 40.00 km/h
- Min Speed: 0.15 km/h
- Speed Variability: 12.14 km/h
- Average Acceleration: 0.00 m/s²
- Max Acceleration: 1.91 m/s²
- Number of Turns: 154
- Turn Rate: 4.49 turns/min
- Average Turn Angle: 20.13°
- Turn Angle Variability: 34.24°
- Transport Mode: bus
    "
0.8013727866861499,8.699017455093168,0.30771203632264305,1.763925146954571,4.273458466358589,-0.0023514867616252397,0.5955740476249722,0.14161962046572626,83,9.613899613899614,36.28415031637187,36.43918435028583,36.28415031637187,walk_cleaned.geojson,2008-08-25 00:28:12,2008-08-25 00:37:02,530.0,walk,218,7,3.211009174311927,9,6,2.78,"
Trip Summary:
- Start: 2008-08-25 00:28:12 at 工人体育场北路, 东直门街道, 首都功能核心区, 东城区, 北京市, 100010, 中国
- End: 2008-08-25 00:37:02 at 东中街, 东直门, 东直门街道, 首都功能核心区, 东城区, 北京市, 100010, 中国
- Duration: 0 days 00:08:50
- Distance: 0.80 km
- Average Speed: 4.27 km/h
- Average Bearing Change: 36.28°
- Max Speed: 8.70 km/h
- Min Speed: 0.31 km/h
- Speed Variability: 1.76 km/h
- Average Acceleration: -0.00 m/s²
- Max Acceleration: 0.60 m/s²
- Number of Turns: 83
- Turn Rate: 9.61 turns/min
- Average Turn Angle: 36.28°
- Turn Angle Variability: 36.44°
- Transport Mode: walk
    "
2.4433343059030235,15.401686001000336,1.5139333991297295,1.7061340747345368,10.679160238981293,0.0001089917663789087,0.5698590667772747,0.11199796282459272,24,1.0434782608695652,11.104669712459119,14.414951958273903,11.104669712459119,bike_cleaned.geojson,2008-10-20 11:12:35,2008-10-20 11:35:37,1382.0,bike,375,2,0.5333333333333333,2,1,6.94,"
Trip Summary:
- Start: 2008-10-20 11:12:35 at 近春路, 清华园街道, 西洼村, 海淀区, 北京市, 100084, 中国
- End: 2008-10-20 11:35:37 at 清华大学, 30, 双清路, 东升镇, 海淀区, 北京市, 100084, 中国
- Duration: 0 days 00:23:02
- Distance: 2.44 km
- Average Speed: 10.68 km/h
- Average Bearing Change: 11.10°
- Max Speed: 15.40 km/h
- Min Speed: 1.51 km/h
- Speed Variability: 1.71 km/h
- Average Acceleration: 0.00 m/s²
- Max Acceleration: 0.57 m/s²
- Number of Turns: 24
- Turn Rate: 1.04 turns/min
- Average Turn Angle: 11.10°
- Turn Angle Variability: 14.41°
- Transport Mode: bike
    "
0.5853213578918299,10.008,0.0,3.9323225924415293,3.6996101425551675,0.003837563432758395,0.5566250242639552,0.10170479192916983,38,3.8513513513513513,31.653380175683125,45.02422206263705,31.653380175683125,walk_cleaned.geojson,2008-10-20 11:18:41,2008-10-20 11:28:47,606.0,walk,136,7,5.147058823529411,14,6,2.78,"
Trip Summary:
- Start: 2008-10-20 11:18:41 at 清华大学, 30, 双清路, 东升镇, 海淀区, 北京市, 100084, 中国
- End: 2008-10-20 11:28:47 at 清华大学, 30, 双清路, 东升镇, 海淀区, 北京市, 100084, 中国
- Duration: 0 days 00:10:06
- Distance: 0.59 km
- Average Speed: 3.70 km/h
- Average Bearing Change: 31.65°
- Max Speed: 10.01 km/h
- Min Speed: 0.00 km/h
- Speed Variability: 3.93 km/h
- Average Acceleration: 0.00 m/s²
- Max Acceleration: 0.56 m/s²
- Number of Turns: 38
- Turn Rate: 3.85 turns/min
- Average Turn Angle: 31.65°
- Turn Angle Variability: 45.02°
- Transport Mode: walk
    "
19.621171468748685,39.996,0.19985958582745092,13.385888060184499,16.00995453875557,-0.0016285019375030733,2.474819583685454,0.39362915543083843,373,5.426770126091173,22.302956306201416,35.71939146873452,22.302956306201416,bus_cleaned.geojson,2008-10-22 10:02:27,2008-10-22 11:11:57,4170.0,bus,1894,25,1.3199577613516367,173,24,11.11,"
Trip Summary:
- Start: 2008-10-22 10:02:27 at 首都医科大学, 右安门西滨河路, 玉林西里社区, 右安门街道, 菜户营村, 丰台区, 北京市, 100069, 中国
- End: 2008-10-22 11:11:57 at 中关村东路, 知春东里社区, 中关村街道, 海淀区, 北京市, 100098, 中国
- Duration: 0 days 01:09:30
- Distance: 19.62 km
- Average Speed: 16.01 km/h
- Average Bearing Change: 22.30°
- Max Speed: 40.00 km/h
- Min Speed: 0.20 km/h
- Speed Variability: 13.39 km/h
- Average Acceleration: -0.00 m/s²
- Max Acceleration: 2.47 m/s²
- Number of Turns: 373
- Turn Rate: 5.43 turns/min
- Average Turn Angle: 22.30°
- Turn Angle Variability: 35.72°
- Transport Mode: bus
    "
1.3632956018236624,9.733781244646018,0.19986148462899336,1.7334652255350917,3.9361154869628856,0.0026318680690503578,0.4255608408837691,0.09379742329268645,148,8.951612903225806,34.498511641768445,35.76996180586679,34.498511641768445,walk_cleaned.geojson,2008-10-22 12:32:20,2008-10-22 12:49:14,1014.0,walk,376,15,3.9893617021276597,9,14,2.78,"
Trip Summary:
- Start: 2008-10-22 12:32:20 at 中关村东路, 知春东里社区, 中关村街道, 海淀区, 北京市, 100098, 中国
- End: 2008-10-22 12:49:14 at 中关村街道, 海淀区, 北京市, 100098, 中国
- Duration: 0 days 00:16:54
- Distance: 1.36 km
- Average Speed: 3.94 km/h
- Average Bearing Change: 34.50°
- Max Speed: 9.73 km/h
- Min Speed: 0.20 km/h
- Speed Variability: 1.73 km/h
- Average Acceleration: 0.00 m/s²
- Max Acceleration: 0.43 m/s²
- Number of Turns: 148
- Turn Rate: 8.95 turns/min
- Average Turn Angle: 34.50°
- Turn Angle Variability: 35.77°
- Transport Mode: walk
    "
2.985293805209767,24.984,0.4397819328279778,10.183832521395267,18.163882302133715,0.009813885365845413,1.4823108457888974,0.2008064902718513,18,4.16988416988417,22.27990192737558,40.33509153682365,22.27990192737558,subway_cleaned.geojson,2009-08-31 12:09:07,2009-08-31 12:14:37,330.0,subway,154,61,39.61038961038961,51,60,6.94,"
Trip Summary:
- Start: 2009-08-31 12:09:07 at 北苑路, 奥运村街道, 朝阳区, 北京市, 102218, 中国
- End: 2009-08-31 12:14:37 at 立汤路, 天通苑北街道, 东小口镇, 昌平区, 北京市, 102218, 中国
- Duration: 0 days 00:05:30
- Distance: 2.99 km
- Average Speed: 18.16 km/h
- Average Bearing Change: 22.28°
- Max Speed: 24.98 km/h
- Min Speed: 0.44 km/h
- Speed Variability: 10.18 km/h
- Average Acceleration: 0.01 m/s²
- Max Acceleration: 1.48 m/s²
- Number of Turns: 18
- Turn Rate: 4.17 turns/min
- Average Turn Angle: 22.28°
- Turn Angle Variability: 40.34°
- Transport Mode: subway
    "
0.4849392564932376,6.3991958069763175,0.0,1.7856055341112644,2.7043587950843673,0.0008656070498645294,0.24429181185111304,0.043552974364740836,40,4.82897384305835,40.22655287629944,44.838522709069785,40.22655287629944,walk_cleaned.geojson,2009-08-31 12:15:00,2009-08-31 12:23:31,511.0,walk,101,3,2.9702970297029703,1,2,2.78,"
Trip Summary:
- Start: 2009-08-31 12:15:00 at 天通苑南, 立汤路, 天通苑北街道, 东小口镇, 昌平区, 北京市, 102218, 中国
- End: 2009-08-31 12:23:31 at 立汤路, 天通苑北街道, 东小口镇, 昌平区, 北京市, 102218, 中国
- Duration: 0 days 00:08:31
- Distance: 0.48 km
- Average Speed: 2.70 km/h
- Average Bearing Change: 40.23°
- Max Speed: 6.40 km/h
- Min Speed: 0.00 km/h
- Speed Variability: 1.79 km/h
- Average Acceleration: 0.00 m/s²
- Max Acceleration: 0.24 m/s²
- Number of Turns: 40
- Turn Rate: 4.83 turns/min
- Average Turn Angle: 40.23°
- Turn Angle Variability: 44.84°
- Transport Mode: walk
    "
14.983259367100038,21.72372376033232,1.24009500130832,4.900487657923419,5.402130103448019,0.01713892749855886,0.931166269580445,0.13827337410222193,46,3.8601398601398604,46.73164747904643,44.43062839342647,46.73164747904643,subway_cleaned.geojson,2009-05-16 05:43:34,2009-05-16 06:05:44,1330.0,subway,220,139,63.18181818181819,1,138,6.94,"
Trip Summary:
- Start: 2009-05-16 05:43:34 at 回龙观-上地自行车专用路, 龙泽园街道, 二拔子村, 昌平区, 北京市, 102208, 中国
- End: 2009-05-16 06:05:44 at 明光西路, 北太平庄街道, 海淀区, 北京市, 100081, 中国
- Duration: 0 days 00:22:10
- Distance: 14.98 km
- Average Speed: 5.40 km/h
- Average Bearing Change: 46.73°
- Max Speed: 21.72 km/h
- Min Speed: 1.24 km/h
- Speed Variability: 4.90 km/h
- Average Acceleration: 0.02 m/s²
- Max Acceleration: 0.93 m/s²
- Number of Turns: 46
- Turn Rate: 3.86 turns/min
- Average Turn Angle: 46.73°
- Turn Angle Variability: 44.43°
- Transport Mode: subway
    "
0.16497670669651354,6.282987416080081,1.2352323356796633,1.3449222960120106,4.3360455657905135,-3.301321984486063e-05,0.08957946808239718,0.03270884705239324,5,2.4,18.680608755699964,18.183529841815044,18.680608755699964,walk_cleaned.geojson,2009-05-16 06:08:44,2009-05-16 06:10:49,125.0,walk,26,1,3.8461538461538463,1,0,2.78,"
Trip Summary:
- Start: 2009-05-16 06:08:44 at 北三环西路, 北太平庄街道, 北下关街道, 海淀区, 北京市, 100081, 中国
- End: 2009-05-16 06:10:49 at 北太平庄街道, 海淀区, 北京市, 100081, 中国
- Duration: 0 days 00:02:05
- Distance: 0.16 km
- Average Speed: 4.34 km/h
- Average Bearing Change: 18.68°
- Max Speed: 6.28 km/h
- Min Speed: 1.24 km/h
- Speed Variability: 1.34 km/h
- Average Acceleration: -0.00 m/s²
- Max Acceleration: 0.09 m/s²
- Number of Turns: 5
- Turn Rate: 2.40 turns/min
- Average Turn Angle: 18.68°
- Turn Angle Variability: 18.18°
- Transport Mode: walk
    "
3.993876682560571,24.984,6.027311631782812,3.113656078414713,16.131785214651607,0.012419664348828472,3.3286559472944166,0.3917523380499783,50,3.597122302158273,10.731321971709342,14.767108997027268,10.731321971709342,bike_cleaned.geojson,2008-06-10 17:28:41,2008-06-10 17:43:00,859.0,bike,731,24,3.283173734610123,35,23,6.94,"
Trip Summary:
- Start: 2008-06-10 17:28:41 at 星规路, 知春东里社区, 中关村街道, 海淀区, 北京市, 100098, 中国
- End: 2008-06-10 17:43:00 at 清华大学, 30, 双清路, 东升镇, 海淀区, 北京市, 100084, 中国
- Duration: 0 days 00:14:19
- Distance: 3.99 km
- Average Speed: 16.13 km/h
- Average Bearing Change: 10.73°
- Max Speed: 24.98 km/h
- Min Speed: 6.03 km/h
- Speed Variability: 3.11 km/h
- Average Acceleration: 0.01 m/s²
- Max Acceleration: 3.33 m/s²
- Number of Turns: 50
- Turn Rate: 3.60 turns/min
- Average Turn Angle: 10.73°
- Turn Angle Variability: 14.77°
- Transport Mode: bike
    "
38.67253614809696,39.996,0.15374366605018017,13.350831037949565,32.0032975895885,-0.0003446857907401983,1.6102255549982534,0.2126409140878194,49,1.0130944176430048,6.596932003590487,19.89769792237259,6.596932003590487,bus_cleaned.geojson,2008-08-26 00:59:06,2008-08-26 01:50:48,3102.0,bus,1403,53,3.7776193870277974,933,52,11.11,"
Trip Summary:
- Start: 2008-08-26 00:59:06 at 北四环西路, 科育社区, 中关村街道, 海淀区, 北京市, 100190, 中国
- End: 2008-08-26 01:50:48 at 首都机场2号航站楼, 航管南路, 首都机场街道, 朝阳区, 北京市, 100621, 中国
- Duration: 0 days 00:51:42
- Distance: 38.67 km
- Average Speed: 32.00 km/h
- Average Bearing Change: 6.60°
- Max Speed: 40.00 km/h
- Min Speed: 0.15 km/h
- Speed Variability: 13.35 km/h
- Average Acceleration: -0.00 m/s²
- Max Acceleration: 1.61 m/s²
- Number of Turns: 49
- Turn Rate: 1.01 turns/min
- Average Turn Angle: 6.60°
- Turn Angle Variability: 19.90°
- Transport Mode: bus
    "
0.28444623962796156,2.4056680701632662,0.14989885779020617,0.7253894043975148,0.9383467496776097,0.00048525110387094594,0.2151762430855073,0.042649423237117345,71,5.144927536231884,37.66851990991896,45.549090423229366,37.66851990991896,walk_cleaned.geojson,2008-08-26 02:24:07,2008-08-26 02:33:59,592.0,walk,177,4,2.2598870056497176,4,3,2.78,"
Trip Summary:
- Start: 2008-08-26 02:24:07 at 北京首都国际机场, 四纬路, 半壁店村, 朝阳区, 北京市, 100621, 中国
- End: 2008-08-26 02:33:59 at 北京首都国际机场, 四纬路, 半壁店村, 朝阳区, 北京市, 100621, 中国
- Duration: 0 days 00:09:52
- Distance: 0.28 km
- Average Speed: 0.94 km/h
- Average Bearing Change: 37.67°
- Max Speed: 2.41 km/h
- Min Speed: 0.15 km/h
- Speed Variability: 0.73 km/h
- Average Acceleration: 0.00 m/s²
- Max Acceleration: 0.22 m/s²
- Number of Turns: 71
- Turn Rate: 5.14 turns/min
- Average Turn Angle: 37.67°
- Turn Angle Variability: 45.55°
- Transport Mode: walk
    "
4.869183219789361,39.996,0.19985772647253916,12.492566068456707,13.898287205923113,0.007291061424432532,2.229137249579513,0.3665215360889101,116,5.67699836867863,22.826483361213658,34.233570988332374,22.826483361213658,bus_cleaned.geojson,2008-10-21 23:41:39,2008-10-22 00:02:11,1232.0,bus,563,4,0.7104795737122558,27,3,11.11,"
Trip Summary:
- Start: 2008-10-21 23:41:39 at 月坛街道, 首都功能核心区, 西城区, 北京市, 100032, 中国
- End: 2008-10-22 00:02:11 at 右安门西滨河路, 玉林东里一区社区, 右安门街道, 西铁营村, 丰台区, 北京市, 100069, 中国
- Duration: 0 days 00:20:32
- Distance: 4.87 km
- Average Speed: 13.90 km/h
- Average Bearing Change: 22.83°
- Max Speed: 40.00 km/h
- Min Speed: 0.20 km/h
- Speed Variability: 12.49 km/h
- Average Acceleration: 0.01 m/s²
- Max Acceleration: 2.23 m/s²
- Number of Turns: 116
- Turn Rate: 5.68 turns/min
- Average Turn Angle: 22.83°
- Turn Angle Variability: 34.23°
- Transport Mode: bus
    "
0.6144195606512556,10.008,0.367183276173123,2.3112390816800605,4.939293890507555,0.0031262925002155406,0.9165730007613513,0.1458667666188951,49,7.35,24.070187202158667,25.750014904528246,24.070187202158667,walk_cleaned.geojson,2008-10-22 00:02:29,2008-10-22 00:09:19,410.0,walk,197,6,3.0456852791878175,9,5,2.78,"
Trip Summary:
- Start: 2008-10-22 00:02:29 at 右安门西滨河路, 玉林东里一区社区, 右安门街道, 西铁营村, 丰台区, 北京市, 100069, 中国
- End: 2008-10-22 00:09:19 at 首都医科大学, 右安门西滨河路, 玉林西里社区, 右安门街道, 菜户营村, 丰台区, 北京市, 100069, 中国
- Duration: 0 days 00:06:50
- Distance: 0.61 km
- Average Speed: 4.94 km/h
- Average Bearing Change: 24.07°
- Max Speed: 10.01 km/h
- Min Speed: 0.37 km/h
- Speed Variability: 2.31 km/h
- Average Acceleration: 0.00 m/s²
- Max Acceleration: 0.92 m/s²
- Number of Turns: 49
- Turn Rate: 7.35 turns/min
- Average Turn Angle: 24.07°
- Turn Angle Variability: 25.75°
- Transport Mode: walk
    "
0.09867655013929871,10.008,3.7654796636820955,2.4495317723851295,7.299480849830797,0.013860159535344193,0.1429322987660747,0.11552149090670281,1,1.5,30.902666558165517,60.786328597012044,30.902666558165517,walk_cleaned.geojson,2009-08-06 22:44:34,2009-08-06 22:45:14,40.0,walk,11,2,18.181818181818183,3,1,2.78,"
Trip Summary:
- Start: 2009-08-06 22:44:34 at 太平庄中街, 天通苑南街道, 中滩村, 昌平区, 北京市, 102218, 中国
- End: 2009-08-06 22:45:14 at 太平庄中街, 天通苑南街道, 中滩村, 昌平区, 北京市, 102218, 中国
- Duration: 0 days 00:00:40
- Distance: 0.10 km
- Average Speed: 7.30 km/h
- Average Bearing Change: 30.90°
- Max Speed: 10.01 km/h
- Min Speed: 3.77 km/h
- Speed Variability: 2.45 km/h
- Average Acceleration: 0.01 m/s²
- Max Acceleration: 0.14 m/s²
- Number of Turns: 1
- Turn Rate: 1.50 turns/min
- Average Turn Angle: 30.90°
- Turn Angle Variability: 60.79°
- Transport Mode: walk
    "
7.323368254471439,38.810349774510414,0.4282926180868622,9.18487424283977,12.116118327044305,-0.0003637950235777234,1.1649898773304237,0.30671866976005296,160,4.8192771084337345,20.843155263639566,29.333632452004917,20.843155263639566,bus_cleaned.geojson,2008-09-08 22:56:48,2008-09-08 23:30:14,2006.0,bus,781,6,0.7682458386683738,10,5,11.11,"
Trip Summary:
- Start: 2008-09-08 22:56:48 at 对外经济贸易大学, 惠新东街, 小关街道, 朝阳区, 北京市, 100029, 中国
- End: 2008-09-08 23:30:14 at 工人体育场北路, 东直门, 东直门街道, 首都功能核心区, 东城区, 北京市, 100010, 中国
- Duration: 0 days 00:33:26
- Distance: 7.32 km
- Average Speed: 12.12 km/h
- Average Bearing Change: 20.84°
- Max Speed: 38.81 km/h
- Min Speed: 0.43 km/h
- Speed Variability: 9.18 km/h
- Average Acceleration: -0.00 m/s²
- Max Acceleration: 1.16 m/s²
- Number of Turns: 160
- Turn Rate: 4.82 turns/min
- Average Turn Angle: 20.84°
- Turn Angle Variability: 29.33°
- Transport Mode: bus
    "
0.367390150792722,10.008,0.6739291135732364,2.2031609836675585,4.946458437401026,-0.0018085779836076255,0.5818750107835203,0.14555556367062306,45,11.34453781512605,34.37903403832891,35.71725779693298,34.37903403832891,walk_cleaned.geojson,2008-09-09 02:19:04,2008-09-09 02:23:04,240.0,walk,120,2,1.6666666666666667,10,1,2.78,"
Trip Summary:
- Start: 2008-09-09 02:19:04 at 世界资源研究所, 9, 东中街, 东直门, 东直门街道, 首都功能核心区, 东城区, 北京市, 100027, 中国
- End: 2008-09-09 02:23:04 at 巫山烤全鱼, 东中街, 东直门, 东直门街道, 首都功能核心区, 东城区, 北京市, 100010, 中国
- Duration: 0 days 00:04:00
- Distance: 0.37 km
- Average Speed: 4.95 km/h
- Average Bearing Change: 34.38°
- Max Speed: 10.01 km/h
- Min Speed: 0.67 km/h
- Speed Variability: 2.20 km/h
- Average Acceleration: -0.00 m/s²
- Max Acceleration: 0.58 m/s²
- Number of Turns: 45
- Turn Rate: 11.34 turns/min
- Average Turn Angle: 34.38°
- Turn Angle Variability: 35.72°
- Transport Mode: walk
    "
0.004230991578021755,0.5045797603785337,0.0,0.12747183121667763,0.19117410002429103,0.0027758097799295165,0.042322424593035,0.020534272623593017,8,21.81818181818182,98.76520181344796,51.651633162626695,98.76520181344796,subway_cleaned.geojson,2008-10-13 07:21:28,2008-10-13 07:21:48,20.0,subway,12,1,8.333333333333332,0,0,6.94,"
Trip Summary:
- Start: 2008-10-13 07:21:28 at 劲松街道, 朝阳区, 北京市, 100021, 中国
- End: 2008-10-13 07:21:48 at 劲松街道, 朝阳区, 北京市, 100021, 中国
- Duration: 0 days 00:00:20
- Distance: 0.00 km
- Average Speed: 0.19 km/h
- Average Bearing Change: 98.77°
- Max Speed: 0.50 km/h
- Min Speed: 0.00 km/h
- Speed Variability: 0.13 km/h
- Average Acceleration: 0.00 m/s²
- Max Acceleration: 0.04 m/s²
- Number of Turns: 8
- Turn Rate: 21.82 turns/min
- Average Turn Angle: 98.77°
- Turn Angle Variability: 51.65°
- Transport Mode: subway
    "
1.4204085056502997,39.996,1.284912914867028,11.500981908822107,22.689576570852463,-0.007578273594279583,2.2907708660787915,0.4386530464662427,16,4.324324324324324,15.033199282623738,27.030966296575233,15.033199282623738,bus_cleaned.geojson,2008-10-13 04:18:55,2008-10-13 04:22:37,222.0,bus,113,1,0.8849557522123894,4,0,11.11,"
Trip Summary:
- Start: 2008-10-13 04:18:55 at 东直门南小街, 北新桥街道, 首都功能核心区, 东城区, 北京市, 100010, 中国
- End: 2008-10-13 04:22:37 at 东直门交通枢纽, 东直门外大街, 东直门, 东直门街道, 首都功能核心区, 东城区, 北京市, 100010, 中国
- Duration: 0 days 00:03:42
- Distance: 1.42 km
- Average Speed: 22.69 km/h
- Average Bearing Change: 15.03°
- Max Speed: 40.00 km/h
- Min Speed: 1.28 km/h
- Speed Variability: 11.50 km/h
- Average Acceleration: -0.01 m/s²
- Max Acceleration: 2.29 m/s²
- Number of Turns: 16
- Turn Rate: 4.32 turns/min
- Average Turn Angle: 15.03°
- Turn Angle Variability: 27.03°
- Transport Mode: bus
    "
11.653868239798388,50.004000000000005,0.15398354802834352,15.313130891823803,29.78021979691575,0.027474488856836572,4.08105358815592,0.39547371477557447,57,1.4690721649484537,10.519305490203886,24.61978896616439,10.519305490203886,taxi_cleaned.geojson,2008-10-13 06:42:30,2008-10-13 07:21:16,2326.0,taxi,679,2,0.29455081001472755,61,1,13.89,"
Trip Summary:
- Start: 2008-10-13 06:42:30 at G1辅路, 燕窝, 王四营乡, 朝阳区, 北京市, 100023, 中国
- End: 2008-10-13 07:21:16 at 劲松街道, 朝阳区, 北京市, 100021, 中国
- Duration: 0 days 00:38:46
- Distance: 11.65 km
- Average Speed: 29.78 km/h
- Average Bearing Change: 10.52°
- Max Speed: 50.00 km/h
- Min Speed: 0.15 km/h
- Speed Variability: 15.31 km/h
- Average Acceleration: 0.03 m/s²
- Max Acceleration: 4.08 m/s²
- Number of Turns: 57
- Turn Rate: 1.47 turns/min
- Average Turn Angle: 10.52°
- Turn Angle Variability: 24.62°
- Transport Mode: taxi
    "
3.1441708213177226,10.008,2.460013064625507,2.7097908513204976,6.789046857093591,-0.006945411207998159,0.9661389715550612,0.16614297651471266,53,3.7062937062937062,33.995525731170886,43.95229444703511,33.995525731170886,walk_cleaned.geojson,2008-10-13 09:03:36,2008-10-13 09:18:32,896.0,walk,181,20,11.049723756906078,46,19,2.78,"
Trip Summary:
- Start: 2008-10-13 09:03:36 at 中关村东路, 知春东里社区, 中关村街道, 海淀区, 北京市, 100190, 中国
- End: 2008-10-13 09:18:32 at 中关村东路, 知春东里社区, 中关村街道, 海淀区, 北京市, 100190, 中国
- Duration: 0 days 00:14:56
- Distance: 3.14 km
- Average Speed: 6.79 km/h
- Average Bearing Change: 34.00°
- Max Speed: 10.01 km/h
- Min Speed: 2.46 km/h
- Speed Variability: 2.71 km/h
- Average Acceleration: -0.01 m/s²
- Max Acceleration: 0.97 m/s²
- Number of Turns: 53
- Turn Rate: 3.71 turns/min
- Average Turn Angle: 34.00°
- Turn Angle Variability: 43.95°
- Transport Mode: walk
    "
0.09641526724407205,1.4356587266156953,0.02101327333188194,0.2514750354462233,0.5632170723830207,-0.00047353160427413135,0.08241075663737066,0.0233013868654803,50,7.936507936507937,47.7933451846254,61.900576486106296,47.7933451846254,bus_cleaned.geojson,2008-11-15 10:35:54,2008-11-15 10:42:12,378.0,bus,154,1,0.6493506493506493,0,0,11.11,"
Trip Summary:
- Start: 2008-11-15 10:35:54 at 中关村南三条, 中关村街道, 海淀区, 北京市, 100190, 中国
- End: 2008-11-15 10:42:12 at 中关村南三条, 中关村街道, 海淀区, 北京市, 100190, 中国
- Duration: 0 days 00:06:18
- Distance: 0.10 km
- Average Speed: 0.56 km/h
- Average Bearing Change: 47.79°
- Max Speed: 1.44 km/h
- Min Speed: 0.02 km/h
- Speed Variability: 0.25 km/h
- Average Acceleration: -0.00 m/s²
- Max Acceleration: 0.08 m/s²
- Number of Turns: 50
- Turn Rate: 7.94 turns/min
- Average Turn Angle: 47.79°
- Turn Angle Variability: 61.90°
- Transport Mode: bus
    "
16.2485285364781,39.996,0.2521520485222769,13.884331237764545,16.618995054242284,0.007885096687540652,1.8766478221664442,0.32448837443432227,251,2.829763246899662,18.575686846102645,27.71432848665297,18.575686846102645,bus_cleaned.geojson,2008-09-12 09:56:34,2008-09-12 11:25:54,5360.0,bus,1497,20,1.3360053440213762,180,19,11.11,"
Trip Summary:
- Start: 2008-09-12 09:56:34 at 工人体育场北路, 东直门, 东直门街道, 首都功能核心区, 东城区, 北京市, 100010, 中国
- End: 2008-09-12 11:25:54 at 知春路, 花园路街道, 中关村街道, 海淀区, 北京市, 100081, 中国
- Duration: 0 days 01:29:20
- Distance: 16.25 km
- Average Speed: 16.62 km/h
- Average Bearing Change: 18.58°
- Max Speed: 40.00 km/h
- Min Speed: 0.25 km/h
- Speed Variability: 13.88 km/h
- Average Acceleration: 0.01 m/s²
- Max Acceleration: 1.88 m/s²
- Number of Turns: 251
- Turn Rate: 2.83 turns/min
- Average Turn Angle: 18.58°
- Turn Angle Variability: 27.71°
- Transport Mode: bus
    "
0.16558370694911784,10.008,0.38439961064636646,3.021545198194043,3.5279299912873645,0.006549478711636774,1.235954341752134,0.22033072528031483,16,7.741935483870967,37.634303108682836,47.70259606872047,37.634303108682836,walk_cleaned.geojson,2008-09-12 11:39:44,2008-09-12 11:41:44,120.0,walk,55,3,5.454545454545454,5,2,2.78,"
Trip Summary:
- Start: 2008-09-12 11:39:44 at 中关村南四街, 知春东里社区, 中关村街道, 海淀区, 北京市, 100098, 中国
- End: 2008-09-12 11:41:44 at 星规路, 知春东里社区, 中关村街道, 海淀区, 北京市, 100098, 中国
- Duration: 0 days 00:02:00
- Distance: 0.17 km
- Average Speed: 3.53 km/h
- Average Bearing Change: 37.63°
- Max Speed: 10.01 km/h
- Min Speed: 0.38 km/h
- Speed Variability: 3.02 km/h
- Average Acceleration: 0.01 m/s²
- Max Acceleration: 1.24 m/s²
- Number of Turns: 16
- Turn Rate: 7.74 turns/min
- Average Turn Angle: 37.63°
- Turn Angle Variability: 47.70°
- Transport Mode: walk
    "
4.45467582483723,12.317306868397027,0.3662308185323103,3.2603641084507418,4.104265049510564,-0.001561689496682904,0.5363207726725915,0.11961548901624486,51,3.8249999999999997,59.19504037470329,50.168477321897235,59.19504037470329,subway_cleaned.geojson,2008-12-04 11:57:24,2008-12-04 12:09:59,755.0,subway,84,4,4.761904761904762,3,3,6.94,"
Trip Summary:
- Start: 2008-12-04 11:57:24 at 西直门站换乘通道, 展览路街道, 首都功能核心区, 西城区, 北京市, 100032, 中国
- End: 2008-12-04 12:09:59 at 知春路, 花园路街道, 中关村街道, 海淀区, 北京市, 100081, 中国
- Duration: 0 days 00:12:35
- Distance: 4.45 km
- Average Speed: 4.10 km/h
- Average Bearing Change: 59.20°
- Max Speed: 12.32 km/h
- Min Speed: 0.37 km/h
- Speed Variability: 3.26 km/h
- Average Acceleration: -0.00 m/s²
- Max Acceleration: 0.54 m/s²
- Number of Turns: 51
- Turn Rate: 3.82 turns/min
- Average Turn Angle: 59.20°
- Turn Angle Variability: 50.17°
- Transport Mode: subway
    "
1.134409106472968,8.735645458454929,0.9309600359341093,1.5398318750542968,3.911762317283767,-0.003393171560542616,0.3765828590394987,0.11547438573345288,63,2.896551724137931,50.18332019467219,50.6951689721703,50.18332019467219,walk_cleaned.geojson,2008-12-04 12:51:24,2008-12-04 13:13:14,1310.0,walk,129,6,4.651162790697675,8,5,2.78,"
Trip Summary:
- Start: 2008-12-04 12:51:24 at 中国科学院物理研究所, 中关村南三街, 科育社区, 中关村街道, 海淀区, 北京市, 100190, 中国
- End: 2008-12-04 13:13:14 at 中关村东路, 知春东里社区, 中关村街道, 海淀区, 北京市, 100190, 中国
- Duration: 0 days 00:21:50
- Distance: 1.13 km
- Average Speed: 3.91 km/h
- Average Bearing Change: 50.18°
- Max Speed: 8.74 km/h
- Min Speed: 0.93 km/h
- Speed Variability: 1.54 km/h
- Average Acceleration: -0.00 m/s²
- Max Acceleration: 0.38 m/s²
- Number of Turns: 63
- Turn Rate: 2.90 turns/min
- Average Turn Angle: 50.18°
- Turn Angle Variability: 50.70°
- Transport Mode: walk
    "
2.7593786260142177,22.55493175558175,5.420973651580053,2.8000635129262177,16.801485762837423,0.002075829692502683,3.185690248874695,0.315994927240243,12,1.1842105263157896,7.073151583170794,8.390254251990946,7.073151583170794,bike_cleaned.geojson,2008-07-02 02:32:57,2008-07-02 02:43:08,611.0,bike,566,6,1.0600706713780919,11,5,6.94,"
Trip Summary:
- Start: 2008-07-02 02:32:57 at 人文日新, 30, 双清路, 东升镇, 海淀区, 北京市, 100084, 中国
- End: 2008-07-02 02:43:08 at 中关村街道, 海淀区, 北京市, 100098, 中国
- Duration: 0 days 00:10:11
- Distance: 2.76 km
- Average Speed: 16.80 km/h
- Average Bearing Change: 7.07°
- Max Speed: 22.55 km/h
- Min Speed: 5.42 km/h
- Speed Variability: 2.80 km/h
- Average Acceleration: 0.00 m/s²
- Max Acceleration: 3.19 m/s²
- Number of Turns: 12
- Turn Rate: 1.18 turns/min
- Average Turn Angle: 7.07°
- Turn Angle Variability: 8.39°
- Transport Mode: bike
    "
3.221622963877356,21.528685761810745,0.6662048567516614,5.508519688643008,13.806735470307252,-0.008680548898787966,0.5247748106675993,0.10678579350370405,31,2.2409638554216866,18.903427095346387,22.27352917755764,18.903427095346387,bike_cleaned.geojson,2011-11-03 04:38:05,2011-11-03 04:51:55,830.0,bike,160,1,0.625,5,0,6.94,"
Trip Summary:
- Start: 2011-11-03 04:38:05 at 中关村街道, 海淀区, 北京市, 100098, 中国
- End: 2011-11-03 04:51:55 at 中关村地下环廊, 中关村核心区, 海淀街道, 海淀区, 北京市, 100080, 中国
- Duration: 0 days 00:13:50
- Distance: 3.22 km
- Average Speed: 13.81 km/h
- Average Bearing Change: 18.90°
- Max Speed: 21.53 km/h
- Min Speed: 0.67 km/h
- Speed Variability: 5.51 km/h
- Average Acceleration: -0.01 m/s²
- Max Acceleration: 0.52 m/s²
- Number of Turns: 31
- Turn Rate: 2.24 turns/min
- Average Turn Angle: 18.90°
- Turn Angle Variability: 22.27°
- Transport Mode: bike
    "
1.2840971493705655,7.661891809048671,0.47586043766890757,1.722759852155663,4.237951993111766,-0.0010298145829031246,0.4020724624485045,0.06210039318760054,67,4.872727272727273,38.314383533359596,37.355147847106366,38.314383533359596,walk_cleaned.geojson,2011-11-03 10:29:07,2011-11-03 10:43:17,850.0,walk,160,6,3.75,10,5,2.78,"
Trip Summary:
- Start: 2011-11-03 10:29:07 at 中关村大街, 中关村核心区, 海淀街道, 海淀区, 北京市, 100086, 中国
- End: 2011-11-03 10:43:17 at 中关村地下环廊, 中关村核心区, 海淀街道, 海淀区, 北京市, 100080, 中国
- Duration: 0 days 00:14:10
- Distance: 1.28 km
- Average Speed: 4.24 km/h
- Average Bearing Change: 38.31°
- Max Speed: 7.66 km/h
- Min Speed: 0.48 km/h
- Speed Variability: 1.72 km/h
- Average Acceleration: -0.00 m/s²
- Max Acceleration: 0.40 m/s²
- Number of Turns: 67
- Turn Rate: 4.87 turns/min
- Average Turn Angle: 38.31°
- Turn Angle Variability: 37.36°
- Transport Mode: walk
    "
1.972632238146756,50.004000000000005,0.0,16.47519899397921,25.330115452167096,-0.0175615978278232,2.6214942242870958,0.7353045735585813,33,5.484764542936288,14.679037001414105,29.773095697347937,14.679037001414105,taxi_cleaned.geojson,2008-06-25 14:06:58,2008-06-25 14:13:00,362.0,taxi,268,2,0.7462686567164178,26,1,13.89,"
Trip Summary:
- Start: 2008-06-25 14:06:58 at 中关村东路, 清华园, 中关村街道, 海淀区, 北京市, 100190, 中国
- End: 2008-06-25 14:13:00 at 清华大学, 30, 双清路, 东升镇, 海淀区, 北京市, 100084, 中国
- Duration: 0 days 00:06:02
- Distance: 1.97 km
- Average Speed: 25.33 km/h
- Average Bearing Change: 14.68°
- Max Speed: 50.00 km/h
- Min Speed: 0.00 km/h
- Speed Variability: 16.48 km/h
- Average Acceleration: -0.02 m/s²
- Max Acceleration: 2.62 m/s²
- Number of Turns: 33
- Turn Rate: 5.48 turns/min
- Average Turn Angle: 14.68°
- Turn Angle Variability: 29.77°
- Transport Mode: taxi
    "
0.9766131169890829,8.388413587470401,0.3997249324983044,1.5037903190162967,4.653187075605313,-0.002622345316871539,1.2332272140438003,0.2331705033375833,183,12.364864864864865,26.252837356800352,28.079116086286984,26.252837356800352,walk_cleaned.geojson,2008-06-25 14:13:03,2008-06-25 14:28:02,899.0,walk,615,12,1.951219512195122,27,11,2.78,"
Trip Summary:
- Start: 2008-06-25 14:13:03 at 清华大学, 30, 双清路, 东升镇, 海淀区, 北京市, 100084, 中国
- End: 2008-06-25 14:28:02 at 清华大学, 30, 双清路, 东升镇, 海淀区, 北京市, 100084, 中国
- Duration: 0 days 00:14:59
- Distance: 0.98 km
- Average Speed: 4.65 km/h
- Average Bearing Change: 26.25°
- Max Speed: 8.39 km/h
- Min Speed: 0.40 km/h
- Speed Variability: 1.50 km/h
- Average Acceleration: -0.00 m/s²
- Max Acceleration: 1.23 m/s²
- Number of Turns: 183
- Turn Rate: 12.36 turns/min
- Average Turn Angle: 26.25°
- Turn Angle Variability: 28.08°
- Transport Mode: walk
    "
3.658045028261806,21.82884817912889,2.695403163356222,3.9786056983382156,14.595970394152152,0.0017845913956227018,1.2450844430952408,0.19938856777356717,22,1.4163090128755365,9.355240689157009,14.774555163513156,9.355240689157009,bike_cleaned.geojson,2008-12-09 04:12:58,2008-12-09 04:28:38,940.0,bike,420,5,1.1904761904761905,15,4,6.94,"
Trip Summary:
- Start: 2008-12-09 04:12:58 at 清华大学, 30, 双清路, 东升镇, 海淀区, 北京市, 100084, 中国
- End: 2008-12-09 04:28:38 at 中关村街道, 海淀区, 北京市, 100098, 中国
- Duration: 0 days 00:15:40
- Distance: 3.66 km
- Average Speed: 14.60 km/h
- Average Bearing Change: 9.36°
- Max Speed: 21.83 km/h
- Min Speed: 2.70 km/h
- Speed Variability: 3.98 km/h
- Average Acceleration: 0.00 m/s²
- Max Acceleration: 1.25 m/s²
- Number of Turns: 22
- Turn Rate: 1.42 turns/min
- Average Turn Angle: 9.36°
- Turn Angle Variability: 14.77°
- Transport Mode: bike
    "
2.0062520667901658,21.557344650479106,7.416058262808898,2.6455839630721725,14.012488285098662,-0.004272272744702574,0.30644683071630496,0.05692230998412819,12,1.5652173913043477,15.721550659054927,18.146151686246696,15.721550659054927,bike_cleaned.geojson,2011-11-10 20:02:48,2011-11-10 20:10:43,475.0,bike,90,4,4.444444444444445,3,3,6.94,"
Trip Summary:
- Start: 2011-11-10 20:02:48 at 知春路, 中关村, 中关村街道, 海淀区, 北京市, 100086, 中国
- End: 2011-11-10 20:10:43 at 中关村街道, 海淀区, 北京市, 100098, 中国
- Duration: 0 days 00:07:55
- Distance: 2.01 km
- Average Speed: 14.01 km/h
- Average Bearing Change: 15.72°
- Max Speed: 21.56 km/h
- Min Speed: 7.42 km/h
- Speed Variability: 2.65 km/h
- Average Acceleration: -0.00 m/s²
- Max Acceleration: 0.31 m/s²
- Number of Turns: 12
- Turn Rate: 1.57 turns/min
- Average Turn Angle: 15.72°
- Turn Angle Variability: 18.15°
- Transport Mode: bike
    "
4.290168557699814,22.80294230402385,2.781417412804388,2.843090747639077,15.529203959666544,-0.007482246529269447,1.4430297453512302,0.3190163156855366,13,0.8685968819599109,7.446896373525287,9.607267192263063,7.446896373525287,bike_cleaned.geojson,2008-04-21 16:18:52,2008-04-21 16:34:02,910.0,bike,809,15,1.8541409147095178,36,14,6.94,"
Trip Summary:
- Start: 2008-04-21 16:18:52 at 海淀交通支队中关村大队, 中关村东路, 知春东里社区, 中关村街道, 海淀区, 北京市, 100190, 中国
- End: 2008-04-21 16:34:02 at 清华大学, 30, 双清路, 东升镇, 海淀区, 北京市, 100084, 中国
- Duration: 0 days 00:15:10
- Distance: 4.29 km
- Average Speed: 15.53 km/h
- Average Bearing Change: 7.45°
- Max Speed: 22.80 km/h
- Min Speed: 2.78 km/h
- Speed Variability: 2.84 km/h
- Average Acceleration: -0.01 m/s²
- Max Acceleration: 1.44 m/s²
- Number of Turns: 13
- Turn Rate: 0.87 turns/min
- Average Turn Angle: 7.45°
- Turn Angle Variability: 9.61°
- Transport Mode: bike
    "
10.661994953486001,50.004000000000005,0.6529898597801609,15.049690835941297,31.828618915111043,0.03197456036441,0.5915102997769413,0.2542530861515958,5,0.271985494106981,24.740944223590837,30.571941500457488,24.740944223590837,car_cleaned.geojson,2007-10-06 09:50:09,2007-10-06 10:09:35,1166.0,car,25,4,16.0,6,3,13.89,"
Trip Summary:
- Start: 2007-10-06 09:50:09 at 鸦儿胡同, 什刹海, 什刹海街道, 首都功能核心区, 西城区, 北京市, 100032, 中国
- End: 2007-10-06 10:09:35 at 科荟路, 天创世缘, 大屯街道, 朝阳区, 北京市, 100101, 中国
- Duration: 0 days 00:19:26
- Distance: 10.66 km
- Average Speed: 31.83 km/h
- Average Bearing Change: 24.74°
- Max Speed: 50.00 km/h
- Min Speed: 0.65 km/h
- Speed Variability: 15.05 km/h
- Average Acceleration: 0.03 m/s²
- Max Acceleration: 0.59 m/s²
- Number of Turns: 5
- Turn Rate: 0.27 turns/min
- Average Turn Angle: 24.74°
- Turn Angle Variability: 30.57°
- Transport Mode: car
    "
3.8800641571156183,22.7863055220932,0.5037932754808331,2.7728042023017783,18.45450758400213,-0.006457389441014582,0.9242506770832808,0.15752241672845754,9,0.5625,7.857011363588644,13.687347732325529,7.857011363588644,bike_cleaned.geojson,2008-11-22 14:32:39,2008-11-22 14:48:51,972.0,bike,348,7,2.0114942528735633,9,6,6.94,"
Trip Summary:
- Start: 2008-11-22 14:32:39 at 中国工商银行, 100, 中关村东路, 知春东里社区, 中关村街道, 海淀区, 北京市, 100190, 中国
- End: 2008-11-22 14:48:51 at 闻馨园餐厅, 至善路, 清华园街道, 八家村总支委员会, 海淀区, 北京市, 100084, 中国
- Duration: 0 days 00:16:12
- Distance: 3.88 km
- Average Speed: 18.45 km/h
- Average Bearing Change: 7.86°
- Max Speed: 22.79 km/h
- Min Speed: 0.50 km/h
- Speed Variability: 2.77 km/h
- Average Acceleration: -0.01 m/s²
- Max Acceleration: 0.92 m/s²
- Number of Turns: 9
- Turn Rate: 0.56 turns/min
- Average Turn Angle: 7.86°
- Turn Angle Variability: 13.69°
- Transport Mode: bike
    "
0.08957993431542738,4.192887700942256,0.25212600257238404,1.3789840065208097,2.398529925640107,-0.000751517743205456,0.25397891296687386,0.12141449411407909,7,7.0,45.06040917991816,54.31147977663973,45.06040917991816,walk_cleaned.geojson,2008-11-22 14:49:01,2008-11-22 14:49:59,58.0,walk,26,2,7.6923076923076925,0,1,2.78,"
Trip Summary:
- Start: 2008-11-22 14:49:01 at 闻馨园餐厅, 至善路, 清华园街道, 八家村总支委员会, 海淀区, 北京市, 100084, 中国
- End: 2008-11-22 14:49:59 at 清华大学, 30, 双清路, 东升镇, 海淀区, 北京市, 100084, 中国
- Duration: 0 days 00:00:58
- Distance: 0.09 km
- Average Speed: 2.40 km/h
- Average Bearing Change: 45.06°
- Max Speed: 4.19 km/h
- Min Speed: 0.25 km/h
- Speed Variability: 1.38 km/h
- Average Acceleration: -0.00 m/s²
- Max Acceleration: 0.25 m/s²
- Number of Turns: 7
- Turn Rate: 7.00 turns/min
- Average Turn Angle: 45.06°
- Turn Angle Variability: 54.31°
- Transport Mode: walk
    "
11.223304309676216,39.996,0.16815181164949936,12.763872195767863,14.592730192969423,0.010837679251194967,3.2533252324744195,0.29501101609305813,161,3.72972972972973,33.891667316413375,43.98697816099847,33.891667316413375,bus_cleaned.geojson,2009-03-27 10:48:08,2009-03-27 11:31:38,2610.0,bus,497,6,1.2072434607645874,23,5,11.11,"
Trip Summary:
- Start: 2009-03-27 10:48:08 at 白云路, 月坛街道, 首都功能核心区, 西城区, 北京市, 100032, 中国
- End: 2009-03-27 11:31:38 at 中关村东路, 知春东里社区, 中关村街道, 海淀区, 北京市, 100190, 中国
- Duration: 0 days 00:43:30
- Distance: 11.22 km
- Average Speed: 14.59 km/h
- Average Bearing Change: 33.89°
- Max Speed: 40.00 km/h
- Min Speed: 0.17 km/h
- Speed Variability: 12.76 km/h
- Average Acceleration: 0.01 m/s²
- Max Acceleration: 3.25 m/s²
- Number of Turns: 161
- Turn Rate: 3.73 turns/min
- Average Turn Angle: 33.89°
- Turn Angle Variability: 43.99°
- Transport Mode: bus
    "
8.879123480111705,7.666369850063525,2.2059411443923307,1.5636696684005817,4.8610943009760685,0.008554830904029179,0.20041882539334505,0.05051400975196182,17,0.35355285961871746,43.48153726389068,37.57146368935426,43.48153726389068,walk_cleaned.geojson,2009-03-27 10:46:47,2009-03-27 11:34:53,2886.0,walk,35,2,5.714285714285714,1,1,2.78,"
Trip Summary:
- Start: 2009-03-27 10:46:47 at 白云路, 月坛街道, 首都功能核心区, 西城区, 北京市, 100032, 中国
- End: 2009-03-27 11:34:53 at 中关村南四街, 知春东里社区, 中关村街道, 海淀区, 北京市, 100098, 中国
- Duration: 0 days 00:48:06
- Distance: 8.88 km
- Average Speed: 4.86 km/h
- Average Bearing Change: 43.48°
- Max Speed: 7.67 km/h
- Min Speed: 2.21 km/h
- Speed Variability: 1.56 km/h
- Average Acceleration: 0.01 m/s²
- Max Acceleration: 0.20 m/s²
- Number of Turns: 17
- Turn Rate: 0.35 turns/min
- Average Turn Angle: 43.48°
- Turn Angle Variability: 37.57°
- Transport Mode: walk
    "
3.554996276023975,22.98619289017745,9.761073794728665,2.372927010503014,16.619763900520123,0.003412832622686011,1.5734915675058827,0.16177037445662953,12,0.7826086956521738,8.156277130301499,8.423279837334757,8.156277130301499,bike_cleaned.geojson,2008-09-30 08:56:40,2008-09-30 09:12:16,936.0,bike,358,9,2.5139664804469275,2,8,6.94,"
Trip Summary:
- Start: 2008-09-30 08:56:40 at 中关村街道, 海淀区, 北京市, 100098, 中国
- End: 2008-09-30 09:12:16 at 清华大学, 30, 双清路, 东升镇, 海淀区, 北京市, 100084, 中国
- Duration: 0 days 00:15:36
- Distance: 3.55 km
- Average Speed: 16.62 km/h
- Average Bearing Change: 8.16°
- Max Speed: 22.99 km/h
- Min Speed: 9.76 km/h
- Speed Variability: 2.37 km/h
- Average Acceleration: 0.00 m/s²
- Max Acceleration: 1.57 m/s²
- Number of Turns: 12
- Turn Rate: 0.78 turns/min
- Average Turn Angle: 8.16°
- Turn Angle Variability: 8.42°
- Transport Mode: bike
    "
10.263066943370278,39.996,0.15373790529336845,15.362250379864596,19.52299228742907,0.0021931738200461092,2.3142364295954168,0.40841874817495216,186,6.0553445469343465,26.820823943848318,42.42781745869151,26.820823943848318,bus_cleaned.geojson,2008-09-30 13:08:01,2008-09-30 13:38:59,1858.0,bus,791,9,1.1378002528445006,160,8,11.11,"
Trip Summary:
- Start: 2008-09-30 13:08:01 at 荷清路, 学院路街道, 东升镇, 海淀区, 北京市, 100190, 中国
- End: 2008-09-30 13:38:59 at 惠新东街, 小关街道, 朝阳区, 北京市, 100029, 中国
- Duration: 0 days 00:30:58
- Distance: 10.26 km
- Average Speed: 19.52 km/h
- Average Bearing Change: 26.82°
- Max Speed: 40.00 km/h
- Min Speed: 0.15 km/h
- Speed Variability: 15.36 km/h
- Average Acceleration: 0.00 m/s²
- Max Acceleration: 2.31 m/s²
- Number of Turns: 186
- Turn Rate: 6.06 turns/min
- Average Turn Angle: 26.82°
- Turn Angle Variability: 42.43°
- Transport Mode: bus
    "
2.271608050058869,9.080449961551798,0.21044655418054276,1.4429315352506094,3.7278201073308366,-0.0010102178736494168,0.6651238882691791,0.12437859677998263,348,11.25,36.866501344350056,37.55740240628596,36.866501344350056,walk_cleaned.geojson,2008-09-30 13:39:21,2008-09-30 14:10:49,1888.0,walk,815,17,2.085889570552147,27,16,2.78,"
Trip Summary:
- Start: 2008-09-30 13:39:21 at 中日医院, 惠新东街, 小关街道, 朝阳区, 北京市, 100029, 中国
- End: 2008-09-30 14:10:49 at 北京中医药大学（西校区）, 11号, 北三环东路, 和平街街道, 朝阳区, 北京市, 100029, 中国
- Duration: 0 days 00:31:28
- Distance: 2.27 km
- Average Speed: 3.73 km/h
- Average Bearing Change: 36.87°
- Max Speed: 9.08 km/h
- Min Speed: 0.21 km/h
- Speed Variability: 1.44 km/h
- Average Acceleration: -0.00 m/s²
- Max Acceleration: 0.67 m/s²
- Number of Turns: 348
- Turn Rate: 11.25 turns/min
- Average Turn Angle: 36.87°
- Turn Angle Variability: 37.56°
- Transport Mode: walk
    "
8.210617954336433,39.996,0.12225588271479267,13.848750620318786,13.390394525309572,0.02496109045343875,4.333450817467558,0.5265154124635347,100,2.846299810246679,29.18166410324842,42.731080006525396,29.18166410324842,bus_cleaned.geojson,2008-07-24 13:24:58,2008-07-24 14:01:14,2176.0,bus,397,34,8.564231738035264,30,33,11.11,"
Trip Summary:
- Start: 2008-07-24 13:24:58 at 安立路, 天创世缘, 亚运村街道, 朝阳区, 北京市, 100012, 中国
- End: 2008-07-24 14:01:14 at 希格玛大厦, 知春路, 中关村街道, 海淀区, 北京市, 100098, 中国
- Duration: 0 days 00:36:16
- Distance: 8.21 km
- Average Speed: 13.39 km/h
- Average Bearing Change: 29.18°
- Max Speed: 40.00 km/h
- Min Speed: 0.12 km/h
- Speed Variability: 13.85 km/h
- Average Acceleration: 0.02 m/s²
- Max Acceleration: 4.33 m/s²
- Number of Turns: 100
- Turn Rate: 2.85 turns/min
- Average Turn Angle: 29.18°
- Turn Angle Variability: 42.73°
- Transport Mode: bus
    "
0.31746701450572296,10.008,0.8663210818835455,3.429443983020079,4.706833934362439,0.06376990514973804,1.0911033471775173,0.32952185217226193,8,8.0,48.00915004940971,37.48198546946987,48.00915004940971,walk_cleaned.geojson,2008-07-24 13:22:48,2008-07-24 13:24:20,92.0,walk,20,4,20.0,2,3,2.78,"
Trip Summary:
- Start: 2008-07-24 13:22:48 at 慧忠里公共汽车站, 慧忠北路, 飘亮阳光广场, 大屯街道, 朝阳区, 北京市, 100101, 中国
- End: 2008-07-24 13:24:20 at 安立路, 亚运村街道, 朝阳区, 北京市, 100012, 中国
- Duration: 0 days 00:01:32
- Distance: 0.32 km
- Average Speed: 4.71 km/h
- Average Bearing Change: 48.01°
- Max Speed: 10.01 km/h
- Min Speed: 0.87 km/h
- Speed Variability: 3.43 km/h
- Average Acceleration: 0.06 m/s²
- Max Acceleration: 1.09 m/s²
- Number of Turns: 8
- Turn Rate: 8.00 turns/min
- Average Turn Angle: 48.01°
- Turn Angle Variability: 37.48°
- Transport Mode: walk
    "
2.5698874015485544,24.984,0.15372775254713286,6.869944538236081,7.605654584718362,0.005934622745945457,1.5174186989731782,0.1785014917131781,116,6.666666666666667,28.125846782654275,40.434094336407725,28.125846782654275,bike_cleaned.geojson,2008-10-21 03:17:00,2008-10-21 03:34:46,1066.0,bike,448,11,2.455357142857143,9,10,6.94,"
Trip Summary:
- Start: 2008-10-21 03:17:00 at 成府路, 东升镇, 海淀区, 北京市, 100190, 中国
- End: 2008-10-21 03:34:46 at 中关村街道, 海淀区, 北京市, 100098, 中国
- Duration: 0 days 00:17:46
- Distance: 2.57 km
- Average Speed: 7.61 km/h
- Average Bearing Change: 28.13°
- Max Speed: 24.98 km/h
- Min Speed: 0.15 km/h
- Speed Variability: 6.87 km/h
- Average Acceleration: 0.01 m/s²
- Max Acceleration: 1.52 m/s²
- Number of Turns: 116
- Turn Rate: 6.67 turns/min
- Average Turn Angle: 28.13°
- Turn Angle Variability: 40.43°
- Transport Mode: bike
    "
1.0487594475767879,18.19914134351706,0.27597225768043226,2.155504860537553,11.798768284748697,-0.008899435759808503,1.6348601766238384,0.35612923213671155,26,4.814814814814815,12.035566280480483,12.166361913169062,12.035566280480483,bike_cleaned.geojson,2008-06-02 14:36:45,2008-06-02 14:42:10,325.0,bike,285,2,0.7017543859649122,9,1,6.94,"
Trip Summary:
- Start: 2008-06-02 14:36:45 at 清华大学, 30, 双清路, 东升镇, 海淀区, 北京市, 100084, 中国
- End: 2008-06-02 14:42:10 at 清华大学, 30, 双清路, 东升镇, 海淀区, 北京市, 100084, 中国
- Duration: 0 days 00:05:25
- Distance: 1.05 km
- Average Speed: 11.80 km/h
- Average Bearing Change: 12.04°
- Max Speed: 18.20 km/h
- Min Speed: 0.28 km/h
- Speed Variability: 2.16 km/h
- Average Acceleration: -0.01 m/s²
- Max Acceleration: 1.63 m/s²
- Number of Turns: 26
- Turn Rate: 4.81 turns/min
- Average Turn Angle: 12.04°
- Turn Angle Variability: 12.17°
- Transport Mode: bike
    "
7.551653095721771,39.996,0.19986184574013177,13.400867609359953,25.777405789928,-0.03472242023937938,4.189207236924431,0.4345521568942256,44,2.4672897196261685,14.732694861653183,29.65617452710243,14.732694861653183,bus_cleaned.geojson,2008-09-23 11:38:27,2008-09-23 11:56:41,1094.0,bus,406,16,3.9408866995073892,94,15,11.11,"
Trip Summary:
- Start: 2008-09-23 11:38:27 at 北四环东路, 大屯街道, 朝阳区, 北京市, 100012, 中国
- End: 2008-09-23 11:56:41 at 中关村东路, 清华园, 中关村街道, 海淀区, 北京市, 100190, 中国
- Duration: 0 days 00:18:14
- Distance: 7.55 km
- Average Speed: 25.78 km/h
- Average Bearing Change: 14.73°
- Max Speed: 40.00 km/h
- Min Speed: 0.20 km/h
- Speed Variability: 13.40 km/h
- Average Acceleration: -0.03 m/s²
- Max Acceleration: 4.19 m/s²
- Number of Turns: 44
- Turn Rate: 2.47 turns/min
- Average Turn Angle: 14.73°
- Turn Angle Variability: 29.66°
- Transport Mode: bus
    "
4.173017179489227,10.008,0.0,2.2565791785359806,2.954748086323372,0.002468344970225673,1.3504658911393472,0.13734558615214087,555,6.900124326564442,41.83790006235373,47.798661452691,41.83790006235373,walk_cleaned.geojson,2008-09-23 12:15:51,2008-09-23 13:39:35,5024.0,walk,1389,48,3.455723542116631,33,47,2.78,"
Trip Summary:
- Start: 2008-09-23 12:15:51 at 中关村街道, 海淀区, 北京市, 100190, 中国
- End: 2008-09-23 13:39:35 at 中关村街道, 海淀区, 北京市, 100190, 中国
- Duration: 0 days 01:23:44
- Distance: 4.17 km
- Average Speed: 2.95 km/h
- Average Bearing Change: 41.84°
- Max Speed: 10.01 km/h
- Min Speed: 0.00 km/h
- Speed Variability: 2.26 km/h
- Average Acceleration: 0.00 m/s²
- Max Acceleration: 1.35 m/s²
- Number of Turns: 555
- Turn Rate: 6.90 turns/min
- Average Turn Angle: 41.84°
- Turn Angle Variability: 47.80°
- Transport Mode: walk
    "
0.09117273017541028,0.916905416894199,0.0,0.2848623338434614,0.24396993449284507,-0.0014020507986309172,0.027758546554666554,0.012229151747137438,31,6.038961038961038,31.959346274364375,47.95360154741857,31.959346274364375,walk_cleaned.geojson,2008-10-10 10:48:09,2008-10-10 10:53:23,314.0,walk,103,4,3.8834951456310676,1,3,2.78,"
Trip Summary:
- Start: 2008-10-10 10:48:09 at 星规路, 知春东里社区, 中关村街道, 海淀区, 北京市, 100098, 中国
- End: 2008-10-10 10:53:23 at 星规路, 知春东里社区, 中关村街道, 海淀区, 北京市, 100098, 中国
- Duration: 0 days 00:05:14
- Distance: 0.09 km
- Average Speed: 0.24 km/h
- Average Bearing Change: 31.96°
- Max Speed: 0.92 km/h
- Min Speed: 0.00 km/h
- Speed Variability: 0.28 km/h
- Average Acceleration: -0.00 m/s²
- Max Acceleration: 0.03 m/s²
- Number of Turns: 31
- Turn Rate: 6.04 turns/min
- Average Turn Angle: 31.96°
- Turn Angle Variability: 47.95°
- Transport Mode: walk
    "
2.4139025517258053,10.008,0.0,2.1358497955852855,3.263020336443313,0.0006907937466458423,0.5988609415952936,0.059083178469288046,160,4.281891168599465,46.86826496728796,44.38989840942074,46.86826496728796,walk_cleaned.geojson,2008-12-03 14:49:59,2008-12-03 15:28:10,2291.0,walk,329,12,3.64741641337386,13,11,2.78,"
Trip Summary:
- Start: 2008-12-03 14:49:59 at 星规路, 知春东里社区, 中关村街道, 海淀区, 北京市, 100098, 中国
- End: 2008-12-03 15:28:10 at 中国科学院大学（中关村校区）, 中关村南四街, 知春东里社区, 中关村街道, 海淀区, 北京市, 100098, 中国
- Duration: 0 days 00:38:11
- Distance: 2.41 km
- Average Speed: 3.26 km/h
- Average Bearing Change: 46.87°
- Max Speed: 10.01 km/h
- Min Speed: 0.00 km/h
- Speed Variability: 2.14 km/h
- Average Acceleration: 0.00 m/s²
- Max Acceleration: 0.60 m/s²
- Number of Turns: 160
- Turn Rate: 4.28 turns/min
- Average Turn Angle: 46.87°
- Turn Angle Variability: 44.39°
- Transport Mode: walk
    "
3.907364678877126,24.984,5.242016255674823,3.7273501957178485,14.937723493239979,-0.009933901605784196,3.107105334422984,0.4254104411547715,57,4.237918215613383,11.38548676887615,13.572938046149998,11.38548676887615,bike_cleaned.geojson,2008-07-02 17:28:59,2008-07-02 17:42:51,832.0,bike,699,24,3.4334763948497855,34,23,6.94,"
Trip Summary:
- Start: 2008-07-02 17:28:59 at 中关村东路, 知春东里社区, 中关村街道, 海淀区, 北京市, 100190, 中国
- End: 2008-07-02 17:42:51 at 清华大学, 30, 双清路, 东升镇, 海淀区, 北京市, 100084, 中国
- Duration: 0 days 00:13:52
- Distance: 3.91 km
- Average Speed: 14.94 km/h
- Average Bearing Change: 11.39°
- Max Speed: 24.98 km/h
- Min Speed: 5.24 km/h
- Speed Variability: 3.73 km/h
- Average Acceleration: -0.01 m/s²
- Max Acceleration: 3.11 m/s²
- Number of Turns: 57
- Turn Rate: 4.24 turns/min
- Average Turn Angle: 11.39°
- Turn Angle Variability: 13.57°
- Transport Mode: bike
    "
0.3682744038981444,7.798014632098937,0.04236326950122629,2.251469948774086,1.8596822560777542,-0.003446980951881017,0.29946092797866203,0.09463964703456168,58,10.057803468208093,54.264914466782976,52.82674307373999,54.264914466782976,walk_cleaned.geojson,2008-11-03 05:21:51,2008-11-03 05:29:45,474.0,walk,119,5,4.201680672268908,6,4,2.78,"
Trip Summary:
- Start: 2008-11-03 05:21:51 at 中国科学院物理研究所, 中关村东路, 清华园, 中关村街道, 海淀区, 北京市, 100190, 中国
- End: 2008-11-03 05:29:45 at 中国科学院大学（中关村校区）, 中关村南四街, 知春东里社区, 中关村街道, 海淀区, 北京市, 100098, 中国
- Duration: 0 days 00:07:54
- Distance: 0.37 km
- Average Speed: 1.86 km/h
- Average Bearing Change: 54.26°
- Max Speed: 7.80 km/h
- Min Speed: 0.04 km/h
- Speed Variability: 2.25 km/h
- Average Acceleration: -0.00 m/s²
- Max Acceleration: 0.30 m/s²
- Number of Turns: 58
- Turn Rate: 10.06 turns/min
- Average Turn Angle: 54.26°
- Turn Angle Variability: 52.83°
- Transport Mode: walk
    "
5.209204277316152,39.996,0.6466769830373919,16.45777225611233,23.410566996019185,0.028428937032306045,1.8353119763877503,0.40866155961687617,66,5.6571428571428575,22.549366175131837,36.48605243219698,22.549366175131837,bus_cleaned.geojson,2008-08-16 12:49:57,2008-08-16 13:01:45,708.0,bus,325,5,1.5384615384615385,123,4,11.11,"
Trip Summary:
- Start: 2008-08-16 12:49:57 at 北四环东路, 望京街道, 牛王庙村, 朝阳区, 北京市, 101102, 中国
- End: 2008-08-16 13:01:45 at 惠新东街, 小关街道, 朝阳区, 北京市, 100029, 中国
- Duration: 0 days 00:11:48
- Distance: 5.21 km
- Average Speed: 23.41 km/h
- Average Bearing Change: 22.55°
- Max Speed: 40.00 km/h
- Min Speed: 0.65 km/h
- Speed Variability: 16.46 km/h
- Average Acceleration: 0.03 m/s²
- Max Acceleration: 1.84 m/s²
- Number of Turns: 66
- Turn Rate: 5.66 turns/min
- Average Turn Angle: 22.55°
- Turn Angle Variability: 36.49°
- Transport Mode: bus
    "
0.5904278124597016,8.68345710194936,1.1006378755227304,1.502732009318303,4.709686532730022,-0.003061677166093792,0.4697344391933212,0.11008867521776554,46,6.865671641791044,20.411342659350378,17.82008172311949,20.411342659350378,walk_cleaned.geojson,2008-08-16 14:12:56,2008-08-16 14:19:40,404.0,walk,195,2,1.0256410256410255,12,1,2.78,"
Trip Summary:
- Start: 2008-08-16 14:12:56 at 知春路, 花园路街道, 中关村街道, 海淀区, 北京市, 100081, 中国
- End: 2008-08-16 14:19:40 at 希格玛大厦, 知春路, 中关村街道, 海淀区, 北京市, 100098, 中国
- Duration: 0 days 00:06:44
- Distance: 0.59 km
- Average Speed: 4.71 km/h
- Average Bearing Change: 20.41°
- Max Speed: 8.68 km/h
- Min Speed: 1.10 km/h
- Speed Variability: 1.50 km/h
- Average Acceleration: -0.00 m/s²
- Max Acceleration: 0.47 m/s²
- Number of Turns: 46
- Turn Rate: 6.87 turns/min
- Average Turn Angle: 20.41°
- Turn Angle Variability: 17.82°
- Transport Mode: walk
    "
0.30174121056538794,7.503760469098592,2.2794772153728964,1.2077890624185168,5.680407866971655,0.0038591673499328454,0.16571912161652652,0.045340292347929065,7,2.176165803108808,20.225851837905726,24.85557123494784,20.225851837905726,walk_cleaned.geojson,2009-09-01 00:28:32,2009-09-01 00:31:45,193.0,walk,40,1,2.5,3,0,2.78,"
Trip Summary:
- Start: 2009-09-01 00:28:32 at 中关村街道, 海淀区, 北京市, 100098, 中国
- End: 2009-09-01 00:31:45 at 希格玛大厦, 知春路, 中关村街道, 海淀区, 北京市, 100098, 中国
- Duration: 0 days 00:03:13
- Distance: 0.30 km
- Average Speed: 5.68 km/h
- Average Bearing Change: 20.23°
- Max Speed: 7.50 km/h
- Min Speed: 2.28 km/h
- Speed Variability: 1.21 km/h
- Average Acceleration: 0.00 m/s²
- Max Acceleration: 0.17 m/s²
- Number of Turns: 7
- Turn Rate: 2.18 turns/min
- Average Turn Angle: 20.23°
- Turn Angle Variability: 24.86°
- Transport Mode: walk
    "
1.9425667690340738,24.984,0.36705480456041795,7.95751669784122,8.55385115826682,0.008167366720836679,1.6035126505086632,0.2261860646774436,75,5.7397959183673475,32.37435950947589,38.835751001717135,32.37435950947589,subway_cleaned.geojson,2008-09-25 08:26:40,2008-09-25 08:39:56,796.0,subway,228,7,3.070175438596491,13,6,6.94,"
Trip Summary:
- Start: 2008-09-25 08:26:40 at 广安门内街道, 首都功能核心区, 西城区, 北京市, 100032, 中国
- End: 2008-09-25 08:39:56 at 白云观街, 月坛街道, 首都功能核心区, 西城区, 北京市, 100032, 中国
- Duration: 0 days 00:13:16
- Distance: 1.94 km
- Average Speed: 8.55 km/h
- Average Bearing Change: 32.37°
- Max Speed: 24.98 km/h
- Min Speed: 0.37 km/h
- Speed Variability: 7.96 km/h
- Average Acceleration: 0.01 m/s²
- Max Acceleration: 1.60 m/s²
- Number of Turns: 75
- Turn Rate: 5.74 turns/min
- Average Turn Angle: 32.37°
- Turn Angle Variability: 38.84°
- Transport Mode: subway
    "
4.16340592941717,50.004000000000005,0.16578066373756464,15.517833291111685,18.090107217631353,0.020983132430379057,1.9118367863417416,0.40564848424304445,66,5.484764542936288,23.88835643889828,42.790207403190934,23.88835643889828,taxi_cleaned.geojson,2008-09-25 23:10:22,2008-09-25 23:22:36,734.0,taxi,325,7,2.1538461538461537,18,6,13.89,"
Trip Summary:
- Start: 2008-09-25 23:10:22 at 西安站南广场, 解放门街道, 新城区, 西安市, 陕西省, 710005, 中国
- End: 2008-09-25 23:22:36 at 建东街, 太乙路街道, 碑林区, 西安市, 陕西省, 710055, 中国
- Duration: 0 days 00:12:14
- Distance: 4.16 km
- Average Speed: 18.09 km/h
- Average Bearing Change: 23.89°
- Max Speed: 50.00 km/h
- Min Speed: 0.17 km/h
- Speed Variability: 15.52 km/h
- Average Acceleration: 0.02 m/s²
- Max Acceleration: 1.91 m/s²
- Number of Turns: 66
- Turn Rate: 5.48 turns/min
- Average Turn Angle: 23.89°
- Turn Angle Variability: 42.79°
- Transport Mode: taxi
    "
1.2327254695044023,10.008,0.19966836331470383,2.4165885272215046,4.133789157157303,0.000612091220293289,0.7569788113926891,0.14920091511169942,106,6.5030674846625764,35.11218884855774,44.14833164042927,35.11218884855774,walk_cleaned.geojson,2008-09-26 00:00:08,2008-09-26 00:16:16,968.0,walk,327,8,2.4464831804281344,18,7,2.78,"
Trip Summary:
- Start: 2008-09-26 00:00:08 at 建东街, 太乙路街道, 碑林区, 西安市, 陕西省, 710055, 中国
- End: 2008-09-26 00:16:16 at 安东街, 太乙路街道, 碑林区, 西安市, 陕西省, 710055, 中国
- Duration: 0 days 00:16:08
- Distance: 1.23 km
- Average Speed: 4.13 km/h
- Average Bearing Change: 35.11°
- Max Speed: 10.01 km/h
- Min Speed: 0.20 km/h
- Speed Variability: 2.42 km/h
- Average Acceleration: 0.00 m/s²
- Max Acceleration: 0.76 m/s²
- Number of Turns: 106
- Turn Rate: 6.50 turns/min
- Average Turn Angle: 35.11°
- Turn Angle Variability: 44.15°
- Transport Mode: walk
    "
0.5541721188371143,6.427187754425845,1.552660041596965,1.4184636730129343,4.5088537806993285,-0.0003285377304932701,0.041784508253911286,0.0181957966262788,7,1.0194174757281553,37.41241252098569,44.095151677573945,37.41241252098569,walk_cleaned.geojson,2007-04-20 02:37:32,2007-04-20 02:43:55,383.0,walk,22,6,27.27272727272727,0,5,2.78,"
Trip Summary:
- Start: 2007-04-20 02:37:32 at 首都体育馆南路, 甘家口街道, 海淀区, 北京市, 100835, 中国
- End: 2007-04-20 02:43:55 at 车公庄西路, 甘家口街道, 海淀区, 北京市, 100835, 中国
- Duration: 0 days 00:06:23
- Distance: 0.55 km
- Average Speed: 4.51 km/h
- Average Bearing Change: 37.41°
- Max Speed: 6.43 km/h
- Min Speed: 1.55 km/h
- Speed Variability: 1.42 km/h
- Average Acceleration: -0.00 m/s²
- Max Acceleration: 0.04 m/s²
- Number of Turns: 7
- Turn Rate: 1.02 turns/min
- Average Turn Angle: 37.41°
- Turn Angle Variability: 44.10°
- Transport Mode: walk
    "
0.4247810337687124,5.258752951674429,2.171721518392074,0.9232987106658108,3.491591168729987,-0.00229446752875105,0.03578355451743114,0.020664390959765144,7,1.0047846889952152,27.08901856582822,21.232176648151246,27.08901856582822,walk_cleaned.geojson,2007-10-03 01:53:13,2007-10-03 02:00:07,414.0,walk,22,2,9.090909090909092,1,1,2.78,"
Trip Summary:
- Start: 2007-10-03 01:53:13 at 关东店北街, 呼家楼街道, 朝阳区, 北京市, 100026, 中国
- End: 2007-10-03 02:00:07 at 呼家楼北, 东三环北路, 呼家楼街道, 朝阳区, 北京市, 100026, 中国
- Duration: 0 days 00:06:54
- Distance: 0.42 km
- Average Speed: 3.49 km/h
- Average Bearing Change: 27.09°
- Max Speed: 5.26 km/h
- Min Speed: 2.17 km/h
- Speed Variability: 0.92 km/h
- Average Acceleration: -0.00 m/s²
- Max Acceleration: 0.04 m/s²
- Number of Turns: 7
- Turn Rate: 1.00 turns/min
- Average Turn Angle: 27.09°
- Turn Angle Variability: 21.23°
- Transport Mode: walk
    "
0.8915026740546107,22.38903227732044,1.6062696005271733,6.123249050492796,13.250659834330518,0.016057889603898985,1.6710783289603317,0.36211254354657935,20,5.063291139240506,17.589711910275717,21.70294756100861,17.589711910275717,bike_cleaned.geojson,2008-05-17 02:10:20,2008-05-17 02:14:17,237.0,bike,119,1,0.8403361344537815,5,0,6.94,"
Trip Summary:
- Start: 2008-05-17 02:10:20 at 30, 双清路, 东升镇, 海淀区, 北京市, 100084, 中国
- End: 2008-05-17 02:14:17 at 东升镇, 海淀区, 北京市, 100190, 中国
- Duration: 0 days 00:03:57
- Distance: 0.89 km
- Average Speed: 13.25 km/h
- Average Bearing Change: 17.59°
- Max Speed: 22.39 km/h
- Min Speed: 1.61 km/h
- Speed Variability: 6.12 km/h
- Average Acceleration: 0.02 m/s²
- Max Acceleration: 1.67 m/s²
- Number of Turns: 20
- Turn Rate: 5.06 turns/min
- Average Turn Angle: 17.59°
- Turn Angle Variability: 21.70°
- Transport Mode: bike
    "
3.400054902790457,39.996,0.19986097329160513,13.134722007968742,13.98165344468776,0.0033995525351098637,2.527895945508439,0.4749634197961868,114,7.253446447507954,26.312343329267012,38.423748853175425,26.312343329267012,bus_cleaned.geojson,2008-05-17 04:24:08,2008-05-17 04:40:01,953.0,bus,437,8,1.8306636155606408,35,7,11.11,"
Trip Summary:
- Start: 2008-05-17 04:24:08 at 樱花园东街, 和平街街道, 朝阳区, 北京市, 100029, 中国
- End: 2008-05-17 04:40:01 at 和平里街道, 首都功能核心区, 东城区, 北京市, 100010, 中国
- Duration: 0 days 00:15:53
- Distance: 3.40 km
- Average Speed: 13.98 km/h
- Average Bearing Change: 26.31°
- Max Speed: 40.00 km/h
- Min Speed: 0.20 km/h
- Speed Variability: 13.13 km/h
- Average Acceleration: 0.00 m/s²
- Max Acceleration: 2.53 m/s²
- Number of Turns: 114
- Turn Rate: 7.25 turns/min
- Average Turn Angle: 26.31°
- Turn Angle Variability: 38.42°
- Transport Mode: bus
    "
4.284817254062226,10.008,0.0,1.9452068812658139,3.181790137608753,0.00011726984469628973,1.0199421719884825,0.13666332474943824,292,5.16661751695665,37.46993599538998,40.99652194925803,37.46993599538998,walk_cleaned.geojson,2008-05-17 04:04:46,2008-05-17 05:01:20,3394.0,walk,726,18,2.479338842975207,25,17,2.78,"
Trip Summary:
- Start: 2008-05-17 04:04:46 at 北京中医药大学（西校区）, 11号, 北三环东路, 和平街街道, 朝阳区, 北京市, 100029, 中国
- End: 2008-05-17 05:01:20 at 外馆斜街, 和平里街道, 北京市, 东城区, 北京市, 100010, 中国
- Duration: 0 days 00:56:34
- Distance: 4.28 km
- Average Speed: 3.18 km/h
- Average Bearing Change: 37.47°
- Max Speed: 10.01 km/h
- Min Speed: 0.00 km/h
- Speed Variability: 1.95 km/h
- Average Acceleration: 0.00 m/s²
- Max Acceleration: 1.02 m/s²
- Number of Turns: 292
- Turn Rate: 5.17 turns/min
- Average Turn Angle: 37.47°
- Turn Angle Variability: 41.00°
- Transport Mode: walk
    "
0.5886582975525496,10.008,1.8063685129504368,2.132475256757471,6.1568446190874555,-0.0025451397106554256,0.3038997832236407,0.06920575166945726,25,4.761904761904762,35.58666579821006,36.345130728472746,35.58666579821006,walk_cleaned.geojson,2011-12-07 03:44:00,2011-12-07 03:49:15,315.0,walk,65,1,1.5384615384615385,10,0,2.78,"
Trip Summary:
- Start: 2011-12-07 03:44:00 at 彩和坊路, 中关村核心区, 海淀街道, 海淀区, 北京市, 100080, 中国
- End: 2011-12-07 03:49:15 at 善缘街, 中关村核心区, 海淀街道, 海淀区, 北京市, 100080, 中国
- Duration: 0 days 00:05:15
- Distance: 0.59 km
- Average Speed: 6.16 km/h
- Average Bearing Change: 35.59°
- Max Speed: 10.01 km/h
- Min Speed: 1.81 km/h
- Speed Variability: 2.13 km/h
- Average Acceleration: -0.00 m/s²
- Max Acceleration: 0.30 m/s²
- Number of Turns: 25
- Turn Rate: 4.76 turns/min
- Average Turn Angle: 35.59°
- Turn Angle Variability: 36.35°
- Transport Mode: walk
    "
4.276363560985331,20.37061661635656,0.10085798699801668,5.993271861788308,13.211398626201136,-0.003947279538085078,0.5254962545911812,0.0955089497659775,37,1.8861512319456244,20.576299969498432,34.89693601670244,20.576299969498432,bike_cleaned.geojson,2008-08-18 09:27:14,2008-08-18 09:46:55,1181.0,bike,221,3,1.3574660633484164,5,2,6.94,"
Trip Summary:
- Start: 2008-08-18 09:27:14 at 清华大学, 30, 双清路, 东升镇, 海淀区, 北京市, 100084, 中国
- End: 2008-08-18 09:46:55 at 中关村街道, 海淀区, 北京市, 100098, 中国
- Duration: 0 days 00:19:41
- Distance: 4.28 km
- Average Speed: 13.21 km/h
- Average Bearing Change: 20.58°
- Max Speed: 20.37 km/h
- Min Speed: 0.10 km/h
- Speed Variability: 5.99 km/h
- Average Acceleration: -0.00 m/s²
- Max Acceleration: 0.53 m/s²
- Number of Turns: 37
- Turn Rate: 1.89 turns/min
- Average Turn Angle: 20.58°
- Turn Angle Variability: 34.90°
- Transport Mode: bike
    "
0.10482211089209102,0.0,0.0,0.0,0.0,0.0,0.0,0.0,0,0.0,1.2678272299819469,,1.2678272299819469,subway_cleaned.geojson,2009-03-29 01:37:41,2009-03-29 01:37:51,10.0,subway,9,6,66.66666666666666,3,5,6.94,"
Trip Summary:
- Start: 2009-03-29 01:37:41 at 立汤路, 天通苑北街道, 东小口镇, 昌平区, 北京市, 102218, 中国
- End: 2009-03-29 01:37:51 at 立汤路, 天通苑北街道, 东小口镇, 昌平区, 北京市, 102218, 中国
- Duration: 0 days 00:00:10
- Distance: 0.10 km
- Average Speed: 0.00 km/h
- Average Bearing Change: 1.27°
- Max Speed: 0.00 km/h
- Min Speed: 0.00 km/h
- Speed Variability: 0.00 km/h
- Average Acceleration: 0.00 m/s²
- Max Acceleration: 0.00 m/s²
- Number of Turns: 0
- Turn Rate: 0.00 turns/min
- Average Turn Angle: 1.27°
- Turn Angle Variability: nan°
- Transport Mode: subway
    "
0.6056830161587886,10.008,2.010243966966795,2.0333517618212684,6.7444045303283575,-0.0015038540282198973,0.3910231750332592,0.10077456509048677,20,4.363636363636364,37.0945406078228,41.919152691576826,37.0945406078228,walk_cleaned.geojson,2009-03-29 01:42:16,2009-03-29 01:47:01,285.0,walk,58,4,6.896551724137931,6,3,2.78,"
Trip Summary:
- Start: 2009-03-29 01:42:16 at 立汤路（快速公交BRT）, 天通苑北街道, 东小口镇, 昌平区, 北京市, 102218, 中国
- End: 2009-03-29 01:47:01 at 太平庄中街, 天通苑南街道, 中滩村, 昌平区, 北京市, 102218, 中国
- Duration: 0 days 00:04:45
- Distance: 0.61 km
- Average Speed: 6.74 km/h
- Average Bearing Change: 37.09°
- Max Speed: 10.01 km/h
- Min Speed: 2.01 km/h
- Speed Variability: 2.03 km/h
- Average Acceleration: -0.00 m/s²
- Max Acceleration: 0.39 m/s²
- Number of Turns: 20
- Turn Rate: 4.36 turns/min
- Average Turn Angle: 37.09°
- Turn Angle Variability: 41.92°
- Transport Mode: walk
    "
0.33532003942181504,8.814319652353175,2.461980039700689,2.3500355836792997,7.381568794649036,0.030318124345547637,0.11069307482417483,0.04423316879231954,2,2.4,36.11548150318455,27.95673962988473,36.11548150318455,walk_cleaned.geojson,2008-10-30 11:22:10,2008-10-30 11:23:10,60.0,walk,11,3,27.27272727272727,1,2,2.78,"
Trip Summary:
- Start: 2008-10-30 11:22:10 at 北京保利剧院, 东中街, 东直门, 东直门街道, 首都功能核心区, 东城区, 北京市, 100010, 中国
- End: 2008-10-30 11:23:10 at 工人体育场北路, 东直门, 东直门街道, 首都功能核心区, 东城区, 北京市, 100010, 中国
- Duration: 0 days 00:01:00
- Distance: 0.34 km
- Average Speed: 7.38 km/h
- Average Bearing Change: 36.12°
- Max Speed: 8.81 km/h
- Min Speed: 2.46 km/h
- Speed Variability: 2.35 km/h
- Average Acceleration: 0.03 m/s²
- Max Acceleration: 0.11 m/s²
- Number of Turns: 2
- Turn Rate: 2.40 turns/min
- Average Turn Angle: 36.12°
- Turn Angle Variability: 27.96°
- Transport Mode: walk
    "
4.412500035935545,10.008,0.1008669514660602,2.775862499255355,4.643294070876339,0.004682105342946208,0.7451717350210298,0.07869421692129759,155,2.8703703703703702,41.159047978375945,47.42766576321211,41.159047978375945,walk_cleaned.geojson,2008-10-26 10:14:55,2008-10-26 11:09:55,3300.0,walk,401,15,3.7406483790523692,39,14,2.78,"
Trip Summary:
- Start: 2008-10-26 10:14:55 at 知春路, 知春东里社区, 中关村街道, 海淀区, 北京市, 100081, 中国
- End: 2008-10-26 11:09:55 at 中关村南四街, 知春东里社区, 中关村街道, 海淀区, 北京市, 100098, 中国
- Duration: 0 days 00:55:00
- Distance: 4.41 km
- Average Speed: 4.64 km/h
- Average Bearing Change: 41.16°
- Max Speed: 10.01 km/h
- Min Speed: 0.10 km/h
- Speed Variability: 2.78 km/h
- Average Acceleration: 0.00 m/s²
- Max Acceleration: 0.75 m/s²
- Number of Turns: 155
- Turn Rate: 2.87 turns/min
- Average Turn Angle: 41.16°
- Turn Angle Variability: 47.43°
- Transport Mode: walk
    "
13.932772283505674,39.996,0.0,12.856147762524165,13.922254414376559,0.002740210469628412,4.070894875809712,0.34539747242751623,233,4.119033588685916,20.671489423516842,36.969279195485704,20.671489423516842,bus_cleaned.geojson,2008-08-25 10:11:21,2008-08-25 11:08:35,3434.0,bus,1421,20,1.4074595355383532,65,19,11.11,"
Trip Summary:
- Start: 2008-08-25 10:11:21 at 工人体育场北路, 东直门, 东直门街道, 首都功能核心区, 东城区, 北京市, 100010, 中国
- End: 2008-08-25 11:08:35 at 中关村街道, 海淀区, 北京市, 100098, 中国
- Duration: 0 days 00:57:14
- Distance: 13.93 km
- Average Speed: 13.92 km/h
- Average Bearing Change: 20.67°
- Max Speed: 40.00 km/h
- Min Speed: 0.00 km/h
- Speed Variability: 12.86 km/h
- Average Acceleration: 0.00 m/s²
- Max Acceleration: 4.07 m/s²
- Number of Turns: 233
- Turn Rate: 4.12 turns/min
- Average Turn Angle: 20.67°
- Turn Angle Variability: 36.97°
- Transport Mode: bus
    "
0.813016077298072,10.008,0.061553983188643684,2.453989518123501,3.9476606431920493,-0.004471766037895958,0.9323887132051438,0.16206899947928435,89,5.621052631578947,42.299754052200086,46.542362822143936,42.299754052200086,walk_cleaned.geojson,2008-08-25 14:46:41,2008-08-25 15:01:07,866.0,walk,209,7,3.349282296650718,8,6,2.78,"
Trip Summary:
- Start: 2008-08-25 14:46:41 at 中关村南四街, 知春东里社区, 中关村街道, 海淀区, 北京市, 100098, 中国
- End: 2008-08-25 15:01:07 at 中关村南四街, 知春东里社区, 中关村街道, 海淀区, 北京市, 100098, 中国
- Duration: 0 days 00:14:26
- Distance: 0.81 km
- Average Speed: 3.95 km/h
- Average Bearing Change: 42.30°
- Max Speed: 10.01 km/h
- Min Speed: 0.06 km/h
- Speed Variability: 2.45 km/h
- Average Acceleration: -0.00 m/s²
- Max Acceleration: 0.93 m/s²
- Number of Turns: 89
- Turn Rate: 5.62 turns/min
- Average Turn Angle: 42.30°
- Turn Angle Variability: 46.54°
- Transport Mode: walk
    "
14.017803005229487,39.996,0.1467469195625566,12.977056285402941,12.260540207354852,0.00810862907230363,1.697556817277383,0.23705797804093018,222,3.522877545622851,36.80514625453496,48.69279710715282,36.80514625453496,bus_cleaned.geojson,2008-12-02 23:34:43,2008-12-03 00:38:51,3848.0,bus,685,13,1.897810218978102,46,12,11.11,"
Trip Summary:
- Start: 2008-12-02 23:34:43 at 北京航空航天大学(学院路校区), 37, 学院路, 花园路街道, 海淀区, 北京市, 100083, 中国
- End: 2008-12-03 00:38:51 at 工人体育场北路, 东直门街道, 首都功能核心区, 东城区, 北京市, 100010, 中国
- Duration: 0 days 01:04:08
- Distance: 14.02 km
- Average Speed: 12.26 km/h
- Average Bearing Change: 36.81°
- Max Speed: 40.00 km/h
- Min Speed: 0.15 km/h
- Speed Variability: 12.98 km/h
- Average Acceleration: 0.01 m/s²
- Max Acceleration: 1.70 m/s²
- Number of Turns: 222
- Turn Rate: 3.52 turns/min
- Average Turn Angle: 36.81°
- Turn Angle Variability: 48.69°
- Transport Mode: bus
    "
3.1335588037750437,10.008,0.10088833367411364,2.1047550839449904,3.4643276946869968,-0.00010344394033146992,0.9040076635713702,0.08580035371247537,226,5.247678018575851,52.2861632847982,47.71240691754424,52.2861632847982,walk_cleaned.geojson,2008-12-03 04:30:36,2008-12-03 05:14:46,2650.0,walk,412,17,4.12621359223301,20,16,2.78,"
Trip Summary:
- Start: 2008-12-03 04:30:36 at April Gourmet, 东中街, 东直门, 东直门街道, 首都功能核心区, 东城区, 北京市, 100010, 中国
- End: 2008-12-03 05:14:46 at 东直门, 东直门街道, 首都功能核心区, 东城区, 北京市, 100010, 中国
- Duration: 0 days 00:44:10
- Distance: 3.13 km
- Average Speed: 3.46 km/h
- Average Bearing Change: 52.29°
- Max Speed: 10.01 km/h
- Min Speed: 0.10 km/h
- Speed Variability: 2.10 km/h
- Average Acceleration: -0.00 m/s²
- Max Acceleration: 0.90 m/s²
- Number of Turns: 226
- Turn Rate: 5.25 turns/min
- Average Turn Angle: 52.29°
- Turn Angle Variability: 47.71°
- Transport Mode: walk
    "
4.73669483062021,24.984,0.2521251780865019,4.521874712888335,17.288949511754982,-0.0071034919546694095,1.7084246237635927,0.22034585015808036,46,2.7005870841487276,12.852538083686918,15.593035240016782,12.852538083686918,bike_cleaned.geojson,2008-11-25 15:14:09,2008-11-25 15:31:31,1042.0,bike,426,11,2.5821596244131455,24,10,6.94,"
Trip Summary:
- Start: 2008-11-25 15:14:09 at 中关村街道, 海淀区, 北京市, 100098, 中国
- End: 2008-11-25 15:31:31 at 清华大学, 30, 双清路, 东升镇, 海淀区, 北京市, 100084, 中国
- Duration: 0 days 00:17:22
- Distance: 4.74 km
- Average Speed: 17.29 km/h
- Average Bearing Change: 12.85°
- Max Speed: 24.98 km/h
- Min Speed: 0.25 km/h
- Speed Variability: 4.52 km/h
- Average Acceleration: -0.01 m/s²
- Max Acceleration: 1.71 m/s²
- Number of Turns: 46
- Turn Rate: 2.70 turns/min
- Average Turn Angle: 12.85°
- Turn Angle Variability: 15.59°
- Transport Mode: bike
    "
4.13562987647646,23.479982540826274,5.671105294096661,2.754320640944729,14.219481043814614,0.0061078444982652046,1.2879847641962923,0.18546366934381936,16,0.7830342577487766,10.005065691075423,9.17855230505014,10.005065691075423,bike_cleaned.geojson,2008-07-28 06:40:23,2008-07-28 07:01:13,1250.0,bike,429,12,2.797202797202797,11,11,6.94,"
Trip Summary:
- Start: 2008-07-28 06:40:23 at 清华大学, 30, 双清路, 东升镇, 海淀区, 北京市, 100084, 中国
- End: 2008-07-28 07:01:13 at 中关村街道, 海淀区, 北京市, 100098, 中国
- Duration: 0 days 00:20:50
- Distance: 4.14 km
- Average Speed: 14.22 km/h
- Average Bearing Change: 10.01°
- Max Speed: 23.48 km/h
- Min Speed: 5.67 km/h
- Speed Variability: 2.75 km/h
- Average Acceleration: 0.01 m/s²
- Max Acceleration: 1.29 m/s²
- Number of Turns: 16
- Turn Rate: 0.78 turns/min
- Average Turn Angle: 10.01°
- Turn Angle Variability: 9.18°
- Transport Mode: bike
    "
0.07979604684709968,7.963164916765923,0.25216677316720554,2.128181990890133,3.039343746581657,-0.0033228872322692993,0.5129758683877708,0.11505986978971226,18,11.25,37.15877853590901,44.2822562545075,37.15877853590901,walk_cleaned.geojson,2008-07-28 07:01:19,2008-07-28 07:02:55,96.0,walk,48,1,2.083333333333333,0,0,2.78,"
Trip Summary:
- Start: 2008-07-28 07:01:19 at 知春路, 中关村街道, 海淀区, 北京市, 100098, 中国
- End: 2008-07-28 07:02:55 at 希格玛大厦, 知春路, 中关村街道, 海淀区, 北京市, 100098, 中国
- Duration: 0 days 00:01:36
- Distance: 0.08 km
- Average Speed: 3.04 km/h
- Average Bearing Change: 37.16°
- Max Speed: 7.96 km/h
- Min Speed: 0.25 km/h
- Speed Variability: 2.13 km/h
- Average Acceleration: -0.00 m/s²
- Max Acceleration: 0.51 m/s²
- Number of Turns: 18
- Turn Rate: 11.25 turns/min
- Average Turn Angle: 37.16°
- Turn Angle Variability: 44.28°
- Transport Mode: walk
    "
11.567074301883636,39.996,0.3075927340011432,14.426971789632415,19.342323668167257,-0.020642839554993703,2.3284707417881356,0.4183996477924625,138,3.942857142857143,15.650076735539606,27.5579105559727,15.650076735539606,bus_cleaned.geojson,2008-12-15 11:33:24,2008-12-15 12:08:40,2116.0,bus,975,9,0.9230769230769231,140,8,11.11,"
Trip Summary:
- Start: 2008-12-15 11:33:24 at 中关村东路, 知春东里社区, 中关村街道, 海淀区, 北京市, 100190, 中国
- End: 2008-12-15 12:08:40 at 白云路, 月坛街道, 首都功能核心区, 西城区, 北京市, 100032, 中国
- Duration: 0 days 00:35:16
- Distance: 11.57 km
- Average Speed: 19.34 km/h
- Average Bearing Change: 15.65°
- Max Speed: 40.00 km/h
- Min Speed: 0.31 km/h
- Speed Variability: 14.43 km/h
- Average Acceleration: -0.02 m/s²
- Max Acceleration: 2.33 m/s²
- Number of Turns: 138
- Turn Rate: 3.94 turns/min
- Average Turn Angle: 15.65°
- Turn Angle Variability: 27.56°
- Transport Mode: bus
    "
10.031058699881939,9.020506006342034,0.0,2.5592410221283397,3.2815472484611523,0.002306086206712469,1.0292578660956195,0.10610503884530899,98,1.9285011479173497,30.299194724590603,39.45382696065838,30.299194724590603,walk_cleaned.geojson,2008-12-15 11:25:32,2008-12-15 12:16:27,3055.0,walk,348,6,1.7241379310344827,11,5,2.78,"
Trip Summary:
- Start: 2008-12-15 11:25:32 at 世纪科贸大厦C座, 66号, 中关村东路, 知春东里社区, 中关村街道, 海淀区, 北京市, 100190, 中国
- End: 2008-12-15 12:16:27 at 月坛街道, 首都功能核心区, 西城区, 北京市, 100032, 中国
- Duration: 0 days 00:50:55
- Distance: 10.03 km
- Average Speed: 3.28 km/h
- Average Bearing Change: 30.30°
- Max Speed: 9.02 km/h
- Min Speed: 0.00 km/h
- Speed Variability: 2.56 km/h
- Average Acceleration: 0.00 m/s²
- Max Acceleration: 1.03 m/s²
- Number of Turns: 98
- Turn Rate: 1.93 turns/min
- Average Turn Angle: 30.30°
- Turn Angle Variability: 39.45°
- Transport Mode: walk
    "
12.932229571570431,39.996,0.15381454716987475,15.999152595201764,17.828703263045625,0.0025736339483506286,2.335597945204816,0.3776968590739068,199,4.389705882352941,22.37102077931753,42.01905426331296,22.37102077931753,bus_cleaned.geojson,2008-08-10 12:23:00,2008-08-10 13:08:57,2757.0,bus,1103,20,1.813236627379873,150,19,11.11,"
Trip Summary:
- Start: 2008-08-10 12:23:00 at 南磨房路, 劲松街道, 朝阳区, 北京市, 100122, 中国
- End: 2008-08-10 13:08:57 at 北京化工大学, 15号, 北三环东路, 和平街街道, 朝阳区, 北京市, 100029, 中国
- Duration: 0 days 00:45:57
- Distance: 12.93 km
- Average Speed: 17.83 km/h
- Average Bearing Change: 22.37°
- Max Speed: 40.00 km/h
- Min Speed: 0.15 km/h
- Speed Variability: 16.00 km/h
- Average Acceleration: 0.00 m/s²
- Max Acceleration: 2.34 m/s²
- Number of Turns: 199
- Turn Rate: 4.39 turns/min
- Average Turn Angle: 22.37°
- Turn Angle Variability: 42.02°
- Transport Mode: bus
    "
1.8603679747284256,50.004000000000005,0.13267681493532957,10.434592614684922,33.455309688710415,-0.020499723042744947,1.7857689609825513,0.3808269445602141,3,0.6428571428571428,5.942819097718777,8.602317300957488,5.942819097718777,taxi_cleaned.geojson,2008-08-10 03:14:39,2008-08-10 03:19:19,280.0,taxi,100,1,1.0,8,0,13.89,"
Trip Summary:
- Start: 2008-08-10 03:14:39 at 东经路, 东山街道, 北戴河区, 秦皇岛市, 河北省, 中国
- End: 2008-08-10 03:19:19 at 东山街道, 北戴河区, 秦皇岛市, 河北省, 中国
- Duration: 0 days 00:04:40
- Distance: 1.86 km
- Average Speed: 33.46 km/h
- Average Bearing Change: 5.94°
- Max Speed: 50.00 km/h
- Min Speed: 0.13 km/h
- Speed Variability: 10.43 km/h
- Average Acceleration: -0.02 m/s²
- Max Acceleration: 1.79 m/s²
- Number of Turns: 3
- Turn Rate: 0.64 turns/min
- Average Turn Angle: 5.94°
- Turn Angle Variability: 8.60°
- Transport Mode: taxi
    "
0.41805768676040356,10.008,0.25217360734110605,2.3182494271475087,4.146547777007631,-0.012728949138838873,0.3116344776989382,0.11713430644223388,52,9.512195121951219,38.993706550205225,38.33446006442561,38.993706550205225,walk_cleaned.geojson,2008-08-10 13:56:17,2008-08-10 14:00:45,268.0,walk,110,4,3.6363636363636362,6,3,2.78,"
Trip Summary:
- Start: 2008-08-10 13:56:17 at 北京中医药大学（西校区）, 11号, 北三环东路, 和平街街道, 朝阳区, 北京市, 100029, 中国
- End: 2008-08-10 14:00:45 at 樱花园东街, 和平街街道, 朝阳区, 北京市, 100029, 中国
- Duration: 0 days 00:04:28
- Distance: 0.42 km
- Average Speed: 4.15 km/h
- Average Bearing Change: 38.99°
- Max Speed: 10.01 km/h
- Min Speed: 0.25 km/h
- Speed Variability: 2.32 km/h
- Average Acceleration: -0.01 m/s²
- Max Acceleration: 0.31 m/s²
- Number of Turns: 52
- Turn Rate: 9.51 turns/min
- Average Turn Angle: 38.99°
- Turn Angle Variability: 38.33°
- Transport Mode: walk
    "
15.153556809184204,50.004000000000005,1.1193985717500419,15.575934627156323,40.356110107863,-0.0021948169945245244,1.0392151900812485,0.27648967706018546,18,0.8925619834710743,10.350918071384566,26.252723862602405,10.350918071384566,car_cleaned.geojson,2008-11-28 13:56:15,2008-11-28 14:17:10,1255.0,car,226,8,3.5398230088495577,115,7,13.89,"
Trip Summary:
- Start: 2008-11-28 13:56:15 at 东直门外大街, 三里屯, 三里屯街道, 朝阳区, 北京市, 100027, 中国
- End: 2008-11-28 14:17:10 at 知春路, 中关村街道, 海淀区, 北京市, 100098, 中国
- Duration: 0 days 00:20:55
- Distance: 15.15 km
- Average Speed: 40.36 km/h
- Average Bearing Change: 10.35°
- Max Speed: 50.00 km/h
- Min Speed: 1.12 km/h
- Speed Variability: 15.58 km/h
- Average Acceleration: -0.00 m/s²
- Max Acceleration: 1.04 m/s²
- Number of Turns: 18
- Turn Rate: 0.89 turns/min
- Average Turn Angle: 10.35°
- Turn Angle Variability: 26.25°
- Transport Mode: car
    "
0.0928933442286437,3.3516055593448764,0.7194972364669503,0.867548223580121,1.9145504496301577,0.005338290817397004,0.2684299346914406,0.056394866184184454,21,7.875,70.60050300536017,54.56383420923849,70.60050300536017,walk_cleaned.geojson,2008-11-28 15:15:20,2008-11-28 15:17:44,144.0,walk,32,1,3.125,1,0,2.78,"
Trip Summary:
- Start: 2008-11-28 15:15:20 at 中关村南四街, 知春东里社区, 中关村街道, 海淀区, 北京市, 100098, 中国
- End: 2008-11-28 15:17:44 at 中关村南四街, 知春东里社区, 中关村街道, 海淀区, 北京市, 100098, 中国
- Duration: 0 days 00:02:24
- Distance: 0.09 km
- Average Speed: 1.91 km/h
- Average Bearing Change: 70.60°
- Max Speed: 3.35 km/h
- Min Speed: 0.72 km/h
- Speed Variability: 0.87 km/h
- Average Acceleration: 0.01 m/s²
- Max Acceleration: 0.27 m/s²
- Number of Turns: 21
- Turn Rate: 7.88 turns/min
- Average Turn Angle: 70.60°
- Turn Angle Variability: 54.56°
- Transport Mode: walk
    "
16.582740513834228,24.984,0.3520627022246811,8.411010503307566,7.523381207784115,0.07351820051701588,1.9958508739108105,0.3309219527768232,36,2.4107142857142856,51.939857061645306,50.772720419741304,51.939857061645306,subway_cleaned.geojson,2009-06-19 01:29:01,2009-06-19 01:54:41,1540.0,subway,248,170,68.54838709677419,3,169,6.94,"
Trip Summary:
- Start: 2009-06-19 01:29:01 at 知春路, 花园路街道, 中关村街道, 海淀区, 北京市, 100081, 中国
- End: 2009-06-19 01:54:41 at 华龙苑南里, 霍营街道, 兰各庄村, 昌平区, 北京市, 100196, 中国
- Duration: 0 days 00:25:40
- Distance: 16.58 km
- Average Speed: 7.52 km/h
- Average Bearing Change: 51.94°
- Max Speed: 24.98 km/h
- Min Speed: 0.35 km/h
- Speed Variability: 8.41 km/h
- Average Acceleration: 0.07 m/s²
- Max Acceleration: 2.00 m/s²
- Number of Turns: 36
- Turn Rate: 2.41 turns/min
- Average Turn Angle: 51.94°
- Turn Angle Variability: 50.77°
- Transport Mode: subway
    "
0.06611825342725804,6.011334307141343,0.0,2.3625094395370247,2.566709972914043,0.017666889976282494,0.39054912885018844,0.11572735032090585,9,7.2,59.1770246411147,48.333543553062974,59.1770246411147,walk_cleaned.geojson,2009-06-19 02:10:17,2009-06-19 02:11:32,75.0,walk,20,1,5.0,1,0,2.78,"
Trip Summary:
- Start: 2009-06-19 02:10:17 at 立汤路, 天通苑北街道, 东小口镇, 昌平区, 北京市, 102218, 中国
- End: 2009-06-19 02:11:32 at 早阳包子, 中滩村北三街, 天通西苑一区, 天通苑南街道, 中滩村, 昌平区, 北京市, 102218, 中国
- Duration: 0 days 00:01:15
- Distance: 0.07 km
- Average Speed: 2.57 km/h
- Average Bearing Change: 59.18°
- Max Speed: 6.01 km/h
- Min Speed: 0.00 km/h
- Speed Variability: 2.36 km/h
- Average Acceleration: 0.02 m/s²
- Max Acceleration: 0.39 m/s²
- Number of Turns: 9
- Turn Rate: 7.20 turns/min
- Average Turn Angle: 59.18°
- Turn Angle Variability: 48.33°
- Transport Mode: walk
    "
11.379632244835689,39.996,0.30763965798369236,12.800630796131575,17.175321583515345,0.0023218117543714473,2.2378451675156854,0.2969086945811169,117,3.3995157384987897,33.317981087746986,45.949601135386274,33.317981087746986,bus_cleaned.geojson,2009-05-06 22:54:47,2009-05-06 23:29:47,2100.0,bus,401,8,1.99501246882793,35,7,11.11,"
Trip Summary:
- Start: 2009-05-06 22:54:47 at 星规路, 知春东里社区, 中关村街道, 海淀区, 北京市, 100098, 中国
- End: 2009-05-06 23:29:47 at 三里河东路, 月坛街道, 首都功能核心区, 西城区, 北京市, 100032, 中国
- Duration: 0 days 00:35:00
- Distance: 11.38 km
- Average Speed: 17.18 km/h
- Average Bearing Change: 33.32°
- Max Speed: 40.00 km/h
- Min Speed: 0.31 km/h
- Speed Variability: 12.80 km/h
- Average Acceleration: 0.00 m/s²
- Max Acceleration: 2.24 m/s²
- Number of Turns: 117
- Turn Rate: 3.40 turns/min
- Average Turn Angle: 33.32°
- Turn Angle Variability: 45.95°
- Transport Mode: bus
    "
0.4967301454454519,5.519325500926935,0.0,1.2853159148474247,3.199514813302729,-0.001544955354275432,0.20224501588848032,0.06837138542467197,30,3.930131004366812,35.32241099263251,41.36457996199221,35.32241099263251,walk_cleaned.geojson,2009-05-09 12:48:14,2009-05-09 12:55:54,460.0,walk,95,2,2.1052631578947367,1,1,2.78,"
Trip Summary:
- Start: 2009-05-09 12:48:14 at 东小口镇, 昌平区, 北京市, 102218, 中国
- End: 2009-05-09 12:55:54 at 东小口镇, 昌平区, 北京市, 102218, 中国
- Duration: 0 days 00:07:40
- Distance: 0.50 km
- Average Speed: 3.20 km/h
- Average Bearing Change: 35.32°
- Max Speed: 5.52 km/h
- Min Speed: 0.00 km/h
- Speed Variability: 1.29 km/h
- Average Acceleration: -0.00 m/s²
- Max Acceleration: 0.20 m/s²
- Number of Turns: 30
- Turn Rate: 3.93 turns/min
- Average Turn Angle: 35.32°
- Turn Angle Variability: 41.36°
- Transport Mode: walk
    "
4.996027838689044,39.996,1.7324870482361323,14.95957947559072,27.788274460268276,-0.0316553627892104,0.836428546526571,0.36223981086704116,4,0.5714285714285714,40.5954021117091,48.78467522863258,40.5954021117091,bus_cleaned.geojson,2009-04-02 22:46:17,2009-04-02 22:54:57,520.0,bus,24,9,37.5,6,8,11.11,"
Trip Summary:
- Start: 2009-04-02 22:46:17 at 中国科学院大学（中关村校区）, 中关村南四街, 知春东里社区, 中关村街道, 海淀区, 北京市, 100098, 中国
- End: 2009-04-02 22:54:57 at 德胜街道, 首都功能核心区, 西城区, 北京市, 100032, 中国
- Duration: 0 days 00:08:40
- Distance: 5.00 km
- Average Speed: 27.79 km/h
- Average Bearing Change: 40.60°
- Max Speed: 40.00 km/h
- Min Speed: 1.73 km/h
- Speed Variability: 14.96 km/h
- Average Acceleration: -0.03 m/s²
- Max Acceleration: 0.84 m/s²
- Number of Turns: 4
- Turn Rate: 0.57 turns/min
- Average Turn Angle: 40.60°
- Turn Angle Variability: 48.78°
- Transport Mode: bus
    "
1.1812545376549266,5.33907380503556,0.0,1.330373105068523,1.713986598212949,-0.004542475160793102,0.21552198985836543,0.06105032847655191,50,5.847953216374268,71.16551133932812,52.94006747781579,71.16551133932812,bus_cleaned.geojson,2011-12-31 07:55:35,2011-12-31 08:04:00,505.0,bus,77,5,6.493506493506493,0,4,11.11,"
Trip Summary:
- Start: 2011-12-31 07:55:35 at 1, 科学院南路, 知春东里社区, 中关村街道, 海淀区, 北京市, 100086, 中国
- End: 2011-12-31 08:04:00 at 海淀南路, 万泉庄北社区, 海淀街道, 海淀区, 北京市, 100872, 中国
- Duration: 0 days 00:08:25
- Distance: 1.18 km
- Average Speed: 1.71 km/h
- Average Bearing Change: 71.17°
- Max Speed: 5.34 km/h
- Min Speed: 0.00 km/h
- Speed Variability: 1.33 km/h
- Average Acceleration: -0.00 m/s²
- Max Acceleration: 0.22 m/s²
- Number of Turns: 50
- Turn Rate: 5.85 turns/min
- Average Turn Angle: 71.17°
- Turn Angle Variability: 52.94°
- Transport Mode: bus
    "
0.9044571973150607,9.341462401574182,0.0,2.2320919292240555,3.765301755660634,0.004597183924748044,0.5560498725852139,0.09300444263843816,40,4.50281425891182,44.8404464446613,43.29856510098776,44.8404464446613,walk_cleaned.geojson,2011-12-31 08:04:50,2011-12-31 08:13:55,545.0,walk,90,5,5.555555555555555,6,4,2.78,"
Trip Summary:
- Start: 2011-12-31 08:04:50 at 海淀南路, 中关村核心区, 海淀街道, 六郎庄村, 海淀区, 北京市, 100872, 中国
- End: 2011-12-31 08:13:55 at 善缘街, 中关村核心区, 海淀街道, 海淀区, 北京市, 100080, 中国
- Duration: 0 days 00:09:05
- Distance: 0.90 km
- Average Speed: 3.77 km/h
- Average Bearing Change: 44.84°
- Max Speed: 9.34 km/h
- Min Speed: 0.00 km/h
- Speed Variability: 2.23 km/h
- Average Acceleration: 0.00 m/s²
- Max Acceleration: 0.56 m/s²
- Number of Turns: 40
- Turn Rate: 4.50 turns/min
- Average Turn Angle: 44.84°
- Turn Angle Variability: 43.30°
- Transport Mode: walk
    "
16.70341525578592,39.996,0.0,13.778825784190449,15.300650820993255,0.008279693313143722,2.8526461813351616,0.41375628989918134,305,4.307909604519774,21.255741922804425,37.01938473073173,21.255741922804425,bus_cleaned.geojson,2008-11-07 08:02:32,2008-11-07 09:13:50,4278.0,bus,1704,16,0.9389671361502347,152,15,11.11,"
Trip Summary:
- Start: 2008-11-07 08:02:32 at 右安门西滨河路, 玉林里社区, 右安门街道, 西铁营村, 丰台区, 北京市, 100069, 中国
- End: 2008-11-07 09:13:50 at 中关村南一条, 科育社区, 中关村街道, 海淀区, 北京市, 100190, 中国
- Duration: 0 days 01:11:18
- Distance: 16.70 km
- Average Speed: 15.30 km/h
- Average Bearing Change: 21.26°
- Max Speed: 40.00 km/h
- Min Speed: 0.00 km/h
- Speed Variability: 13.78 km/h
- Average Acceleration: 0.01 m/s²
- Max Acceleration: 2.85 m/s²
- Number of Turns: 305
- Turn Rate: 4.31 turns/min
- Average Turn Angle: 21.26°
- Turn Angle Variability: 37.02°
- Transport Mode: bus
    "
0.26991311822158004,8.399471506733935,0.6103571670996635,1.9840478622377618,5.086675812340634,-0.004522323484915242,0.6155554990431444,0.12651894723308094,19,6.7857142857142865,20.50937958623837,20.65900415264469,20.50937958623837,walk_cleaned.geojson,2008-11-07 09:21:08,2008-11-07 09:27:52,404.0,walk,81,3,3.7037037037037033,4,2,2.78,"
Trip Summary:
- Start: 2008-11-07 09:21:08 at 中关村南四街, 知春东里社区, 中关村街道, 海淀区, 北京市, 100098, 中国
- End: 2008-11-07 09:27:52 at 中关村南三条, 中关村街道, 海淀区, 北京市, 100190, 中国
- Duration: 0 days 00:06:44
- Distance: 0.27 km
- Average Speed: 5.09 km/h
- Average Bearing Change: 20.51°
- Max Speed: 8.40 km/h
- Min Speed: 0.61 km/h
- Speed Variability: 1.98 km/h
- Average Acceleration: -0.00 m/s²
- Max Acceleration: 0.62 m/s²
- Number of Turns: 19
- Turn Rate: 6.79 turns/min
- Average Turn Angle: 20.51°
- Turn Angle Variability: 20.66°
- Transport Mode: walk
    "
3.5428973517889895,24.984,4.217077441633971,3.4443167227163567,15.748884509058271,-0.0048372071449850635,4.444089258713027,0.4090951752982865,42,3.5244755244755246,10.841192090759293,13.034328302575384,10.841192090759293,bike_cleaned.geojson,2008-06-27 17:33:07,2008-06-27 17:45:23,736.0,bike,599,18,3.005008347245409,26,17,6.94,"
Trip Summary:
- Start: 2008-06-27 17:33:07 at 中关村东路, 知春东里社区, 中关村街道, 海淀区, 北京市, 100190, 中国
- End: 2008-06-27 17:45:23 at 清华大学, 30, 双清路, 东升镇, 海淀区, 北京市, 100084, 中国
- Duration: 0 days 00:12:16
- Distance: 3.54 km
- Average Speed: 15.75 km/h
- Average Bearing Change: 10.84°
- Max Speed: 24.98 km/h
- Min Speed: 4.22 km/h
- Speed Variability: 3.44 km/h
- Average Acceleration: -0.00 m/s²
- Max Acceleration: 4.44 m/s²
- Number of Turns: 42
- Turn Rate: 3.52 turns/min
- Average Turn Angle: 10.84°
- Turn Angle Variability: 13.03°
- Transport Mode: bike
    "
3.998411576326727,24.9649862867606,7.461500380084741,2.2726779463544737,17.286747558774877,0.0013986215352115835,0.9374286378297649,0.19025408802767993,14,0.7763401109057301,9.13942404109679,11.534917527490093,9.13942404109679,bike_cleaned.geojson,2008-12-01 16:02:01,2008-12-01 16:20:15,1094.0,bike,365,7,1.9178082191780823,17,6,6.94,"
Trip Summary:
- Start: 2008-12-01 16:02:01 at 中国工商银行, 100, 中关村东路, 知春东里社区, 中关村街道, 海淀区, 北京市, 100190, 中国
- End: 2008-12-01 16:20:15 at 清华大学, 30, 双清路, 东升镇, 海淀区, 北京市, 100084, 中国
- Duration: 0 days 00:18:14
- Distance: 4.00 km
- Average Speed: 17.29 km/h
- Average Bearing Change: 9.14°
- Max Speed: 24.96 km/h
- Min Speed: 7.46 km/h
- Speed Variability: 2.27 km/h
- Average Acceleration: 0.00 m/s²
- Max Acceleration: 0.94 m/s²
- Number of Turns: 14
- Turn Rate: 0.78 turns/min
- Average Turn Angle: 9.14°
- Turn Angle Variability: 11.53°
- Transport Mode: bike
    "
8.37789705736608,39.996,0.10257327537648527,11.249818997995147,12.33231387001612,0.009228326184758695,1.2732773849047656,0.22576775758116657,127,3.4432896520560328,34.370470969405474,44.47080041973423,34.370470969405474,bus_cleaned.geojson,2008-11-03 00:01:41,2008-11-03 00:38:56,2235.0,bus,407,6,1.4742014742014742,15,5,11.11,"
Trip Summary:
- Start: 2008-11-03 00:01:41 at 北四环东路, 小关街道, 朝阳区, 北京市, 100012, 中国
- End: 2008-11-03 00:38:56 at 工人体育场北路, 东直门, 东直门街道, 首都功能核心区, 东城区, 北京市, 100010, 中国
- Duration: 0 days 00:37:15
- Distance: 8.38 km
- Average Speed: 12.33 km/h
- Average Bearing Change: 34.37°
- Max Speed: 40.00 km/h
- Min Speed: 0.10 km/h
- Speed Variability: 11.25 km/h
- Average Acceleration: 0.01 m/s²
- Max Acceleration: 1.27 m/s²
- Number of Turns: 127
- Turn Rate: 3.44 turns/min
- Average Turn Angle: 34.37°
- Turn Angle Variability: 44.47°
- Transport Mode: bus
    "
0.7766054592627727,9.138727417282908,0.6113588458769361,1.3946640537054231,5.496259522955176,0.003703127384392184,0.23704338615512652,0.0713508658270687,22,2.7789473684210524,28.289076384950654,28.447664157953067,28.289076384950654,walk_cleaned.geojson,2008-11-03 00:39:36,2008-11-03 00:47:26,470.0,walk,79,5,6.329113924050633,3,4,2.78,"
Trip Summary:
- Start: 2008-11-03 00:39:36 at 东直门街道, 首都功能核心区, 东城区, 北京市, 100010, 中国
- End: 2008-11-03 00:47:26 at 巫山烤全鱼, 东中街, 东直门, 东直门街道, 首都功能核心区, 东城区, 北京市, 100010, 中国
- Duration: 0 days 00:07:50
- Distance: 0.78 km
- Average Speed: 5.50 km/h
- Average Bearing Change: 28.29°
- Max Speed: 9.14 km/h
- Min Speed: 0.61 km/h
- Speed Variability: 1.39 km/h
- Average Acceleration: 0.00 m/s²
- Max Acceleration: 0.24 m/s²
- Number of Turns: 22
- Turn Rate: 2.78 turns/min
- Average Turn Angle: 28.29°
- Turn Angle Variability: 28.45°
- Transport Mode: walk
    "
2.5151137144605973,21.65123846146072,7.467400000476514,2.7244926292573615,13.242364121857143,-0.0015269423117442683,0.9305248079897552,0.16297667680088876,11,0.9649122807017544,10.109685806580888,14.397589385471395,10.109685806580888,bike_cleaned.geojson,2008-11-30 16:03:40,2008-11-30 16:15:14,694.0,bike,320,6,1.875,5,5,6.94,"
Trip Summary:
- Start: 2008-11-30 16:03:40 at 海淀区中关村第二小学华清校区, 中关村东路, 清华园, 中关村街道, 海淀区, 北京市, 100190, 中国
- End: 2008-11-30 16:15:14 at 清华大学, 30, 双清路, 东升镇, 海淀区, 北京市, 100084, 中国
- Duration: 0 days 00:11:34
- Distance: 2.52 km
- Average Speed: 13.24 km/h
- Average Bearing Change: 10.11°
- Max Speed: 21.65 km/h
- Min Speed: 7.47 km/h
- Speed Variability: 2.72 km/h
- Average Acceleration: -0.00 m/s²
- Max Acceleration: 0.93 m/s²
- Number of Turns: 11
- Turn Rate: 0.96 turns/min
- Average Turn Angle: 10.11°
- Turn Angle Variability: 14.40°
- Transport Mode: bike
    "
8.411416612506796,39.996,0.3692573075771313,13.703982991023867,17.913141525947736,0.020169069070544443,3.827371712596528,0.4467651085347077,88,3.209726443768997,33.4671068841938,46.93345122750637,33.4671068841938,bus_cleaned.geojson,2009-07-07 22:56:46,2009-07-07 23:24:21,1655.0,bus,305,3,0.9836065573770493,23,2,11.11,"
Trip Summary:
- Start: 2009-07-07 22:56:46 at 中国铁道科学研究院, 大柳树路, 北下关街道, 海淀区, 北京市, 100081, 中国
- End: 2009-07-07 23:24:21 at 白云路, 月坛街道, 首都功能核心区, 西城区, 北京市, 100032, 中国
- Duration: 0 days 00:27:35
- Distance: 8.41 km
- Average Speed: 17.91 km/h
- Average Bearing Change: 33.47°
- Max Speed: 40.00 km/h
- Min Speed: 0.37 km/h
- Speed Variability: 13.70 km/h
- Average Acceleration: 0.02 m/s²
- Max Acceleration: 3.83 m/s²
- Number of Turns: 88
- Turn Rate: 3.21 turns/min
- Average Turn Angle: 33.47°
- Turn Angle Variability: 46.93°
- Transport Mode: bus
    "
0.5155318041257225,7.648095170024045,3.1219245796090456,1.3444215131005173,5.300232072339756,0.0009182088379090464,0.09573833272023609,0.03951147539334712,24,4.571428571428571,33.4506667201233,36.68973123103008,33.4506667201233,walk_cleaned.geojson,2009-07-07 23:24:36,2009-07-07 23:29:56,320.0,walk,63,2,3.1746031746031744,0,1,2.78,"
Trip Summary:
- Start: 2009-07-07 23:24:36 at 白云路, 月坛街道, 首都功能核心区, 西城区, 北京市, 100032, 中国
- End: 2009-07-07 23:29:56 at 首都医科大学附属复兴医院, 复兴路, 木樨地小区, 月坛街道, 首都功能核心区, 西城区, 北京市, 100032, 中国
- Duration: 0 days 00:05:20
- Distance: 0.52 km
- Average Speed: 5.30 km/h
- Average Bearing Change: 33.45°
- Max Speed: 7.65 km/h
- Min Speed: 3.12 km/h
- Speed Variability: 1.34 km/h
- Average Acceleration: 0.00 m/s²
- Max Acceleration: 0.10 m/s²
- Number of Turns: 24
- Turn Rate: 4.57 turns/min
- Average Turn Angle: 33.45°
- Turn Angle Variability: 36.69°
- Transport Mode: walk
    "
11.241999265735364,39.996,0.2695915956215114,12.4213190864516,17.025263011635158,0.004340785785648449,2.8024120642641295,0.3353394292751362,136,3.68231046931408,31.662915096701227,44.00770036291339,31.662915096701227,bus_cleaned.geojson,2009-04-13 22:53:06,2009-04-13 23:31:26,2300.0,bus,446,6,1.345291479820628,15,5,11.11,"
Trip Summary:
- Start: 2009-04-13 22:53:06 at 中关村东路, 知春东里社区, 中关村街道, 海淀区, 北京市, 100098, 中国
- End: 2009-04-13 23:31:26 at 首都博物馆, 16, 复兴门外大街, 月坛街道, 首都功能核心区, 西城区, 北京市, 100032, 中国
- Duration: 0 days 00:38:20
- Distance: 11.24 km
- Average Speed: 17.03 km/h
- Average Bearing Change: 31.66°
- Max Speed: 40.00 km/h
- Min Speed: 0.27 km/h
- Speed Variability: 12.42 km/h
- Average Acceleration: 0.00 m/s²
- Max Acceleration: 2.80 m/s²
- Number of Turns: 136
- Turn Rate: 3.68 turns/min
- Average Turn Angle: 31.66°
- Turn Angle Variability: 44.01°
- Transport Mode: bus
    "
9.329571168379573,9.74405288848722,0.6662057049165175,2.554633124650934,5.255520036834755,-0.00010443550937213917,0.21068088769568086,0.0671699050641343,30,0.6228373702422145,46.021309231986244,48.17585206132344,46.021309231986244,walk_cleaned.geojson,2009-04-13 22:47:46,2009-04-13 23:36:16,2910.0,walk,79,5,6.329113924050633,4,4,2.78,"
Trip Summary:
- Start: 2009-04-13 22:47:46 at 中关村东路, 清华园, 中关村街道, 海淀区, 北京市, 100190, 中国
- End: 2009-04-13 23:36:16 at 首都医科大学附属复兴医院, 复兴路, 木樨地小区, 月坛街道, 首都功能核心区, 西城区, 北京市, 100032, 中国
- Duration: 0 days 00:48:30
- Distance: 9.33 km
- Average Speed: 5.26 km/h
- Average Bearing Change: 46.02°
- Max Speed: 9.74 km/h
- Min Speed: 0.67 km/h
- Speed Variability: 2.55 km/h
- Average Acceleration: -0.00 m/s²
- Max Acceleration: 0.21 m/s²
- Number of Turns: 30
- Turn Rate: 0.62 turns/min
- Average Turn Angle: 46.02°
- Turn Angle Variability: 48.18°
- Transport Mode: walk
    "
4.160070661375874,21.71886795657639,7.096222077603787,2.480002729668912,13.376916549402157,-0.0012601273693118563,0.9002762846226982,0.19112242093370577,19,1.0654205607476637,8.749058634252087,12.786411242284762,8.749058634252087,bike_cleaned.geojson,2008-08-03 15:45:41,2008-08-03 16:03:47,1086.0,bike,495,9,1.8181818181818181,11,8,6.94,"
Trip Summary:
- Start: 2008-08-03 15:45:41 at 清华大学, 30, 双清路, 东升镇, 海淀区, 北京市, 100084, 中国
- End: 2008-08-03 16:03:47 at 知春路, 中关村街道, 海淀区, 北京市, 100098, 中国
- Duration: 0 days 00:18:06
- Distance: 4.16 km
- Average Speed: 13.38 km/h
- Average Bearing Change: 8.75°
- Max Speed: 21.72 km/h
- Min Speed: 7.10 km/h
- Speed Variability: 2.48 km/h
- Average Acceleration: -0.00 m/s²
- Max Acceleration: 0.90 m/s²
- Number of Turns: 19
- Turn Rate: 1.07 turns/min
- Average Turn Angle: 8.75°
- Turn Angle Variability: 12.79°
- Transport Mode: bike
    "
10.406195849367188,39.996,0.2521497763175865,14.336784513126048,16.365010654010074,-0.008106729691674145,3.065224815446394,0.3678415332879609,149,3.797790994052676,20.494270697549986,33.08467736766244,20.494270697549986,bus_cleaned.geojson,2008-08-03 12:27:46,2008-08-03 13:07:28,2382.0,bus,875,15,1.7142857142857144,103,14,11.11,"
Trip Summary:
- Start: 2008-08-03 12:27:46 at 樱花园东街, 小关街道, 朝阳区, 北京市, 100029, 中国
- End: 2008-08-03 13:07:28 at 清华大学五道口金融学院, 43, 成府路, 东升镇, 海淀区, 北京市, 100190, 中国
- Duration: 0 days 00:39:42
- Distance: 10.41 km
- Average Speed: 16.37 km/h
- Average Bearing Change: 20.49°
- Max Speed: 40.00 km/h
- Min Speed: 0.25 km/h
- Speed Variability: 14.34 km/h
- Average Acceleration: -0.01 m/s²
- Max Acceleration: 3.07 m/s²
- Number of Turns: 149
- Turn Rate: 3.80 turns/min
- Average Turn Angle: 20.49°
- Turn Angle Variability: 33.08°
- Transport Mode: bus
    "
0.03642368363657969,3.1963951200698255,0.19986148178829913,1.1882935549671387,1.7886525634006487,0.005210878955173415,0.1753299651696015,0.05464971787224851,12,15.0,40.63570024781873,44.38011424424752,40.63570024781873,walk_cleaned.geojson,2008-08-03 16:03:55,2008-08-03 16:04:45,50.0,walk,26,1,3.8461538461538463,1,0,2.78,"
Trip Summary:
- Start: 2008-08-03 16:03:55 at 知春路, 中关村街道, 海淀区, 北京市, 100098, 中国
- End: 2008-08-03 16:04:45 at 中关村街道, 海淀区, 北京市, 100098, 中国
- Duration: 0 days 00:00:50
- Distance: 0.04 km
- Average Speed: 1.79 km/h
- Average Bearing Change: 40.64°
- Max Speed: 3.20 km/h
- Min Speed: 0.20 km/h
- Speed Variability: 1.19 km/h
- Average Acceleration: 0.01 m/s²
- Max Acceleration: 0.18 m/s²
- Number of Turns: 12
- Turn Rate: 15.00 turns/min
- Average Turn Angle: 40.64°
- Turn Angle Variability: 44.38°
- Transport Mode: walk
    "
4.208489975247735,39.996,0.8986193607057549,11.4170381001719,10.439102649951037,0.01937375500837853,1.9148193129883102,0.30293330896969123,83,4.564619615032081,47.5086686115302,54.670752218553254,47.5086686115302,bus_cleaned.geojson,2009-05-07 23:16:35,2009-05-07 23:35:10,1115.0,bus,205,8,3.902439024390244,10,7,11.11,"
Trip Summary:
- Start: 2009-05-07 23:16:35 at 动物园, 西直门外大街, 展览路街道, 首都功能核心区, 西城区, 北京市, 100032, 中国
- End: 2009-05-07 23:35:10 at 三里河东路, 月坛街道, 首都功能核心区, 西城区, 北京市, 100032, 中国
- Duration: 0 days 00:18:35
- Distance: 4.21 km
- Average Speed: 10.44 km/h
- Average Bearing Change: 47.51°
- Max Speed: 40.00 km/h
- Min Speed: 0.90 km/h
- Speed Variability: 11.42 km/h
- Average Acceleration: 0.02 m/s²
- Max Acceleration: 1.91 m/s²
- Number of Turns: 83
- Turn Rate: 4.56 turns/min
- Average Turn Angle: 47.51°
- Turn Angle Variability: 54.67°
- Transport Mode: bus
    "
16.04082292900048,39.996,0.07688692053107947,13.79402658910549,25.351131974072842,0.00014141898676707507,3.077179594691096,0.5693081653246412,47,1.4656964656964655,14.216596555155991,30.353245353058465,14.216596555155991,bus_cleaned.geojson,2008-07-25 12:32:09,2008-07-25 13:06:25,2056.0,bus,473,59,12.473572938689218,89,58,11.11,"
Trip Summary:
- Start: 2008-07-25 12:32:09 at 小街桥, 安定门东大街, 北新桥街道, 首都功能核心区, 东城区, 北京市, 100010, 中国
- End: 2008-07-25 13:06:25 at 中航科技大厦, 56, 知春路, 知春东里社区, 中关村街道, 海淀区, 北京市, 100098, 中国
- Duration: 0 days 00:34:16
- Distance: 16.04 km
- Average Speed: 25.35 km/h
- Average Bearing Change: 14.22°
- Max Speed: 40.00 km/h
- Min Speed: 0.08 km/h
- Speed Variability: 13.79 km/h
- Average Acceleration: 0.00 m/s²
- Max Acceleration: 3.08 m/s²
- Number of Turns: 47
- Turn Rate: 1.47 turns/min
- Average Turn Angle: 14.22°
- Turn Angle Variability: 30.35°
- Transport Mode: bus
    "
16.050982815983012,39.996,0.10086145415715364,12.108802847114159,18.548989138619866,0.007784240072157827,3.1940177750386747,0.2985574986948575,132,2.341117351463198,24.15898951346611,39.279956482651755,24.15898951346611,bus_cleaned.geojson,2008-10-21 12:46:46,2008-10-21 13:43:11,3385.0,bus,619,2,0.32310177705977383,16,1,11.11,"
Trip Summary:
- Start: 2008-10-21 12:46:46 at 东直门街道, 首都功能核心区, 东城区, 北京市, 100010, 中国
- End: 2008-10-21 13:43:11 at 中关村东路, 知春东里社区, 中关村街道, 海淀区, 北京市, 100190, 中国
- Duration: 0 days 00:56:25
- Distance: 16.05 km
- Average Speed: 18.55 km/h
- Average Bearing Change: 24.16°
- Max Speed: 40.00 km/h
- Min Speed: 0.10 km/h
- Speed Variability: 12.11 km/h
- Average Acceleration: 0.01 m/s²
- Max Acceleration: 3.19 m/s²
- Number of Turns: 132
- Turn Rate: 2.34 turns/min
- Average Turn Angle: 24.16°
- Turn Angle Variability: 39.28°
- Transport Mode: bus
    "
12.708549324130999,5.908422206777841,0.0,1.6204619563984346,1.946899654717612,0.005641728856495754,0.35427242003748066,0.05740867855163404,104,1.4762242725337118,54.523761540842564,49.904918706178265,54.523761540842564,walk_cleaned.geojson,2008-10-21 12:35:17,2008-10-21 13:45:58,4241.0,walk,196,5,2.5510204081632653,3,4,2.78,"
Trip Summary:
- Start: 2008-10-21 12:35:17 at 工人体育场北路, 东直门, 东直门街道, 首都功能核心区, 东城区, 北京市, 100010, 中国
- End: 2008-10-21 13:45:58 at 中关村南四街, 知春东里社区, 中关村街道, 海淀区, 北京市, 100098, 中国
- Duration: 0 days 01:10:41
- Distance: 12.71 km
- Average Speed: 1.95 km/h
- Average Bearing Change: 54.52°
- Max Speed: 5.91 km/h
- Min Speed: 0.00 km/h
- Speed Variability: 1.62 km/h
- Average Acceleration: 0.01 m/s²
- Max Acceleration: 0.35 m/s²
- Number of Turns: 104
- Turn Rate: 1.48 turns/min
- Average Turn Angle: 54.52°
- Turn Angle Variability: 49.90°
- Transport Mode: walk
    "
3.286306171579426,34.69002410198173,0.0,9.810224679899742,10.590558548440853,0.010204282946423896,1.2146875885894002,0.2377991489828438,123,6.890756302521008,25.69173461873691,35.64348379600971,25.69173461873691,bus_cleaned.geojson,2008-09-26 09:58:51,2008-09-26 10:16:44,1073.0,bus,511,2,0.3913894324853229,6,1,11.11,"
Trip Summary:
- Start: 2008-09-26 09:58:51 at 陕西省人民医院, 256, 友谊西路, 张家村街道, 碑林区, 西安市, 陕西省, 710000, 中国
- End: 2008-09-26 10:16:44 at 雁塔北路, 文艺路街道, 碑林区, 西安市, 陕西省, 710055, 中国
- Duration: 0 days 00:17:53
- Distance: 3.29 km
- Average Speed: 10.59 km/h
- Average Bearing Change: 25.69°
- Max Speed: 34.69 km/h
- Min Speed: 0.00 km/h
- Speed Variability: 9.81 km/h
- Average Acceleration: 0.01 m/s²
- Max Acceleration: 1.21 m/s²
- Number of Turns: 123
- Turn Rate: 6.89 turns/min
- Average Turn Angle: 25.69°
- Turn Angle Variability: 35.64°
- Transport Mode: bus
    "
0.4074949903516738,3.6420425105288845,0.16580819600331878,0.9867874237139054,1.046903677583854,-0.0024624409830862,0.32023435926202876,0.06742345529041036,133,6.540983606557377,45.64961425679739,49.440827783394475,45.64961425679739,walk_cleaned.geojson,2008-09-26 12:09:02,2008-09-26 12:29:32,1230.0,walk,298,6,2.013422818791946,7,5,2.78,"
Trip Summary:
- Start: 2008-09-26 12:09:02 at 建东街, 太乙路街道, 碑林区, 西安市, 陕西省, 710055, 中国
- End: 2008-09-26 12:29:32 at 建东街, 太乙路街道, 碑林区, 西安市, 陕西省, 710055, 中国
- Duration: 0 days 00:20:30
- Distance: 0.41 km
- Average Speed: 1.05 km/h
- Average Bearing Change: 45.65°
- Max Speed: 3.64 km/h
- Min Speed: 0.17 km/h
- Speed Variability: 0.99 km/h
- Average Acceleration: -0.00 m/s²
- Max Acceleration: 0.32 m/s²
- Number of Turns: 133
- Turn Rate: 6.54 turns/min
- Average Turn Angle: 45.65°
- Turn Angle Variability: 49.44°
- Transport Mode: walk
    "
8.469313130095083,50.004000000000005,0.6246815634928788,15.03866714785087,23.410202202533696,0.029376969272463378,0.6056239652942083,0.17218963550832153,9,0.49723756906077343,20.90117419215242,23.30658077034455,20.90117419215242,taxi_cleaned.geojson,2007-10-08 08:38:27,2007-10-08 08:57:22,1135.0,taxi,37,5,13.513513513513514,7,4,13.89,"
Trip Summary:
- Start: 2007-10-08 08:38:27 at 北三环东路, 香河园街道, 朝阳区, 北京市, 100028, 中国
- End: 2007-10-08 08:57:22 at 天创世缘, 大屯街道, 朝阳区, 北京市, 100101, 中国
- Duration: 0 days 00:18:55
- Distance: 8.47 km
- Average Speed: 23.41 km/h
- Average Bearing Change: 20.90°
- Max Speed: 50.00 km/h
- Min Speed: 0.62 km/h
- Speed Variability: 15.04 km/h
- Average Acceleration: 0.03 m/s²
- Max Acceleration: 0.61 m/s²
- Number of Turns: 9
- Turn Rate: 0.50 turns/min
- Average Turn Angle: 20.90°
- Turn Angle Variability: 23.31°
- Transport Mode: taxi
    "
6.201998791009248,50.004000000000005,3.4273091078607596,10.523358656234366,20.395346819249106,-0.014382155476446213,0.748716003944015,0.2237072713336724,5,0.3232758620689655,25.674524344044247,44.38021520373467,25.674524344044247,car_cleaned.geojson,2007-10-08 12:11:38,2007-10-08 12:26:59,921.0,car,31,3,9.67741935483871,6,2,13.89,"
Trip Summary:
- Start: 2007-10-08 12:11:38 at 安定路, 涌溪社区, 安贞街道, 朝阳区, 北京市, 100000, 中国
- End: 2007-10-08 12:26:59 at 地安门西大街, 什刹海, 什刹海街道, 首都功能核心区, 西城区, 北京市, 100032, 中国
- Duration: 0 days 00:15:21
- Distance: 6.20 km
- Average Speed: 20.40 km/h
- Average Bearing Change: 25.67°
- Max Speed: 50.00 km/h
- Min Speed: 3.43 km/h
- Speed Variability: 10.52 km/h
- Average Acceleration: -0.01 m/s²
- Max Acceleration: 0.75 m/s²
- Number of Turns: 5
- Turn Rate: 0.32 turns/min
- Average Turn Angle: 25.67°
- Turn Angle Variability: 44.38°
- Transport Mode: car
    "
0.3767728232999758,4.1154621933630535,0.22003681325445465,1.3028720800629645,2.948029421554171,-0.001395204258083872,0.0072684941943704905,0.007648169398167913,4,0.3252032520325203,27.409511363475325,42.91350353700457,27.409511363475325,walk_cleaned.geojson,2007-10-08 08:24:24,2007-10-08 08:36:42,738.0,walk,19,1,5.263157894736842,0,0,2.78,"
Trip Summary:
- Start: 2007-10-08 08:24:24 at 北三环东路, 香河园街道, 朝阳区, 北京市, 100028, 中国
- End: 2007-10-08 08:36:42 at 北三环东路, 香河园街道, 朝阳区, 北京市, 100028, 中国
- Duration: 0 days 00:12:18
- Distance: 0.38 km
- Average Speed: 2.95 km/h
- Average Bearing Change: 27.41°
- Max Speed: 4.12 km/h
- Min Speed: 0.22 km/h
- Speed Variability: 1.30 km/h
- Average Acceleration: -0.00 m/s²
- Max Acceleration: 0.01 m/s²
- Number of Turns: 4
- Turn Rate: 0.33 turns/min
- Average Turn Angle: 27.41°
- Turn Angle Variability: 42.91°
- Transport Mode: walk
    "
4.066640773637984,21.85297320590443,8.594034897273287,1.5804906137119803,16.7773553237614,-0.005121327444331196,0.6274722490284019,0.12672337811640336,9,0.6164383561643836,7.529632055028026,10.510635056128374,7.529632055028026,bike_cleaned.geojson,2008-10-12 16:05:11,2008-10-12 16:19:55,884.0,bike,407,5,1.2285012285012284,13,4,6.94,"
Trip Summary:
- Start: 2008-10-12 16:05:11 at 中航科技大厦, 56, 知春路, 知春东里社区, 中关村街道, 海淀区, 北京市, 100098, 中国
- End: 2008-10-12 16:19:55 at 清华大学, 30, 双清路, 东升镇, 海淀区, 北京市, 100084, 中国
- Duration: 0 days 00:14:44
- Distance: 4.07 km
- Average Speed: 16.78 km/h
- Average Bearing Change: 7.53°
- Max Speed: 21.85 km/h
- Min Speed: 8.59 km/h
- Speed Variability: 1.58 km/h
- Average Acceleration: -0.01 m/s²
- Max Acceleration: 0.63 m/s²
- Number of Turns: 9
- Turn Rate: 0.62 turns/min
- Average Turn Angle: 7.53°
- Turn Angle Variability: 10.51°
- Transport Mode: bike
    "
11.558813452946978,39.996,0.06150561655743336,11.603786979564626,12.667173715856386,0.005603177171098051,1.943006123460846,0.24113273047565767,117,2.4955563455385708,27.6134789893441,38.91734172813418,27.6134789893441,bus_cleaned.geojson,2008-05-01 02:36:03,2008-05-01 03:23:43,2860.0,bus,498,11,2.208835341365462,21,10,11.11,"
Trip Summary:
- Start: 2008-05-01 02:36:03 at 白云路, 月坛街道, 首都功能核心区, 西城区, 北京市, 100032, 中国
- End: 2008-05-01 03:23:43 at 中关村东路, 知春东里社区, 中关村街道, 海淀区, 北京市, 100190, 中国
- Duration: 0 days 00:47:40
- Distance: 11.56 km
- Average Speed: 12.67 km/h
- Average Bearing Change: 27.61°
- Max Speed: 40.00 km/h
- Min Speed: 0.06 km/h
- Speed Variability: 11.60 km/h
- Average Acceleration: 0.01 m/s²
- Max Acceleration: 1.94 m/s²
- Number of Turns: 117
- Turn Rate: 2.50 turns/min
- Average Turn Angle: 27.61°
- Turn Angle Variability: 38.92°
- Transport Mode: bus
    "
0.1890086227306022,6.5167308709251985,0.28551554248078254,2.0695128043591566,3.132041164179759,0.015950090542200417,0.8643521030843002,0.1753054676056357,15,6.521739130434783,51.81672273187617,47.73373163927307,51.81672273187617,walk_cleaned.geojson,2008-05-01 03:23:58,2008-05-01 03:26:58,180.0,walk,32,2,6.25,5,1,2.78,"
Trip Summary:
- Start: 2008-05-01 03:23:58 at 中关村东路, 知春东里社区, 中关村街道, 海淀区, 北京市, 100190, 中国
- End: 2008-05-01 03:26:58 at 中关村东路, 知春东里社区, 中关村街道, 海淀区, 北京市, 100190, 中国
- Duration: 0 days 00:03:00
- Distance: 0.19 km
- Average Speed: 3.13 km/h
- Average Bearing Change: 51.82°
- Max Speed: 6.52 km/h
- Min Speed: 0.29 km/h
- Speed Variability: 2.07 km/h
- Average Acceleration: 0.02 m/s²
- Max Acceleration: 0.86 m/s²
- Number of Turns: 15
- Turn Rate: 6.52 turns/min
- Average Turn Angle: 51.82°
- Turn Angle Variability: 47.73°
- Transport Mode: walk
    "
1.4450041162163187,39.996,2.0088314843488235,12.524906433826805,24.989384848130367,-0.04678621344849219,1.5612836875917844,0.4567408802922554,19,5.876288659793814,19.64105683085017,29.02827099434617,19.64105683085017,bus_cleaned.geojson,2008-05-17 11:53:34,2008-05-17 11:56:48,194.0,bus,98,1,1.0204081632653061,22,0,11.11,"
Trip Summary:
- Start: 2008-05-17 11:53:34 at 914, 知春路, 知春东里社区, 中关村街道, 海淀区, 北京市, 100086, 中国
- End: 2008-05-17 11:56:48 at 世纪科贸大厦C座, 66号, 中关村东路, 知春东里社区, 中关村街道, 海淀区, 北京市, 100190, 中国
- Duration: 0 days 00:03:14
- Distance: 1.45 km
- Average Speed: 24.99 km/h
- Average Bearing Change: 19.64°
- Max Speed: 40.00 km/h
- Min Speed: 2.01 km/h
- Speed Variability: 12.52 km/h
- Average Acceleration: -0.05 m/s²
- Max Acceleration: 1.56 m/s²
- Number of Turns: 19
- Turn Rate: 5.88 turns/min
- Average Turn Angle: 19.64°
- Turn Angle Variability: 29.03°
- Transport Mode: bus
    "
6.887494437518393,50.004000000000005,0.30778339187411774,15.00982060523111,33.46134694486522,0.008244288856424316,1.7016929472139042,0.3266667421151315,12,0.9549071618037136,7.1199466414507215,16.876874506598618,7.1199466414507215,taxi_cleaned.geojson,2008-05-17 07:38:38,2008-05-17 07:51:14,756.0,taxi,324,2,0.6172839506172839,103,1,13.89,"
Trip Summary:
- Start: 2008-05-17 07:38:38 at 永定河路, 永定路街道, 田村路街道, 海淀区, 北京市, 100143, 中国
- End: 2008-05-17 07:51:14 at 西三环北路, 紫竹院街道, 海淀区, 北京市, 100048, 中国
- Duration: 0 days 00:12:36
- Distance: 6.89 km
- Average Speed: 33.46 km/h
- Average Bearing Change: 7.12°
- Max Speed: 50.00 km/h
- Min Speed: 0.31 km/h
- Speed Variability: 15.01 km/h
- Average Acceleration: 0.01 m/s²
- Max Acceleration: 1.70 m/s²
- Number of Turns: 12
- Turn Rate: 0.95 turns/min
- Average Turn Angle: 7.12°
- Turn Angle Variability: 16.88°
- Transport Mode: taxi
    "
0.3155191323536707,8.938224743223774,0.10901546362049483,2.282944805237662,2.413844076991503,0.0070118500766887465,0.6420647713792644,0.1670868200846451,56,8.571428571428571,43.55809284182596,46.04936447786952,43.55809284182596,walk_cleaned.geojson,2008-05-17 11:56:54,2008-05-17 12:03:38,404.0,walk,126,4,3.1746031746031744,7,3,2.78,"
Trip Summary:
- Start: 2008-05-17 11:56:54 at 世纪科贸大厦C座, 66号, 中关村东路, 知春东里社区, 中关村街道, 海淀区, 北京市, 100190, 中国
- End: 2008-05-17 12:03:38 at 中关村南四街, 知春东里社区, 中关村街道, 海淀区, 北京市, 100098, 中国
- Duration: 0 days 00:06:44
- Distance: 0.32 km
- Average Speed: 2.41 km/h
- Average Bearing Change: 43.56°
- Max Speed: 8.94 km/h
- Min Speed: 0.11 km/h
- Speed Variability: 2.28 km/h
- Average Acceleration: 0.01 m/s²
- Max Acceleration: 0.64 m/s²
- Number of Turns: 56
- Turn Rate: 8.57 turns/min
- Average Turn Angle: 43.56°
- Turn Angle Variability: 46.05°
- Transport Mode: walk
    "
4.456193754482993,24.984,0.2997927315910807,5.21302370967082,12.513384222914786,-0.013705868370442555,2.089749350967403,0.29833175864374706,77,3.219512195121951,11.439079787467485,19.521214499065287,11.439079787467485,bike_cleaned.geojson,2008-05-28 14:23:36,2008-05-28 14:47:40,1444.0,bike,1189,10,0.8410428931875525,30,9,6.94,"
Trip Summary:
- Start: 2008-05-28 14:23:36 at 中关村东路, 东升镇, 海淀区, 北京市, 100190, 中国
- End: 2008-05-28 14:47:40 at 清华大学, 30, 双清路, 东升镇, 海淀区, 北京市, 100084, 中国
- Duration: 0 days 00:24:04
- Distance: 4.46 km
- Average Speed: 12.51 km/h
- Average Bearing Change: 11.44°
- Max Speed: 24.98 km/h
- Min Speed: 0.30 km/h
- Speed Variability: 5.21 km/h
- Average Acceleration: -0.01 m/s²
- Max Acceleration: 2.09 m/s²
- Number of Turns: 77
- Turn Rate: 3.22 turns/min
- Average Turn Angle: 11.44°
- Turn Angle Variability: 19.52°
- Transport Mode: bike
    "
0.10291751799812066,10.008,8.313612014123942,0.6419288773826122,9.176268055455308,0.007987543994830282,0.40179454742851073,0.12551677197026778,0,0.0,8.758305911228167,6.967771360345496,8.758305911228167,walk_cleaned.geojson,2008-05-28 10:03:00,2008-05-28 10:03:39,39.0,walk,40,1,2.5,13,0,2.78,"
Trip Summary:
- Start: 2008-05-28 10:03:00 at 清华路, 清华园街道, 八家村总支委员会, 海淀区, 北京市, 100084, 中国
- End: 2008-05-28 10:03:39 at 近春路, 清华园街道, 西洼村, 海淀区, 北京市, 100084, 中国
- Duration: 0 days 00:00:39
- Distance: 0.10 km
- Average Speed: 9.18 km/h
- Average Bearing Change: 8.76°
- Max Speed: 10.01 km/h
- Min Speed: 8.31 km/h
- Speed Variability: 0.64 km/h
- Average Acceleration: 0.01 m/s²
- Max Acceleration: 0.40 m/s²
- Number of Turns: 0
- Turn Rate: 0.00 turns/min
- Average Turn Angle: 8.76°
- Turn Angle Variability: 6.97°
- Transport Mode: walk
    "
8.948804516356304,39.996,0.3407155039853882,13.464118824948473,14.912514294282628,0.016129743087571282,2.7520413928712766,0.29736988269515047,139,4.003840614498319,38.20449696081737,47.23010496566918,38.20449696081737,bus_cleaned.geojson,2009-07-29 09:47:56,2009-07-29 10:23:11,2115.0,bus,367,8,2.17983651226158,26,7,11.11,"
Trip Summary:
- Start: 2009-07-29 09:47:56 at 展览馆路, 黄瓜园社区, 展览路街道, 首都功能核心区, 西城区, 北京市, 100032, 中国
- End: 2009-07-29 10:23:11 at 中关村南四街, 中关村街道, 海淀区, 北京市, 100190, 中国
- Duration: 0 days 00:35:15
- Distance: 8.95 km
- Average Speed: 14.91 km/h
- Average Bearing Change: 38.20°
- Max Speed: 40.00 km/h
- Min Speed: 0.34 km/h
- Speed Variability: 13.46 km/h
- Average Acceleration: 0.02 m/s²
- Max Acceleration: 2.75 m/s²
- Number of Turns: 139
- Turn Rate: 4.00 turns/min
- Average Turn Angle: 38.20°
- Turn Angle Variability: 47.23°
- Transport Mode: bus
    "
0.03994207126959244,3.420005693905489,0.7327330871922626,0.839333861980217,2.0099264389620357,-0.01581803616450087,0.06662817859527152,0.09491260578932974,10,10.90909090909091,105.31769841836876,51.48644165285329,105.31769841836876,walk_cleaned.geojson,2009-07-29 09:46:46,2009-07-29 09:47:41,55.0,walk,14,1,7.142857142857142,1,0,2.78,"
Trip Summary:
- Start: 2009-07-29 09:46:46 at 展览馆路, 黄瓜园社区, 展览路街道, 首都功能核心区, 西城区, 北京市, 100032, 中国
- End: 2009-07-29 09:47:41 at 展览馆路, 黄瓜园社区, 展览路街道, 首都功能核心区, 西城区, 北京市, 100032, 中国
- Duration: 0 days 00:00:55
- Distance: 0.04 km
- Average Speed: 2.01 km/h
- Average Bearing Change: 105.32°
- Max Speed: 3.42 km/h
- Min Speed: 0.73 km/h
- Speed Variability: 0.84 km/h
- Average Acceleration: -0.02 m/s²
- Max Acceleration: 0.07 m/s²
- Number of Turns: 10
- Turn Rate: 10.91 turns/min
- Average Turn Angle: 105.32°
- Turn Angle Variability: 51.49°
- Transport Mode: walk
    "
7.2649967699801214,39.996,0.19986182144262774,13.356344953342532,25.53587151877853,-0.038340277226259975,1.3778859270840882,0.2853494257966414,47,2.5268817204301075,13.389529170005593,30.775922418513407,13.389529170005593,bus_cleaned.geojson,2008-10-16 11:21:29,2008-10-16 11:40:29,1140.0,bus,448,9,2.0089285714285716,60,8,11.11,"
Trip Summary:
- Start: 2008-10-16 11:21:29 at 北四环东路, 大屯街道, 朝阳区, 北京市, 100012, 中国
- End: 2008-10-16 11:40:29 at 中国科学院理论物理研究所, 55, 中关村东路, 清华园, 中关村街道, 海淀区, 北京市, 100190, 中国
- Duration: 0 days 00:19:00
- Distance: 7.26 km
- Average Speed: 25.54 km/h
- Average Bearing Change: 13.39°
- Max Speed: 40.00 km/h
- Min Speed: 0.20 km/h
- Speed Variability: 13.36 km/h
- Average Acceleration: -0.04 m/s²
- Max Acceleration: 1.38 m/s²
- Number of Turns: 47
- Turn Rate: 2.53 turns/min
- Average Turn Angle: 13.39°
- Turn Angle Variability: 30.78°
- Transport Mode: bus
    "
2.9417694785593094,10.008,1.0455502315851994,2.749406638135489,5.633449609581261,0.0024431169489493947,0.6548910028028301,0.17270253705661656,78,3.9130434782608696,36.62359952451633,44.50020608556354,36.62359952451633,walk_cleaned.geojson,2008-10-16 12:51:09,2008-10-16 13:11:35,1226.0,walk,228,13,5.701754385964912,33,12,2.78,"
Trip Summary:
- Start: 2008-10-16 12:51:09 at 中关村南四街, 知春东里社区, 中关村街道, 海淀区, 北京市, 100098, 中国
- End: 2008-10-16 13:11:35 at 中关村南四街, 知春东里社区, 中关村街道, 海淀区, 北京市, 100098, 中国
- Duration: 0 days 00:20:26
- Distance: 2.94 km
- Average Speed: 5.63 km/h
- Average Bearing Change: 36.62°
- Max Speed: 10.01 km/h
- Min Speed: 1.05 km/h
- Speed Variability: 2.75 km/h
- Average Acceleration: 0.00 m/s²
- Max Acceleration: 0.65 m/s²
- Number of Turns: 78
- Turn Rate: 3.91 turns/min
- Average Turn Angle: 36.62°
- Turn Angle Variability: 44.50°
- Transport Mode: walk
    "
0.7815801603722669,10.008,0.7947855590130657,2.4028057600743113,5.4771682291325545,0.008114648851410926,0.8595057623348616,0.18702627026442875,48,7.912087912087912,28.945836125314756,35.15227969503344,28.945836125314756,walk_cleaned.geojson,2008-09-23 00:19:08,2008-09-23 00:25:26,378.0,walk,174,10,5.747126436781609,26,9,2.78,"
Trip Summary:
- Start: 2008-09-23 00:19:08 at 东直门枢纽站, 东直门外大街, 东直门, 东直门街道, 首都功能核心区, 东城区, 北京市, 100010, 中国
- End: 2008-09-23 00:25:26 at 巫山烤全鱼, 东中街, 东直门, 东直门街道, 首都功能核心区, 东城区, 北京市, 100010, 中国
- Duration: 0 days 00:06:18
- Distance: 0.78 km
- Average Speed: 5.48 km/h
- Average Bearing Change: 28.95°
- Max Speed: 10.01 km/h
- Min Speed: 0.79 km/h
- Speed Variability: 2.40 km/h
- Average Acceleration: 0.01 m/s²
- Max Acceleration: 0.86 m/s²
- Number of Turns: 48
- Turn Rate: 7.91 turns/min
- Average Turn Angle: 28.95°
- Turn Angle Variability: 35.15°
- Transport Mode: walk
    "
4.055208719010889,21.69293256154327,5.43119773794755,2.9337549340542655,14.951256139877536,-0.0010331963095906891,1.2185463542939152,0.17848702402903047,15,0.9594882729211087,8.340428197065169,9.439093426383216,8.340428197065169,bike_cleaned.geojson,2008-08-14 02:36:18,2008-08-14 02:52:20,962.0,bike,414,11,2.657004830917874,15,10,6.94,"
Trip Summary:
- Start: 2008-08-14 02:36:18 at 清华大学, 30, 双清路, 东升镇, 海淀区, 北京市, 100084, 中国
- End: 2008-08-14 02:52:20 at 中关村街道, 海淀区, 北京市, 100098, 中国
- Duration: 0 days 00:16:02
- Distance: 4.06 km
- Average Speed: 14.95 km/h
- Average Bearing Change: 8.34°
- Max Speed: 21.69 km/h
- Min Speed: 5.43 km/h
- Speed Variability: 2.93 km/h
- Average Acceleration: -0.00 m/s²
- Max Acceleration: 1.22 m/s²
- Number of Turns: 15
- Turn Rate: 0.96 turns/min
- Average Turn Angle: 8.34°
- Turn Angle Variability: 9.44°
- Transport Mode: bike
    "
0.08713503790060179,6.047240915670241,0.0,1.7334449402329524,3.9360286688675643,0.023372470050083125,0.38969461918906123,0.08972236090718691,11,8.25,34.65776167848903,42.00386666476773,34.65776167848903,walk_cleaned.geojson,2008-08-14 02:52:28,2008-08-14 02:53:46,78.0,walk,36,1,2.7777777777777777,1,0,2.78,"
Trip Summary:
- Start: 2008-08-14 02:52:28 at 中关村街道, 海淀区, 北京市, 100098, 中国
- End: 2008-08-14 02:53:46 at 中关村街道, 海淀区, 北京市, 100098, 中国
- Duration: 0 days 00:01:18
- Distance: 0.09 km
- Average Speed: 3.94 km/h
- Average Bearing Change: 34.66°
- Max Speed: 6.05 km/h
- Min Speed: 0.00 km/h
- Speed Variability: 1.73 km/h
- Average Acceleration: 0.02 m/s²
- Max Acceleration: 0.39 m/s²
- Number of Turns: 11
- Turn Rate: 8.25 turns/min
- Average Turn Angle: 34.66°
- Turn Angle Variability: 42.00°
- Transport Mode: walk
    "
4.111930969000521,39.996,1.006795144100078,12.88871427164425,19.829582029332684,0.015370655839948533,1.8104597209248698,0.3984999378042429,52,4.116094986807388,17.69990026917503,29.531126499549845,17.69990026917503,bus_cleaned.geojson,2008-11-06 13:10:35,2008-11-06 13:23:19,764.0,bus,354,4,1.1299435028248588,32,3,11.11,"
Trip Summary:
- Start: 2008-11-06 13:10:35 at 首都医科大学, 右安门西滨河路, 玉林西里社区, 右安门街道, 菜户营村, 丰台区, 北京市, 100069, 中国
- End: 2008-11-06 13:23:19 at 中国移动创新大楼, 32号, 宣武门西大街, 广安门内街道, 首都功能核心区, 西城区, 北京市, 100032, 中国
- Duration: 0 days 00:12:44
- Distance: 4.11 km
- Average Speed: 19.83 km/h
- Average Bearing Change: 17.70°
- Max Speed: 40.00 km/h
- Min Speed: 1.01 km/h
- Speed Variability: 12.89 km/h
- Average Acceleration: 0.02 m/s²
- Max Acceleration: 1.81 m/s²
- Number of Turns: 52
- Turn Rate: 4.12 turns/min
- Average Turn Angle: 17.70°
- Turn Angle Variability: 29.53°
- Transport Mode: bus
    "
4.276698406784253,8.138358879544105,0.15393485408222055,1.7710615169065902,4.151681522428918,-0.003398652835029549,0.5608371386275459,0.1280783031482786,97,4.110169491525424,32.391016546651514,35.59333651818032,32.391016546651514,walk_cleaned.geojson,2008-11-06 13:10:13,2008-11-06 13:34:09,1436.0,walk,273,9,3.296703296703297,13,8,2.78,"
Trip Summary:
- Start: 2008-11-06 13:10:13 at 首都医科大学, 右安门西滨河路, 玉林西里社区, 右安门街道, 菜户营村, 丰台区, 北京市, 100069, 中国
- End: 2008-11-06 13:34:09 at 月坛街道, 首都功能核心区, 西城区, 北京市, 100032, 中国
- Duration: 0 days 00:23:56
- Distance: 4.28 km
- Average Speed: 4.15 km/h
- Average Bearing Change: 32.39°
- Max Speed: 8.14 km/h
- Min Speed: 0.15 km/h
- Speed Variability: 1.77 km/h
- Average Acceleration: -0.00 m/s²
- Max Acceleration: 0.56 m/s²
- Number of Turns: 97
- Turn Rate: 4.11 turns/min
- Average Turn Angle: 32.39°
- Turn Angle Variability: 35.59°
- Transport Mode: walk
    "
0.6635207201977854,9.264620082102867,0.0,3.369832847186097,3.358056181765988,-0.0008341425920741855,0.23260924856438317,0.06777756860356302,48,5.179856115107913,47.267780639923366,51.14822140767768,47.267780639923366,bike_cleaned.geojson,2008-09-13 05:26:34,2008-09-13 05:35:59,565.0,bike,110,2,1.8181818181818181,1,1,6.94,"
Trip Summary:
- Start: 2008-09-13 05:26:34 at 大钟寺东路, 中关村街道, 海淀区, 北京市, 100081, 中国
- End: 2008-09-13 05:35:59 at 中关村街道, 海淀区, 北京市, 100098, 中国
- Duration: 0 days 00:09:25
- Distance: 0.66 km
- Average Speed: 3.36 km/h
- Average Bearing Change: 47.27°
- Max Speed: 9.26 km/h
- Min Speed: 0.00 km/h
- Speed Variability: 3.37 km/h
- Average Acceleration: -0.00 m/s²
- Max Acceleration: 0.23 m/s²
- Number of Turns: 48
- Turn Rate: 5.18 turns/min
- Average Turn Angle: 47.27°
- Turn Angle Variability: 51.15°
- Transport Mode: bike
    "
0.1007019952308356,4.57679499777079,1.4670829882206142,1.0687001548890331,3.2800370680733195,0.0007469539323950408,0.12277393769028862,0.04604798150135249,5,3.0,23.24272995905281,24.829576703013718,23.24272995905281,walk_cleaned.geojson,2008-09-13 05:24:49,2008-09-13 05:26:19,90.0,walk,20,1,5.0,0,0,2.78,"
Trip Summary:
- Start: 2008-09-13 05:24:49 at 厦门商务会馆, 迎夏街, 中关村街道, 海淀区, 北京市, 100098, 中国
- End: 2008-09-13 05:26:19 at 大钟寺东路, 中关村街道, 海淀区, 北京市, 100081, 中国
- Duration: 0 days 00:01:30
- Distance: 0.10 km
- Average Speed: 3.28 km/h
- Average Bearing Change: 23.24°
- Max Speed: 4.58 km/h
- Min Speed: 1.47 km/h
- Speed Variability: 1.07 km/h
- Average Acceleration: 0.00 m/s²
- Max Acceleration: 0.12 m/s²
- Number of Turns: 5
- Turn Rate: 3.00 turns/min
- Average Turn Angle: 23.24°
- Turn Angle Variability: 24.83°
- Transport Mode: walk
    "
0.24046275328751407,10.008,1.0276890742670233,3.494953267280066,5.524139863807646,-0.010509676411711959,1.2405193179975877,0.2839643333362052,16,3.8709677419354835,53.32149486247731,57.62153135749328,53.32149486247731,walk_cleaned.geojson,2008-10-12 11:16:48,2008-10-12 11:20:50,242.0,walk,37,4,10.81081081081081,9,3,2.78,"
Trip Summary:
- Start: 2008-10-12 11:16:48 at 中国科学院物理研究所, 中关村东路, 清华园, 中关村街道, 海淀区, 北京市, 100190, 中国
- End: 2008-10-12 11:20:50 at 中关村南四街, 知春东里社区, 中关村街道, 海淀区, 北京市, 100098, 中国
- Duration: 0 days 00:04:02
- Distance: 0.24 km
- Average Speed: 5.52 km/h
- Average Bearing Change: 53.32°
- Max Speed: 10.01 km/h
- Min Speed: 1.03 km/h
- Speed Variability: 3.49 km/h
- Average Acceleration: -0.01 m/s²
- Max Acceleration: 1.24 m/s²
- Number of Turns: 16
- Turn Rate: 3.87 turns/min
- Average Turn Angle: 53.32°
- Turn Angle Variability: 57.62°
- Transport Mode: walk
    "
2.1106318379403026,50.004000000000005,0.0,15.10519086104822,12.102282614278103,0.025604730927846445,2.683908430505355,0.4027917045390562,42,4.54054054054054,48.99156527334969,61.657144893852575,48.99156527334969,taxi_cleaned.geojson,2008-12-06 05:56:05,2008-12-06 06:05:08,543.0,taxi,114,2,1.7543859649122806,3,1,13.89,"
Trip Summary:
- Start: 2008-12-06 05:56:05 at 民族家园中路, 华润紫竹药业有限公司, 常营回族乡, 朝阳区, 北京市, 100024, 中国
- End: 2008-12-06 06:05:08 at 建国路, 三间房乡, 朝阳区, 北京市, 100024, 中国
- Duration: 0 days 00:09:03
- Distance: 2.11 km
- Average Speed: 12.10 km/h
- Average Bearing Change: 48.99°
- Max Speed: 50.00 km/h
- Min Speed: 0.00 km/h
- Speed Variability: 15.11 km/h
- Average Acceleration: 0.03 m/s²
- Max Acceleration: 2.68 m/s²
- Number of Turns: 42
- Turn Rate: 4.54 turns/min
- Average Turn Angle: 48.99°
- Turn Angle Variability: 61.66°
- Transport Mode: taxi
    "
17.534977141265337,50.004000000000005,0.0,20.647014206816515,33.22620968118993,0.020773198167607625,2.5137650255768342,0.2742006916796347,39,1.3903743315508021,17.671892579577502,39.72198310255691,17.671892579577502,car_cleaned.geojson,2008-12-06 00:04:13,2008-12-06 00:32:43,1710.0,car,313,5,1.5974440894568689,153,4,13.89,"
Trip Summary:
- Start: 2008-12-06 00:04:13 at CNIC, 4, 中关村南四街, 知春东里社区, 中关村街道, 海淀区, 北京市, 100190, 中国
- End: 2008-12-06 00:32:43 at 东中街, 东直门, 东直门街道, 首都功能核心区, 东城区, 北京市, 100010, 中国
- Duration: 0 days 00:28:30
- Distance: 17.53 km
- Average Speed: 33.23 km/h
- Average Bearing Change: 17.67°
- Max Speed: 50.00 km/h
- Min Speed: 0.00 km/h
- Speed Variability: 20.65 km/h
- Average Acceleration: 0.02 m/s²
- Max Acceleration: 2.51 m/s²
- Number of Turns: 39
- Turn Rate: 1.39 turns/min
- Average Turn Angle: 17.67°
- Turn Angle Variability: 39.72°
- Transport Mode: car
    "
0.32873509206739315,5.413093375840917,0.666197272558006,1.4172654791596695,3.603782893861846,2.6159089453488445e-05,0.15272988889830733,0.04147105413161591,18,3.4838709677419355,26.460262899387892,31.31583727035342,26.460262899387892,walk_cleaned.geojson,2008-12-06 07:15:15,2008-12-06 07:20:25,310.0,walk,67,2,2.9850746268656714,1,1,2.78,"
Trip Summary:
- Start: 2008-12-06 07:15:15 at 通惠河滨河南路, 三间房乡, 朝阳区, 北京市, 100024, 中国
- End: 2008-12-06 07:20:25 at 建国路, 三间房乡, 朝阳区, 北京市, 100024, 中国
- Duration: 0 days 00:05:10
- Distance: 0.33 km
- Average Speed: 3.60 km/h
- Average Bearing Change: 26.46°
- Max Speed: 5.41 km/h
- Min Speed: 0.67 km/h
- Speed Variability: 1.42 km/h
- Average Acceleration: 0.00 m/s²
- Max Acceleration: 0.15 m/s²
- Number of Turns: 18
- Turn Rate: 3.48 turns/min
- Average Turn Angle: 26.46°
- Turn Angle Variability: 31.32°
- Transport Mode: walk
    "
6.0714982625919225,24.984,3.402473390381471,3.8895120046421487,15.082878874699942,-0.0025138609597759507,1.5093564269857418,0.21469901524285237,54,1.9262782401902496,11.440112359065735,17.558883932340546,11.440112359065735,bike_cleaned.geojson,2008-10-15 03:31:22,2008-10-15 03:59:44,1702.0,bike,620,11,1.7741935483870968,21,10,6.94,"
Trip Summary:
- Start: 2008-10-15 03:31:22 at 清华大学, 30, 双清路, 东升镇, 海淀区, 北京市, 100084, 中国
- End: 2008-10-15 03:59:44 at 知春路, 中关村街道, 海淀区, 北京市, 100098, 中国
- Duration: 0 days 00:28:22
- Distance: 6.07 km
- Average Speed: 15.08 km/h
- Average Bearing Change: 11.44°
- Max Speed: 24.98 km/h
- Min Speed: 3.40 km/h
- Speed Variability: 3.89 km/h
- Average Acceleration: -0.00 m/s²
- Max Acceleration: 1.51 m/s²
- Number of Turns: 54
- Turn Rate: 1.93 turns/min
- Average Turn Angle: 11.44°
- Turn Angle Variability: 17.56°
- Transport Mode: bike
    "
0.11891813428715711,7.701837003894864,1.2320740795134302,2.3821633481890516,4.143757657894183,-0.037044981251716104,0.06674759408403319,0.09612780331405484,11,7.857142857142858,33.3996368212633,41.4886905504125,33.3996368212633,walk_cleaned.geojson,2008-10-15 04:00:28,2008-10-15 04:01:54,86.0,walk,33,2,6.0606060606060606,0,1,2.78,"
Trip Summary:
- Start: 2008-10-15 04:00:28 at 知春路, 中关村街道, 海淀区, 北京市, 100098, 中国
- End: 2008-10-15 04:01:54 at 希格玛大厦, 知春路, 中关村街道, 海淀区, 北京市, 100098, 中国
- Duration: 0 days 00:01:26
- Distance: 0.12 km
- Average Speed: 4.14 km/h
- Average Bearing Change: 33.40°
- Max Speed: 7.70 km/h
- Min Speed: 1.23 km/h
- Speed Variability: 2.38 km/h
- Average Acceleration: -0.04 m/s²
- Max Acceleration: 0.07 m/s²
- Number of Turns: 11
- Turn Rate: 7.86 turns/min
- Average Turn Angle: 33.40°
- Turn Angle Variability: 41.49°
- Transport Mode: walk
    "
2.078936521475649,20.613141334217172,5.560859842061321,2.558148558468215,15.827236851395837,0.0005634183418878903,1.1600636876237023,0.19138376319898717,3,0.3658536585365854,8.31984982149491,7.440209837676273,8.31984982149491,bike_cleaned.geojson,2008-10-14 03:00:20,2008-10-14 03:08:40,500.0,bike,201,6,2.9850746268656714,5,5,6.94,"
Trip Summary:
- Start: 2008-10-14 03:00:20 at 成府路, 清华园, 中关村街道, 海淀区, 北京市, 100190, 中国
- End: 2008-10-14 03:08:40 at 知春路, 中关村街道, 海淀区, 北京市, 100098, 中国
- Duration: 0 days 00:08:20
- Distance: 2.08 km
- Average Speed: 15.83 km/h
- Average Bearing Change: 8.32°
- Max Speed: 20.61 km/h
- Min Speed: 5.56 km/h
- Speed Variability: 2.56 km/h
- Average Acceleration: 0.00 m/s²
- Max Acceleration: 1.16 m/s²
- Number of Turns: 3
- Turn Rate: 0.37 turns/min
- Average Turn Angle: 8.32°
- Turn Angle Variability: 7.44°
- Transport Mode: bike
    "
0.3572233536810108,6.53251213675076,0.6372635596181616,1.1023452773209734,3.970203811688786,0.0009953168511807344,0.10623190997555014,0.03382867517775124,14,2.5454545454545454,20.588409779275217,18.79627949281115,20.588409779275217,walk_cleaned.geojson,2009-06-23 23:29:10,2009-06-23 23:34:40,330.0,walk,63,1,1.5873015873015872,1,0,2.78,"
Trip Summary:
- Start: 2009-06-23 23:29:10 at 中关村街道, 海淀区, 北京市, 100098, 中国
- End: 2009-06-23 23:34:40 at 中关村街道, 海淀区, 北京市, 100098, 中国
- Duration: 0 days 00:05:30
- Distance: 0.36 km
- Average Speed: 3.97 km/h
- Average Bearing Change: 20.59°
- Max Speed: 6.53 km/h
- Min Speed: 0.64 km/h
- Speed Variability: 1.10 km/h
- Average Acceleration: 0.00 m/s²
- Max Acceleration: 0.11 m/s²
- Number of Turns: 14
- Turn Rate: 2.55 turns/min
- Average Turn Angle: 20.59°
- Turn Angle Variability: 18.80°
- Transport Mode: walk
    "
15.105234983702825,39.996,0.06164776913394649,10.765617833859825,26.722139490576566,0.025368312724453165,1.9664460297635795,0.3459428486389741,41,1.1404728789986092,5.265429229578473,13.088050822820012,5.265429229578473,bus_cleaned.geojson,2008-06-07 05:51:33,2008-06-07 06:27:41,2168.0,bus,1935,11,0.5684754521963824,266,10,11.11,"
Trip Summary:
- Start: 2008-06-07 05:51:33 at 戴河镇, 北戴河区, 秦皇岛市, 河北省, 中国
- End: 2008-06-07 06:27:41 at 西经路, 西山街道, 北戴河区, 秦皇岛市, 河北省, 中国
- Duration: 0 days 00:36:08
- Distance: 15.11 km
- Average Speed: 26.72 km/h
- Average Bearing Change: 5.27°
- Max Speed: 40.00 km/h
- Min Speed: 0.06 km/h
- Speed Variability: 10.77 km/h
- Average Acceleration: 0.03 m/s²
- Max Acceleration: 1.97 m/s²
- Number of Turns: 41
- Turn Rate: 1.14 turns/min
- Average Turn Angle: 5.27°
- Turn Angle Variability: 13.09°
- Transport Mode: bus
    "
2.2484617754613097,48.25081976944481,3.1977002823242056,10.319137052699439,23.680768171301857,0.051373751613969315,2.141886764637441,0.5127076726497138,14,0.5519053876478318,6.843291235500769,9.728469991118429,6.843291235500769,car_cleaned.geojson,2008-06-07 10:05:49,2008-06-07 10:31:13,1524.0,car,282,3,1.0638297872340425,3,2,13.89,"
Trip Summary:
- Start: 2008-06-07 10:05:49 at 海滨镇, 北戴河区, 秦皇岛市, 河北省, 中国
- End: 2008-06-07 10:31:13 at 草厂西路, 海滨镇, 北戴河区, 秦皇岛市, 河北省, 中国
- Duration: 0 days 00:25:24
- Distance: 2.25 km
- Average Speed: 23.68 km/h
- Average Bearing Change: 6.84°
- Max Speed: 48.25 km/h
- Min Speed: 3.20 km/h
- Speed Variability: 10.32 km/h
- Average Acceleration: 0.05 m/s²
- Max Acceleration: 2.14 m/s²
- Number of Turns: 14
- Turn Rate: 0.55 turns/min
- Average Turn Angle: 6.84°
- Turn Angle Variability: 9.73°
- Transport Mode: car
    "
0.8913449242112058,8.65721962643439,0.18361754802759794,1.644225751086687,3.581381715541765,0.0018690436601087824,1.307197889768515,0.2243034996768128,217,9.665924276169266,34.47950961266775,37.82604190693055,34.47950961266775,train_cleaned.geojson,2008-06-07 04:22:32,2008-06-07 04:45:04,1352.0,train,602,7,1.1627906976744187,5,6,6.94,"
Trip Summary:
- Start: 2008-06-07 04:22:32 at 站南大街, 戴河镇, 北戴河区, 秦皇岛市, 河北省, 中国
- End: 2008-06-07 04:45:04 at 戴河镇, 北戴河区, 秦皇岛市, 河北省, 中国
- Duration: 0 days 00:22:32
- Distance: 0.89 km
- Average Speed: 3.58 km/h
- Average Bearing Change: 34.48°
- Max Speed: 8.66 km/h
- Min Speed: 0.18 km/h
- Speed Variability: 1.64 km/h
- Average Acceleration: 0.00 m/s²
- Max Acceleration: 1.31 m/s²
- Number of Turns: 217
- Turn Rate: 9.67 turns/min
- Average Turn Angle: 34.48°
- Turn Angle Variability: 37.83°
- Transport Mode: train
    "
1.4634861719602728,24.984,0.0,9.080986290435973,19.82934259462442,-0.0640481462340285,0.0,0.1758949877024729,3,2.3376623376623376,9.897404198921718,19.479124935881853,9.897404198921718,subway_cleaned.geojson,2009-08-26 14:59:40,2009-08-26 15:01:43,123.0,subway,84,49,58.333333333333336,22,48,6.94,"
Trip Summary:
- Start: 2009-08-26 14:59:40 at 立水桥, 立汤路, 来广营乡, 朝阳区, 北京市, 102218, 中国
- End: 2009-08-26 15:01:43 at 天通苑南, 立汤路, 天通苑北街道, 东小口镇, 昌平区, 北京市, 102218, 中国
- Duration: 0 days 00:02:03
- Distance: 1.46 km
- Average Speed: 19.83 km/h
- Average Bearing Change: 9.90°
- Max Speed: 24.98 km/h
- Min Speed: 0.00 km/h
- Speed Variability: 9.08 km/h
- Average Acceleration: -0.06 m/s²
- Max Acceleration: 0.00 m/s²
- Number of Turns: 3
- Turn Rate: 2.34 turns/min
- Average Turn Angle: 9.90°
- Turn Angle Variability: 19.48°
- Transport Mode: subway
    "
3.0575784710567047,50.004000000000005,0.0,16.828152977711976,30.080974109420684,0.006206073549250656,1.6154868466803378,0.493651974237902,25,2.906976744186047,12.694596697103687,24.123351657517897,12.694596697103687,taxi_cleaned.geojson,2009-08-26 12:07:29,2009-08-26 12:16:07,518.0,taxi,236,5,2.11864406779661,47,4,13.89,"
Trip Summary:
- Start: 2009-08-26 12:07:29 at 中航科技大厦, 56, 知春路, 知春东里社区, 中关村街道, 海淀区, 北京市, 100098, 中国
- End: 2009-08-26 12:16:07 at 北三环西路, 北太平庄街道, 海淀区, 北京市, 100081, 中国
- Duration: 0 days 00:08:38
- Distance: 3.06 km
- Average Speed: 30.08 km/h
- Average Bearing Change: 12.69°
- Max Speed: 50.00 km/h
- Min Speed: 0.00 km/h
- Speed Variability: 16.83 km/h
- Average Acceleration: 0.01 m/s²
- Max Acceleration: 1.62 m/s²
- Number of Turns: 25
- Turn Rate: 2.91 turns/min
- Average Turn Angle: 12.69°
- Turn Angle Variability: 24.12°
- Transport Mode: taxi
    "
0.5778014459590834,7.987026424920896,3.1895095324080054,1.0723330800731647,5.931262702663872,-0.0011392485859505995,0.1923396585889964,0.049870793001191314,19,3.352941176470588,26.260485805338423,25.075969419402384,26.260485805338423,walk_cleaned.geojson,2009-08-26 15:02:08,2009-08-26 15:07:53,345.0,walk,68,2,2.941176470588235,1,1,2.78,"
Trip Summary:
- Start: 2009-08-26 15:02:08 at 天通苑南, 立汤路, 天通苑北街道, 东小口镇, 昌平区, 北京市, 102218, 中国
- End: 2009-08-26 15:07:53 at 太平庄中街, 天通苑南街道, 中滩村, 昌平区, 北京市, 102218, 中国
- Duration: 0 days 00:05:45
- Distance: 0.58 km
- Average Speed: 5.93 km/h
- Average Bearing Change: 26.26°
- Max Speed: 7.99 km/h
- Min Speed: 3.19 km/h
- Speed Variability: 1.07 km/h
- Average Acceleration: -0.00 m/s²
- Max Acceleration: 0.19 m/s²
- Number of Turns: 19
- Turn Rate: 3.35 turns/min
- Average Turn Angle: 26.26°
- Turn Angle Variability: 25.08°
- Transport Mode: walk
    "
2.759880568151809,24.984,0.3802458815901786,10.577701145652815,8.609254660268872,0.1188550632308322,1.1588530329949545,0.3458926563018157,5,2.307692307692308,48.80235161941208,54.13967490883117,48.80235161941208,subway_cleaned.geojson,2009-05-17 10:44:33,2009-05-17 10:48:18,225.0,subway,33,21,63.63636363636363,1,20,6.94,"
Trip Summary:
- Start: 2009-05-17 10:44:33 at 荷清路, 清华园街道, 东升镇, 海淀区, 北京市, 100084, 中国
- End: 2009-05-17 10:48:18 at 中关村南三条, 中关村街道, 海淀区, 北京市, 100190, 中国
- Duration: 0 days 00:03:45
- Distance: 2.76 km
- Average Speed: 8.61 km/h
- Average Bearing Change: 48.80°
- Max Speed: 24.98 km/h
- Min Speed: 0.38 km/h
- Speed Variability: 10.58 km/h
- Average Acceleration: 0.12 m/s²
- Max Acceleration: 1.16 m/s²
- Number of Turns: 5
- Turn Rate: 2.31 turns/min
- Average Turn Angle: 48.80°
- Turn Angle Variability: 54.14°
- Transport Mode: subway
    "
0.7125106211115816,8.967306912470024,3.338845225298254,1.1929623262232403,5.441177759110522,-0.0020991752916806445,0.1511591649620217,0.039038905003144914,29,3.782608695652174,24.757355687887017,21.133874391606813,24.757355687887017,walk_cleaned.geojson,2009-05-17 11:19:57,2009-05-17 11:27:37,460.0,walk,92,1,1.0869565217391304,2,0,2.78,"
Trip Summary:
- Start: 2009-05-17 11:19:57 at 星规路, 知春东里社区, 中关村街道, 海淀区, 北京市, 100098, 中国
- End: 2009-05-17 11:27:37 at 中关村南三条, 中关村街道, 海淀区, 北京市, 100190, 中国
- Duration: 0 days 00:07:40
- Distance: 0.71 km
- Average Speed: 5.44 km/h
- Average Bearing Change: 24.76°
- Max Speed: 8.97 km/h
- Min Speed: 3.34 km/h
- Speed Variability: 1.19 km/h
- Average Acceleration: -0.00 m/s²
- Max Acceleration: 0.15 m/s²
- Number of Turns: 29
- Turn Rate: 3.78 turns/min
- Average Turn Angle: 24.76°
- Turn Angle Variability: 21.13°
- Transport Mode: walk
    "
2.6072481928256313,17.154977831328136,7.090668120984633,3.547895271163509,14.023681474017666,0.009791270594520724,0.1461839228758776,0.04141184213604795,2,0.20236087689713322,14.62781555544912,23.924723611585907,14.62781555544912,bike_cleaned.geojson,2008-03-16 01:11:37,2008-03-16 01:22:12,635.0,bike,17,1,5.88235294117647,2,0,6.94,"
Trip Summary:
- Start: 2008-03-16 01:11:37 at 清华大学, 30, 双清路, 东升镇, 海淀区, 北京市, 100084, 中国
- End: 2008-03-16 01:22:12 at 智能化大厦, 95号, 中关村东路, 知春东里社区, 中关村街道, 海淀区, 北京市, 100098, 中国
- Duration: 0 days 00:10:35
- Distance: 2.61 km
- Average Speed: 14.02 km/h
- Average Bearing Change: 14.63°
- Max Speed: 17.15 km/h
- Min Speed: 7.09 km/h
- Speed Variability: 3.55 km/h
- Average Acceleration: 0.01 m/s²
- Max Acceleration: 0.15 m/s²
- Number of Turns: 2
- Turn Rate: 0.20 turns/min
- Average Turn Angle: 14.63°
- Turn Angle Variability: 23.92°
- Transport Mode: bike
    "
4.720031573610902,21.558459601734214,1.4403230135821956,4.329970064563046,15.003365307700069,-0.003860607606996007,0.258558235317202,0.06186442303756551,30,1.193633952254642,16.710668612032677,29.64688271970367,16.710668612032677,bike_cleaned.geojson,2008-09-18 03:32:01,2008-09-18 03:57:19,1518.0,bike,214,3,1.4018691588785046,1,2,6.94,"
Trip Summary:
- Start: 2008-09-18 03:32:01 at 清华园街道, 西洼村, 海淀区, 北京市, 100084, 中国
- End: 2008-09-18 03:57:19 at 知春路, 中关村街道, 海淀区, 北京市, 100098, 中国
- Duration: 0 days 00:25:18
- Distance: 4.72 km
- Average Speed: 15.00 km/h
- Average Bearing Change: 16.71°
- Max Speed: 21.56 km/h
- Min Speed: 1.44 km/h
- Speed Variability: 4.33 km/h
- Average Acceleration: -0.00 m/s²
- Max Acceleration: 0.26 m/s²
- Number of Turns: 30
- Turn Rate: 1.19 turns/min
- Average Turn Angle: 16.71°
- Turn Angle Variability: 29.65°
- Transport Mode: bike
    "
0.20920817254297802,4.859349466959219,0.0,1.47374260145841,1.8896131118394737,-0.0010573722205937794,0.2121859466300236,0.046733462019844324,30,6.25,56.28229224120871,52.144486704413744,56.28229224120871,bus_cleaned.geojson,2008-09-18 08:24:10,2008-09-18 08:29:10,300.0,bus,56,1,1.7857142857142856,0,0,11.11,"
Trip Summary:
- Start: 2008-09-18 08:24:10 at 中日友好医院本部, 樱花巷, 和平街街道, 朝阳区, 北京市, 100029, 中国
- End: 2008-09-18 08:29:10 at 樱花园东街, 和平街街道, 朝阳区, 北京市, 100029, 中国
- Duration: 0 days 00:05:00
- Distance: 0.21 km
- Average Speed: 1.89 km/h
- Average Bearing Change: 56.28°
- Max Speed: 4.86 km/h
- Min Speed: 0.00 km/h
- Speed Variability: 1.47 km/h
- Average Acceleration: -0.00 m/s²
- Max Acceleration: 0.21 m/s²
- Number of Turns: 30
- Turn Rate: 6.25 turns/min
- Average Turn Angle: 56.28°
- Turn Angle Variability: 52.14°
- Transport Mode: bus
    "
1.5723932473157571,10.008,0.20108306607640675,3.83477411190342,6.033703527404477,0.0014573281386944643,0.2538513723711761,0.09492013863451478,10,3.726708074534162,38.057399476347676,45.16486986638133,38.057399476347676,walk_cleaned.geojson,2008-09-18 08:29:25,2008-09-18 08:34:20,295.0,walk,65,31,47.69230769230769,13,30,2.78,"
Trip Summary:
- Start: 2008-09-18 08:29:25 at 樱花园东街, 和平街街道, 朝阳区, 北京市, 100029, 中国
- End: 2008-09-18 08:34:20 at 惠新东街, 小关街道, 朝阳区, 北京市, 100029, 中国
- Duration: 0 days 00:04:55
- Distance: 1.57 km
- Average Speed: 6.03 km/h
- Average Bearing Change: 38.06°
- Max Speed: 10.01 km/h
- Min Speed: 0.20 km/h
- Speed Variability: 3.83 km/h
- Average Acceleration: 0.00 m/s²
- Max Acceleration: 0.25 m/s²
- Number of Turns: 10
- Turn Rate: 3.73 turns/min
- Average Turn Angle: 38.06°
- Turn Angle Variability: 45.16°
- Transport Mode: walk
    "
3.7410690001204583,24.984,10.9102502000343,2.4732258149899944,18.108588343979992,-0.007436437643711879,0.6398862232310671,0.16104276008706825,17,1.2623762376237624,8.540086140278229,11.877187752326886,8.540086140278229,bike_cleaned.geojson,2008-11-27 14:33:57,2008-11-27 14:47:29,812.0,bike,353,3,0.84985835694051,16,2,6.94,"
Trip Summary:
- Start: 2008-11-27 14:33:57 at 中关村东路, 知春东里社区, 中关村街道, 海淀区, 北京市, 100190, 中国
- End: 2008-11-27 14:47:29 at 清华大学, 30, 双清路, 东升镇, 海淀区, 北京市, 100084, 中国
- Duration: 0 days 00:13:32
- Distance: 3.74 km
- Average Speed: 18.11 km/h
- Average Bearing Change: 8.54°
- Max Speed: 24.98 km/h
- Min Speed: 10.91 km/h
- Speed Variability: 2.47 km/h
- Average Acceleration: -0.01 m/s²
- Max Acceleration: 0.64 m/s²
- Number of Turns: 17
- Turn Rate: 1.26 turns/min
- Average Turn Angle: 8.54°
- Turn Angle Variability: 11.88°
- Transport Mode: bike
    "
3.3369744477039776,23.8041919751241,1.4401233088904644,4.258104193373343,12.961001827321931,-0.004193151055341295,1.324435424074811,0.2773521024737984,46,3.333333333333333,19.3784655658613,31.547020670437334,19.3784655658613,bike_cleaned.geojson,2008-11-29 04:51:09,2008-11-29 05:05:19,850.0,bike,333,12,3.6036036036036037,18,11,6.94,"
Trip Summary:
- Start: 2008-11-29 04:51:09 at 清华路, 清华园街道, 八家村总支委员会, 海淀区, 北京市, 100084, 中国
- End: 2008-11-29 05:05:19 at 知春路, 中关村街道, 海淀区, 北京市, 100098, 中国
- Duration: 0 days 00:14:10
- Distance: 3.34 km
- Average Speed: 12.96 km/h
- Average Bearing Change: 19.38°
- Max Speed: 23.80 km/h
- Min Speed: 1.44 km/h
- Speed Variability: 4.26 km/h
- Average Acceleration: -0.00 m/s²
- Max Acceleration: 1.32 m/s²
- Number of Turns: 46
- Turn Rate: 3.33 turns/min
- Average Turn Angle: 19.38°
- Turn Angle Variability: 31.55°
- Transport Mode: bike
    "
7.081839842270192,39.996,0.15376477197388563,12.204615316219435,22.929469828963263,-0.0020402898023209924,2.3060747152370493,0.40735361572102197,52,2.820976491862568,12.763963646433286,26.23110741544978,12.763963646433286,bus_cleaned.geojson,2008-11-29 11:44:59,2008-11-29 12:03:23,1104.0,bus,548,2,0.36496350364963503,42,1,11.11,"
Trip Summary:
- Start: 2008-11-29 11:44:59 at 北三环, 涌溪社区, 安贞街道, 朝阳区, 北京市, 100011, 中国
- End: 2008-11-29 12:03:23 at 知春路, 知春东里社区, 中关村街道, 海淀区, 北京市, 100098, 中国
- Duration: 0 days 00:18:24
- Distance: 7.08 km
- Average Speed: 22.93 km/h
- Average Bearing Change: 12.76°
- Max Speed: 40.00 km/h
- Min Speed: 0.15 km/h
- Speed Variability: 12.20 km/h
- Average Acceleration: -0.00 m/s²
- Max Acceleration: 2.31 m/s²
- Number of Turns: 52
- Turn Rate: 2.82 turns/min
- Average Turn Angle: 12.76°
- Turn Angle Variability: 26.23°
- Transport Mode: bus
    "
0.49423984786076347,6.394675168823554,1.6961580142582982,0.6891498916466703,4.876740137742778,0.00041673703925578,0.16022372477015046,0.05508055995902997,33,5.076923076923077,19.083367841219438,18.689721737379102,19.083367841219438,walk_cleaned.geojson,2008-11-29 12:03:29,2008-11-29 12:09:59,390.0,walk,184,1,0.5434782608695652,0,0,2.78,"
Trip Summary:
- Start: 2008-11-29 12:03:29 at 知春路, 知春东里社区, 中关村街道, 海淀区, 北京市, 100098, 中国
- End: 2008-11-29 12:09:59 at 中关村街道, 海淀区, 北京市, 100098, 中国
- Duration: 0 days 00:06:30
- Distance: 0.49 km
- Average Speed: 4.88 km/h
- Average Bearing Change: 19.08°
- Max Speed: 6.39 km/h
- Min Speed: 1.70 km/h
- Speed Variability: 0.69 km/h
- Average Acceleration: 0.00 m/s²
- Max Acceleration: 0.16 m/s²
- Number of Turns: 33
- Turn Rate: 5.08 turns/min
- Average Turn Angle: 19.08°
- Turn Angle Variability: 18.69°
- Transport Mode: walk
    "
3.1033164919579566,10.008,7.591475546705478,0.24234558447098442,9.97538164207101,-0.00177458657676925,0.15596826914893325,0.02845840882373949,24,2.360655737704918,11.441621149005337,20.330615459064088,11.441621149005337,walk_cleaned.geojson,2008-12-11 15:17:48,2008-12-11 15:29:40,712.0,walk,307,51,16.612377850162865,232,50,2.78,"
Trip Summary:
- Start: 2008-12-11 15:17:48 at 中关村东路, 知春东里社区, 中关村街道, 海淀区, 北京市, 100190, 中国
- End: 2008-12-11 15:29:40 at 清华大学, 30, 双清路, 东升镇, 海淀区, 北京市, 100084, 中国
- Duration: 0 days 00:11:52
- Distance: 3.10 km
- Average Speed: 9.98 km/h
- Average Bearing Change: 11.44°
- Max Speed: 10.01 km/h
- Min Speed: 7.59 km/h
- Speed Variability: 0.24 km/h
- Average Acceleration: -0.00 m/s²
- Max Acceleration: 0.16 m/s²
- Number of Turns: 24
- Turn Rate: 2.36 turns/min
- Average Turn Angle: 11.44°
- Turn Angle Variability: 20.33°
- Transport Mode: walk
    "
20.79830758208008,24.984,0.11330774987709384,8.963388213267496,10.152637777539262,0.006462096717678208,1.0391558243092889,0.2309112197904154,41,1.937007874015748,44.35905882398649,51.55992158168101,44.35905882398649,subway_cleaned.geojson,2009-07-08 10:39:33,2009-07-08 11:13:28,2035.0,subway,259,157,60.61776061776062,16,156,6.94,"
Trip Summary:
- Start: 2009-07-08 10:39:33 at 立汤路, 来广营乡, 朝阳区, 北京市, 102218, 中国
- End: 2009-07-08 11:13:28 at 中关村街道, 海淀区, 北京市, 100098, 中国
- Duration: 0 days 00:33:55
- Distance: 20.80 km
- Average Speed: 10.15 km/h
- Average Bearing Change: 44.36°
- Max Speed: 24.98 km/h
- Min Speed: 0.11 km/h
- Speed Variability: 8.96 km/h
- Average Acceleration: 0.01 m/s²
- Max Acceleration: 1.04 m/s²
- Number of Turns: 41
- Turn Rate: 1.94 turns/min
- Average Turn Angle: 44.36°
- Turn Angle Variability: 51.56°
- Transport Mode: subway
    "
1.392599803903324,10.008,1.1891071848495969,1.9312740727430435,5.3824183483707255,0.0018028490286225106,0.17061593688464072,0.05314967998512283,37,3.0833333333333335,53.769353176015635,47.85818543358337,53.769353176015635,walk_cleaned.geojson,2009-07-08 11:13:43,2009-07-08 11:26:38,775.0,walk,78,12,15.384615384615385,3,11,2.78,"
Trip Summary:
- Start: 2009-07-08 11:13:43 at 中关村街道, 海淀区, 北京市, 100098, 中国
- End: 2009-07-08 11:26:38 at 中关村南三条, 中关村街道, 海淀区, 北京市, 100190, 中国
- Duration: 0 days 00:12:55
- Distance: 1.39 km
- Average Speed: 5.38 km/h
- Average Bearing Change: 53.77°
- Max Speed: 10.01 km/h
- Min Speed: 1.19 km/h
- Speed Variability: 1.93 km/h
- Average Acceleration: 0.00 m/s²
- Max Acceleration: 0.17 m/s²
- Number of Turns: 37
- Turn Rate: 3.08 turns/min
- Average Turn Angle: 53.77°
- Turn Angle Variability: 47.86°
- Transport Mode: walk
    "
0.8186871693733726,14.130192140908793,2.3323902947478645,2.324163742929116,6.4661936074646,-0.009675132424904545,0.9007132306413579,0.21361271169119594,29,4.53125,21.999209914687004,33.7875789088934,21.999209914687004,bus_cleaned.geojson,2009-01-06 00:13:25,2009-01-06 00:19:55,390.0,bus,152,4,2.631578947368421,1,3,11.11,"
Trip Summary:
- Start: 2009-01-06 00:13:25 at 菜户营南路, 天伦北里社区, 太平桥街道, 丰台区, 北京市, 100069, 中国
- End: 2009-01-06 00:19:55 at 首都医科大学, 右安门西滨河路, 玉林西里社区, 右安门街道, 菜户营村, 丰台区, 北京市, 100069, 中国
- Duration: 0 days 00:06:30
- Distance: 0.82 km
- Average Speed: 6.47 km/h
- Average Bearing Change: 22.00°
- Max Speed: 14.13 km/h
- Min Speed: 2.33 km/h
- Speed Variability: 2.32 km/h
- Average Acceleration: -0.01 m/s²
- Max Acceleration: 0.90 m/s²
- Number of Turns: 29
- Turn Rate: 4.53 turns/min
- Average Turn Angle: 22.00°
- Turn Angle Variability: 33.79°
- Transport Mode: bus
    "
2.067233064161742,39.996,0.6877635351835328,12.917798017741996,16.074851031737012,0.009403881729310396,1.5088651104126711,0.3387178911819844,29,4.094117647058824,33.376160261914556,41.69903699929499,33.376160261914556,bus_cleaned.geojson,2011-12-27 01:57:45,2011-12-27 02:04:50,425.0,bus,87,1,1.1494252873563218,8,0,11.11,"
Trip Summary:
- Start: 2011-12-27 01:57:45 at 知春路, 知春东里社区, 中关村街道, 海淀区, 北京市, 100098, 中国
- End: 2011-12-27 02:04:50 at 知识产权大厦, 21号, 海淀南路, 中关村核心区, 海淀街道, 六郎庄村, 海淀区, 北京市, 100872, 中国
- Duration: 0 days 00:07:05
- Distance: 2.07 km
- Average Speed: 16.07 km/h
- Average Bearing Change: 33.38°
- Max Speed: 40.00 km/h
- Min Speed: 0.69 km/h
- Speed Variability: 12.92 km/h
- Average Acceleration: 0.01 m/s²
- Max Acceleration: 1.51 m/s²
- Number of Turns: 29
- Turn Rate: 4.09 turns/min
- Average Turn Angle: 33.38°
- Turn Angle Variability: 41.70°
- Transport Mode: bus
    "
2.8940249770313664,8.507677571241173,0.9496432443814805,1.8929097404373831,4.030989816277159,0.0003115943268860505,0.20346594968067686,0.04700608097769553,54,2.9508196721311473,43.804625588964235,42.790404136936075,43.804625588964235,walk_cleaned.geojson,2011-12-27 01:54:55,2011-12-27 02:13:30,1115.0,walk,117,5,4.273504273504273,6,4,2.78,"
Trip Summary:
- Start: 2011-12-27 01:54:55 at 中关村东路, 知春东里社区, 中关村街道, 海淀区, 北京市, 100098, 中国
- End: 2011-12-27 02:13:30 at 中关村地下环廊, 中关村核心区, 海淀街道, 海淀区, 北京市, 100080, 中国
- Duration: 0 days 00:18:35
- Distance: 2.89 km
- Average Speed: 4.03 km/h
- Average Bearing Change: 43.80°
- Max Speed: 8.51 km/h
- Min Speed: 0.95 km/h
- Speed Variability: 1.89 km/h
- Average Acceleration: 0.00 m/s²
- Max Acceleration: 0.20 m/s²
- Number of Turns: 54
- Turn Rate: 2.95 turns/min
- Average Turn Angle: 43.80°
- Turn Angle Variability: 42.79°
- Transport Mode: walk
    "
4.3833075719193575,24.984,0.8385073496379781,3.901155700026633,15.29342541124881,-0.010673582539685809,2.176262616128674,0.37046106095993603,78,4.780388151174668,11.325690755396435,14.539744448487532,11.325690755396435,bike_cleaned.geojson,2008-06-30 16:24:57,2008-06-30 16:41:33,996.0,bike,872,20,2.293577981651376,29,19,6.94,"
Trip Summary:
- Start: 2008-06-30 16:24:57 at 知春路, 中关村街道, 海淀区, 北京市, 100098, 中国
- End: 2008-06-30 16:41:33 at 清华大学, 30, 双清路, 东升镇, 海淀区, 北京市, 100084, 中国
- Duration: 0 days 00:16:36
- Distance: 4.38 km
- Average Speed: 15.29 km/h
- Average Bearing Change: 11.33°
- Max Speed: 24.98 km/h
- Min Speed: 0.84 km/h
- Speed Variability: 3.90 km/h
- Average Acceleration: -0.01 m/s²
- Max Acceleration: 2.18 m/s²
- Number of Turns: 78
- Turn Rate: 4.78 turns/min
- Average Turn Angle: 11.33°
- Turn Angle Variability: 14.54°
- Transport Mode: bike
    "
11.857045410377653,39.996,0.0,13.17274527797141,14.39169213233556,0.0030271821235986172,2.301337271904948,0.3525699585585303,203,3.8325991189427313,20.616913470192117,39.11468364476884,20.616913470192117,bus_cleaned.geojson,2008-11-29 03:37:25,2008-11-29 04:30:57,3212.0,bus,1302,16,1.228878648233487,69,15,11.11,"
Trip Summary:
- Start: 2008-11-29 03:37:25 at 白云路, 月坛街道, 首都功能核心区, 西城区, 北京市, 100032, 中国
- End: 2008-11-29 04:30:57 at 中关村东路, 知春东里社区, 中关村街道, 海淀区, 北京市, 100190, 中国
- Duration: 0 days 00:53:32
- Distance: 11.86 km
- Average Speed: 14.39 km/h
- Average Bearing Change: 20.62°
- Max Speed: 40.00 km/h
- Min Speed: 0.00 km/h
- Speed Variability: 13.17 km/h
- Average Acceleration: 0.00 m/s²
- Max Acceleration: 2.30 m/s²
- Number of Turns: 203
- Turn Rate: 3.83 turns/min
- Average Turn Angle: 20.62°
- Turn Angle Variability: 39.11°
- Transport Mode: bus
    "
10.336921265635285,8.846490171431835,0.15375149973261532,1.8183392001515786,4.418665007540032,0.0027285533909690795,0.49183199797399196,0.10902711639670168,118,1.6249713105347718,25.3046886887101,28.77414754206111,25.3046886887101,walk_cleaned.geojson,2008-11-29 03:25:09,2008-11-29 04:37:47,4358.0,walk,433,6,1.3856812933025404,14,5,2.78,"
Trip Summary:
- Start: 2008-11-29 03:25:09 at 月坛街道, 首都功能核心区, 西城区, 北京市, 100032, 中国
- End: 2008-11-29 04:37:47 at 中关村南三条, 中关村街道, 海淀区, 北京市, 100190, 中国
- Duration: 0 days 01:12:38
- Distance: 10.34 km
- Average Speed: 4.42 km/h
- Average Bearing Change: 25.30°
- Max Speed: 8.85 km/h
- Min Speed: 0.15 km/h
- Speed Variability: 1.82 km/h
- Average Acceleration: 0.00 m/s²
- Max Acceleration: 0.49 m/s²
- Number of Turns: 118
- Turn Rate: 1.62 turns/min
- Average Turn Angle: 25.30°
- Turn Angle Variability: 28.77°
- Transport Mode: walk
    "
20.166257699331247,39.996,0.1998611787684879,13.79980015514186,16.56109609290236,0.02378842951996636,2.4056758540572347,0.38590746968172734,388,5.352954702230398,21.50596481176085,32.90526703641105,21.50596481176085,bus_cleaned.geojson,2008-10-31 08:08:28,2008-10-31 09:21:17,4369.0,bus,1936,11,0.5681818181818182,221,10,11.11,"
Trip Summary:
- Start: 2008-10-31 08:08:28 at 右安门西滨河路, 玉林里社区, 右安门街道, 菜户营村, 丰台区, 北京市, 100069, 中国
- End: 2008-10-31 09:21:17 at 中关村南四街, 知春东里社区, 中关村街道, 海淀区, 北京市, 100098, 中国
- Duration: 0 days 01:12:49
- Distance: 20.17 km
- Average Speed: 16.56 km/h
- Average Bearing Change: 21.51°
- Max Speed: 40.00 km/h
- Min Speed: 0.20 km/h
- Speed Variability: 13.80 km/h
- Average Acceleration: 0.02 m/s²
- Max Acceleration: 2.41 m/s²
- Number of Turns: 388
- Turn Rate: 5.35 turns/min
- Average Turn Angle: 21.51°
- Turn Angle Variability: 32.91°
- Transport Mode: bus
    "
13.29413074700147,10.008,0.15375272796605094,2.849852842574138,4.163185475837272,-0.005450986153794541,0.8591566067582487,0.16361629716945258,107,1.190652818991098,30.382329084917107,35.206621519646355,30.382329084917107,walk_cleaned.geojson,2008-10-31 08:06:59,2008-10-31 09:37:13,5414.0,walk,318,12,3.7735849056603774,31,11,2.78,"
Trip Summary:
- Start: 2008-10-31 08:06:59 at 右安门西滨河路, 玉林里社区, 右安门街道, 西铁营村, 丰台区, 北京市, 100069, 中国
- End: 2008-10-31 09:37:13 at 中关村南三条, 中关村街道, 海淀区, 北京市, 100190, 中国
- Duration: 0 days 01:30:14
- Distance: 13.29 km
- Average Speed: 4.16 km/h
- Average Bearing Change: 30.38°
- Max Speed: 10.01 km/h
- Min Speed: 0.15 km/h
- Speed Variability: 2.85 km/h
- Average Acceleration: -0.01 m/s²
- Max Acceleration: 0.86 m/s²
- Number of Turns: 107
- Turn Rate: 1.19 turns/min
- Average Turn Angle: 30.38°
- Turn Angle Variability: 35.21°
- Transport Mode: walk
    "
23.737978985060632,24.984,0.07994589007851811,10.228746552410879,14.98831902270187,-0.001402121226081363,3.1621042091392644,0.3186734823444586,88,3.215590742996346,29.56067560359261,49.564522864347055,29.56067560359261,subway_cleaned.geojson,2009-09-10 11:12:44,2009-09-10 11:54:39,2515.0,subway,1233,855,69.34306569343066,111,854,6.94,"
Trip Summary:
- Start: 2009-09-10 11:12:44 at 知春路, 花园路街道, 中关村街道, 海淀区, 北京市, 100081, 中国
- End: 2009-09-10 11:54:39 at 天通苑南, 立汤路, 天通苑北街道, 东小口镇, 昌平区, 北京市, 102218, 中国
- Duration: 0 days 00:41:55
- Distance: 23.74 km
- Average Speed: 14.99 km/h
- Average Bearing Change: 29.56°
- Max Speed: 24.98 km/h
- Min Speed: 0.08 km/h
- Speed Variability: 10.23 km/h
- Average Acceleration: -0.00 m/s²
- Max Acceleration: 3.16 m/s²
- Number of Turns: 88
- Turn Rate: 3.22 turns/min
- Average Turn Angle: 29.56°
- Turn Angle Variability: 49.56°
- Transport Mode: subway
    "
2.3348961164716124,9.262551940810566,0.32045394456664805,2.51448144151975,3.601584656987305,0.00037382794787041846,0.3479000947202674,0.05657124613918169,40,3.0112923462986196,35.43533422707999,40.581742435496054,35.43533422707999,walk_cleaned.geojson,2009-09-10 11:47:30,2009-09-10 12:01:03,813.0,walk,126,5,3.968253968253968,2,4,2.78,"
Trip Summary:
- Start: 2009-09-10 11:47:30 at 立水桥, 立汤路, 来广营乡, 朝阳区, 北京市, 102218, 中国
- End: 2009-09-10 12:01:03 at 太平庄中街, 天通苑南街道, 中滩村, 昌平区, 北京市, 102218, 中国
- Duration: 0 days 00:13:33
- Distance: 2.33 km
- Average Speed: 3.60 km/h
- Average Bearing Change: 35.44°
- Max Speed: 9.26 km/h
- Min Speed: 0.32 km/h
- Speed Variability: 2.51 km/h
- Average Acceleration: 0.00 m/s²
- Max Acceleration: 0.35 m/s²
- Number of Turns: 40
- Turn Rate: 3.01 turns/min
- Average Turn Angle: 35.44°
- Turn Angle Variability: 40.58°
- Transport Mode: walk
    "
14.290670378566176,39.996,0.0,14.29433314717497,16.11752325315333,0.032188679697850615,1.9251553302243831,0.37694227252774265,278,5.1259987707437,23.02436524271316,40.052822417977715,23.02436524271316,bus_cleaned.geojson,2008-09-10 23:27:58,2008-09-11 00:22:30,3272.0,bus,1425,10,0.7017543859649122,150,9,11.11,"
Trip Summary:
- Start: 2008-09-10 23:27:58 at 北四环中路, 花园路街道, 海淀区, 北京市, 100083, 中国
- End: 2008-09-11 00:22:30 at 工人体育场北路, 东直门, 东直门街道, 首都功能核心区, 东城区, 北京市, 100010, 中国
- Duration: 0 days 00:54:32
- Distance: 14.29 km
- Average Speed: 16.12 km/h
- Average Bearing Change: 23.02°
- Max Speed: 40.00 km/h
- Min Speed: 0.00 km/h
- Speed Variability: 14.29 km/h
- Average Acceleration: 0.03 m/s²
- Max Acceleration: 1.93 m/s²
- Number of Turns: 278
- Turn Rate: 5.13 turns/min
- Average Turn Angle: 23.02°
- Turn Angle Variability: 40.05°
- Transport Mode: bus
    "
0.6857925358676141,10.008,0.1347859740107873,1.836956782901781,4.381349145722281,-0.0003644514754092707,0.5088292697068739,0.14854052384326716,88,12.0,36.21375943900998,34.41506413773383,36.21375943900998,walk_cleaned.geojson,2008-09-11 00:22:36,2008-09-11 00:30:12,456.0,walk,216,9,4.166666666666666,10,8,2.78,"
Trip Summary:
- Start: 2008-09-11 00:22:36 at 工人体育场北路, 东直门街道, 首都功能核心区, 东城区, 北京市, 100010, 中国
- End: 2008-09-11 00:30:12 at 巫山烤全鱼, 东中街, 东直门, 东直门街道, 首都功能核心区, 东城区, 北京市, 100010, 中国
- Duration: 0 days 00:07:36
- Distance: 0.69 km
- Average Speed: 4.38 km/h
- Average Bearing Change: 36.21°
- Max Speed: 10.01 km/h
- Min Speed: 0.13 km/h
- Speed Variability: 1.84 km/h
- Average Acceleration: -0.00 m/s²
- Max Acceleration: 0.51 m/s²
- Number of Turns: 88
- Turn Rate: 12.00 turns/min
- Average Turn Angle: 36.21°
- Turn Angle Variability: 34.42°
- Transport Mode: walk
    "
7.709643398458729,39.996,0.0,14.945014597617451,17.12028498062377,0.02175212783389931,4.1653153025176035,0.467625520716879,176,5.935919055649242,27.788528546297158,41.59492012219374,27.788528546297158,bus_cleaned.geojson,2008-09-13 10:42:13,2008-09-13 11:12:02,1789.0,bus,727,6,0.8253094910591471,79,5,11.11,"
Trip Summary:
- Start: 2008-09-13 10:42:13 at 宫门前街, 青龙桥街道, 海淀区, 北京市, 100091, 中国
- End: 2008-09-13 11:12:02 at 知春路, 中关村街道, 海淀区, 北京市, 100098, 中国
- Duration: 0 days 00:29:49
- Distance: 7.71 km
- Average Speed: 17.12 km/h
- Average Bearing Change: 27.79°
- Max Speed: 40.00 km/h
- Min Speed: 0.00 km/h
- Speed Variability: 14.95 km/h
- Average Acceleration: 0.02 m/s²
- Max Acceleration: 4.17 m/s²
- Number of Turns: 176
- Turn Rate: 5.94 turns/min
- Average Turn Angle: 27.79°
- Turn Angle Variability: 41.59°
- Transport Mode: bus
    "
1.4663292486653126,50.004000000000005,0.42827801232719676,17.987035817819276,14.292112068661837,0.0075815694405227015,1.8122623074307116,0.5064717955868157,33,5.59322033898305,24.190175504969456,28.840782814791655,24.190175504969456,taxi_cleaned.geojson,2008-09-13 06:15:00,2008-09-13 06:21:00,360.0,taxi,124,4,3.225806451612903,12,3,13.89,"
Trip Summary:
- Start: 2008-09-13 06:15:00 at 元大都城垣遗址公园, 健安西路, 花园路街道, 海淀区, 北京市, 100088, 中国
- End: 2008-09-13 06:21:00 at 知春路, 花园路街道, 中关村街道, 海淀区, 北京市, 100081, 中国
- Duration: 0 days 00:06:00
- Distance: 1.47 km
- Average Speed: 14.29 km/h
- Average Bearing Change: 24.19°
- Max Speed: 50.00 km/h
- Min Speed: 0.43 km/h
- Speed Variability: 17.99 km/h
- Average Acceleration: 0.01 m/s²
- Max Acceleration: 1.81 m/s²
- Number of Turns: 33
- Turn Rate: 5.59 turns/min
- Average Turn Angle: 24.19°
- Turn Angle Variability: 28.84°
- Transport Mode: taxi
    "
2.621488203873854,4.9974953770761,0.428263261156479,0.7296482184861548,2.4527222075345696,-0.0001331579958151135,0.17614913852973405,0.03927761891464434,349,5.444617784711389,19.302698421263536,19.979407924503704,19.302698421263536,boat_cleaned.geojson,2008-09-13 08:47:25,2008-09-13 09:51:35,3850.0,boat,1803,2,0.11092623405435387,1,1,6.94,"
Trip Summary:
- Start: 2008-09-13 08:47:25 at 长廊, 青龙桥街道, 海淀区, 北京市, 100093, 中国
- End: 2008-09-13 09:51:35 at 长廊, 青龙桥街道, 海淀区, 北京市, 100093, 中国
- Duration: 0 days 01:04:10
- Distance: 2.62 km
- Average Speed: 2.45 km/h
- Average Bearing Change: 19.30°
- Max Speed: 5.00 km/h
- Min Speed: 0.43 km/h
- Speed Variability: 0.73 km/h
- Average Acceleration: -0.00 m/s²
- Max Acceleration: 0.18 m/s²
- Number of Turns: 349
- Turn Rate: 5.44 turns/min
- Average Turn Angle: 19.30°
- Turn Angle Variability: 19.98°
- Transport Mode: boat
    "
0.42292517413408925,8.601531120561496,0.07391156183257411,2.2326856042793497,2.3149694363554403,-0.006601106242376692,0.3444897818583133,0.08675975423536542,32,3.3449477351916377,40.56850566392298,41.606905803896005,40.56850566392298,walk_cleaned.geojson,2008-09-13 11:40:43,2008-09-13 11:50:27,584.0,walk,81,8,9.876543209876543,6,7,2.78,"
Trip Summary:
- Start: 2008-09-13 11:40:43 at 星规路, 知春东里社区, 中关村街道, 海淀区, 北京市, 100098, 中国
- End: 2008-09-13 11:50:27 at 中航科技大厦, 56, 知春路, 知春东里社区, 中关村街道, 海淀区, 北京市, 100098, 中国
- Duration: 0 days 00:09:44
- Distance: 0.42 km
- Average Speed: 2.31 km/h
- Average Bearing Change: 40.57°
- Max Speed: 8.60 km/h
- Min Speed: 0.07 km/h
- Speed Variability: 2.23 km/h
- Average Acceleration: -0.01 m/s²
- Max Acceleration: 0.34 m/s²
- Number of Turns: 32
- Turn Rate: 3.34 turns/min
- Average Turn Angle: 40.57°
- Turn Angle Variability: 41.61°
- Transport Mode: walk
    "
4.3616999339729245,20.987989950466584,0.10085814137202342,6.777220410127815,12.180482033546554,0.0019878868043531105,0.5507994386056563,0.07950220709627619,43,2.1717171717171717,25.359171026834815,40.63864420405519,25.359171026834815,bike_cleaned.geojson,2008-09-19 18:20:39,2008-09-19 18:40:39,1200.0,bike,228,4,1.7543859649122806,9,3,6.94,"
Trip Summary:
- Start: 2008-09-19 18:20:39 at 清芬园餐厅, 祖龙广场, 清华园街道, 西洼村, 海淀区, 北京市, 100084, 中国
- End: 2008-09-19 18:40:39 at 中关村街道, 海淀区, 北京市, 100098, 中国
- Duration: 0 days 00:20:00
- Distance: 4.36 km
- Average Speed: 12.18 km/h
- Average Bearing Change: 25.36°
- Max Speed: 20.99 km/h
- Min Speed: 0.10 km/h
- Speed Variability: 6.78 km/h
- Average Acceleration: 0.00 m/s²
- Max Acceleration: 0.55 m/s²
- Number of Turns: 43
- Turn Rate: 2.17 turns/min
- Average Turn Angle: 25.36°
- Turn Angle Variability: 40.64°
- Transport Mode: bike
    "
0.05089366626534243,5.6126591484905815,0.0,2.026774546098402,3.2468762904289075,0.02030298976284801,0.20004396396196328,0.09551978245742349,3,3.5999999999999996,27.654113980880442,39.61410195239601,27.654113980880442,walk_cleaned.geojson,2008-09-19 18:40:52,2008-09-19 18:41:44,52.0,walk,13,1,7.6923076923076925,0,0,2.78,"
Trip Summary:
- Start: 2008-09-19 18:40:52 at 中关村街道, 海淀区, 北京市, 100098, 中国
- End: 2008-09-19 18:41:44 at 希格玛大厦, 知春路, 中关村街道, 海淀区, 北京市, 100098, 中国
- Duration: 0 days 00:00:52
- Distance: 0.05 km
- Average Speed: 3.25 km/h
- Average Bearing Change: 27.65°
- Max Speed: 5.61 km/h
- Min Speed: 0.00 km/h
- Speed Variability: 2.03 km/h
- Average Acceleration: 0.02 m/s²
- Max Acceleration: 0.20 m/s²
- Number of Turns: 3
- Turn Rate: 3.60 turns/min
- Average Turn Angle: 27.65°
- Turn Angle Variability: 39.61°
- Transport Mode: walk
    "
2.5422229555580285,24.984,0.02039541612317898,7.857100081276297,9.108684204621797,-0.0006794492264504455,1.7267005098897472,0.27019840816061336,103,6.18,26.81299614213117,33.81775806430969,26.81299614213117,bike_cleaned.geojson,2008-04-30 23:58:37,2008-05-01 00:12:35,838.0,bike,363,10,2.7548209366391188,29,9,6.94,"
Trip Summary:
- Start: 2008-04-30 23:58:37 at 清华大学, 30, 双清路, 东升镇, 海淀区, 北京市, 100084, 中国
- End: 2008-05-01 00:12:35 at 成府路, 清华园, 学院路街道, 中关村街道, 海淀区, 北京市, 100190, 中国
- Duration: 0 days 00:13:58
- Distance: 2.54 km
- Average Speed: 9.11 km/h
- Average Bearing Change: 26.81°
- Max Speed: 24.98 km/h
- Min Speed: 0.02 km/h
- Speed Variability: 7.86 km/h
- Average Acceleration: -0.00 m/s²
- Max Acceleration: 1.73 m/s²
- Number of Turns: 103
- Turn Rate: 6.18 turns/min
- Average Turn Angle: 26.81°
- Turn Angle Variability: 33.82°
- Transport Mode: bike
    "
17.544749441031414,39.996,0.14959765939528752,15.845177523340908,30.204990913166476,0.008149801725735142,2.426736513820956,0.1791650017163867,147,4.238346948582413,14.268269011944941,34.107174489562155,14.268269011944941,bus_cleaned.geojson,2008-05-01 07:30:25,2008-05-01 08:05:43,2118.0,bus,1340,36,2.6865671641791042,817,35,11.11,"
Trip Summary:
- Start: 2008-05-01 07:30:25 at 四合永, 车站南胡同, 营字社区, 围场满族蒙古族自治县 ᠸᠧᠢᠴᠠᠩ ᠮᠠᠨᠵᠤ ᠮᠣᠩᠭᠣᠯ ᠥᠪᠡᠷᠲᠡᠭᠡᠨ ᠵᠠᠰᠠᠬᠤ ᠰᠢᠶᠠᠨ, 承德市, 河北省, 中国
- End: 2008-05-01 08:05:43 at 迎宾社区, 围场满族蒙古族自治县 ᠸᠧᠢᠴᠠᠩ ᠮᠠᠨᠵᠤ ᠮᠣᠩᠭᠣᠯ ᠥᠪᠡᠷᠲᠡᠭᠡᠨ ᠵᠠᠰᠠᠬᠤ ᠰᠢᠶᠠᠨ, 承德市, 河北省, 中国
- Duration: 0 days 00:35:18
- Distance: 17.54 km
- Average Speed: 30.20 km/h
- Average Bearing Change: 14.27°
- Max Speed: 40.00 km/h
- Min Speed: 0.15 km/h
- Speed Variability: 15.85 km/h
- Average Acceleration: 0.01 m/s²
- Max Acceleration: 2.43 m/s²
- Number of Turns: 147
- Turn Rate: 4.24 turns/min
- Average Turn Angle: 14.27°
- Turn Angle Variability: 34.11°
- Transport Mode: bus
    "
0.49911657700325485,6.328822232497923,0.0,1.6141234913572486,3.5535654049442305,-0.005014329876434664,0.31647086595236706,0.08366120005291079,61,4.945945945945946,31.274670839635796,38.04329415290331,31.274670839635796,walk_cleaned.geojson,2008-05-01 09:12:19,2008-05-01 09:24:49,750.0,walk,222,4,1.8018018018018018,0,3,2.78,"
Trip Summary:
- Start: 2008-05-01 09:12:19 at 锥峰社区, 九号, 围场满族蒙古族自治县 ᠸᠧᠢᠴᠠᠩ ᠮᠠᠨᠵᠤ ᠮᠣᠩᠭᠣᠯ ᠥᠪᠡᠷᠲᠡᠭᠡᠨ ᠵᠠᠰᠠᠬᠤ ᠰᠢᠶᠠᠨ, 承德市, 河北省, 中国
- End: 2008-05-01 09:24:49 at 锥峰社区, 九号, 围场满族蒙古族自治县 ᠸᠧᠢᠴᠠᠩ ᠮᠠᠨᠵᠤ ᠮᠣᠩᠭᠣᠯ ᠥᠪᠡᠷᠲᠡᠭᠡᠨ ᠵᠠᠰᠠᠬᠤ ᠰᠢᠶᠠᠨ, 承德市, 河北省, 中国
- Duration: 0 days 00:12:30
- Distance: 0.50 km
- Average Speed: 3.55 km/h
- Average Bearing Change: 31.27°
- Max Speed: 6.33 km/h
- Min Speed: 0.00 km/h
- Speed Variability: 1.61 km/h
- Average Acceleration: -0.01 m/s²
- Max Acceleration: 0.32 m/s²
- Number of Turns: 61
- Turn Rate: 4.95 turns/min
- Average Turn Angle: 31.27°
- Turn Angle Variability: 38.04°
- Transport Mode: walk
    "
0.3236521386530485,5.69901215957064,1.9757734975387087,1.4842323554072836,4.091330493686078,0.00034117967477935635,0.1539824618329942,0.049949313914463035,10,4.6875,67.48167622319514,53.08887555358132,67.48167622319514,walk_cleaned.geojson,2008-10-27 09:44:34,2008-10-27 09:46:14,100.0,walk,23,6,26.08695652173913,1,5,2.78,"
Trip Summary:
- Start: 2008-10-27 09:44:34 at 世界资源研究所, 9, 东中街, 东直门, 东直门街道, 首都功能核心区, 东城区, 北京市, 100027, 中国
- End: 2008-10-27 09:46:14 at 东直门, 东直门街道, 首都功能核心区, 东城区, 北京市, 100010, 中国
- Duration: 0 days 00:01:40
- Distance: 0.32 km
- Average Speed: 4.09 km/h
- Average Bearing Change: 67.48°
- Max Speed: 5.70 km/h
- Min Speed: 1.98 km/h
- Speed Variability: 1.48 km/h
- Average Acceleration: 0.00 m/s²
- Max Acceleration: 0.15 m/s²
- Number of Turns: 10
- Turn Rate: 4.69 turns/min
- Average Turn Angle: 67.48°
- Turn Angle Variability: 53.09°
- Transport Mode: walk
    "
